# Chattooga River near Clayton, GA (USGS 02177000); catchment area 536 km2, ~34.81N.
# prcp_mm, tmean_c: Daymet v4 (ORNL DAAC, public domain; Thornton et al. 2022).
# pet_mm: Oudin et al. (2005) estimate from tmean.
# q_mm: USGS NWIS daily discharge (public domain), converted to mm/day.
date,prcp_mm,tmean_c,pet_mm,q_mm
1991-01-01,0.0,5.52,0.732,4.1618
1991-01-02,0.0,6.76,0.821,3.6279
1991-01-03,8.68,5.35,0.725,3.4317
1991-01-04,0.0,6.7,0.823,3.5412
1991-01-05,0.0,7.38,0.873,3.2081
1991-01-06,4.37,8.65,0.967,3.0255
1991-01-07,6.96,10.49,1.102,3.021
1991-01-08,6.94,5.36,0.74,3.3906
1991-01-09,0.0,5.46,0.751,3.1625
1991-01-10,35.06,6.26,0.813,2.9571
1991-01-11,26.87,6.21,0.813,7.986
1991-01-12,0.0,7.92,0.942,7.3927
1991-01-13,0.0,3.8,0.646,5.2479
1991-01-14,0.0,2.97,0.588,4.4402
1991-01-15,16.67,2.64,0.568,4.0888
1991-01-16,0.0,8.28,0.992,6.6626
1991-01-17,0.0,7.17,0.915,5.2479
1991-01-18,0.0,5.78,0.816,4.495
1991-01-19,8.59,4.53,0.726,4.1527
1991-01-20,0.0,6.85,0.909,4.2805
1991-01-21,0.0,1.5,0.502,3.8424
1991-01-22,0.0,-2.6,0.187,3.5458
1991-01-23,0.0,-1.28,0.291,3.3587
1991-01-24,9.03,-0.76,0.335,3.2948
1991-01-25,0.0,0.98,0.476,3.1625
1991-01-26,0.0,1.51,0.522,3.0119
1991-01-27,0.0,3.27,0.668,2.9252
1991-01-28,0.0,7.99,1.058,2.8613
1991-01-29,9.55,8.19,1.083,2.7654
1991-01-30,24.26,9.35,1.187,3.5595
1991-01-31,0.0,6.6,0.968,4.6091
1991-02-01,0.0,2.74,0.651,3.4682
1991-02-02,0.0,5.03,0.851,3.167
1991-02-03,0.0,7.82,1.097,3.0073
1991-02-04,0.0,9.99,1.294,2.875
1991-02-05,4.49,9.84,1.291,2.7654
1991-02-06,5.62,11.16,1.419,2.875
1991-02-07,0.0,12.22,1.525,2.9617
1991-02-08,0.0,10.47,1.382,2.7152
1991-02-09,0.0,9.33,1.291,2.6011
1991-02-10,0.0,8.69,1.244,2.5236
1991-02-11,0.0,7.39,1.136,2.4414
1991-02-12,0.0,7.38,1.145,2.3821
1991-02-13,27.46,6.59,1.082,2.4597
1991-02-14,0.0,8.71,1.291,4.3626
1991-02-15,0.0,-3.32,0.16,3.3039
1991-02-16,0.0,-5.39,0.0,2.7928
1991-02-17,15.25,-2.62,0.231,2.8111
1991-02-18,10.12,5.0,0.975,3.7785
1991-02-19,14.81,10.88,1.563,3.7831
1991-02-20,10.17,13.84,1.871,4.7003
1991-02-21,0.0,11.59,1.663,4.5087
1991-02-22,6.02,11.36,1.655,3.8652
1991-02-23,0.0,9.82,1.512,3.6599
1991-02-24,0.0,8.94,1.434,3.3404
1991-02-25,0.0,9.75,1.531,3.1488
1991-02-26,0.0,5.13,1.061,3.0073
1991-02-27,0.0,3.97,0.948,2.8795
1991-02-28,0.0,5.88,1.159,2.7837
1991-03-01,24.86,6.65,1.252,2.7791
1991-03-02,24.64,12.92,1.943,5.3392
1991-03-03,16.31,13.11,1.98,5.3848
1991-03-04,0.0,8.0,1.433,5.7499
1991-03-05,0.0,8.15,1.462,4.463
1991-03-06,5.79,8.84,1.551,4.0204
1991-03-07,5.72,12.78,2.01,3.9702
1991-03-08,11.1,7.3,1.402,4.0067
1991-03-09,0.0,5.76,1.236,4.0614
1991-03-10,0.0,5.31,1.194,3.6507
1991-03-11,0.0,6.56,1.35,3.4545
1991-03-12,26.0,7.28,1.445,3.2994
1991-03-13,0.0,8.36,1.586,4.098
1991-03-14,0.0,7.94,1.547,3.7694
1991-03-15,0.0,7.94,1.559,3.4226
1991-03-16,0.0,8.18,1.601,3.2263
1991-03-17,11.13,8.45,1.646,3.1442
1991-03-18,0.0,12.0,2.096,4.6091
1991-03-19,0.0,10.04,1.868,3.9976
1991-03-20,0.0,11.19,2.026,3.5777
1991-03-21,0.0,12.38,2.191,3.3815
1991-03-22,0.0,17.35,2.837,3.2355
1991-03-23,0.0,18.81,3.044,3.1807
1991-03-24,0.0,18.23,2.99,3.0757
1991-03-25,0.0,16.08,2.732,2.9343
1991-03-26,0.0,14.98,2.607,2.8476
1991-03-27,11.98,15.26,2.662,2.7837
1991-03-28,24.91,16.63,2.861,3.0849
1991-03-29,51.3,14.26,2.564,12.1843
1991-03-30,0.0,9.86,1.991,11.4998
1991-03-31,0.0,8.98,1.884,6.9364
1991-04-01,0.0,11.16,2.193,5.7499
1991-04-02,0.0,12.8,2.43,5.0654
1991-04-03,0.0,13.23,2.504,4.6547
1991-04-04,8.54,11.21,2.24,4.4174
1991-04-05,18.57,15.05,2.787,5.7499
1991-04-06,0.0,16.36,2.986,5.5674
1991-04-07,0.0,17.36,3.143,4.7916
1991-04-08,13.27,18.82,3.367,4.6091
1991-04-09,8.14,20.18,3.579,4.9741
1991-04-10,0.0,17.66,3.239,4.7003
1991-04-11,0.0,13.76,2.696,4.2851
1991-04-12,11.87,13.14,2.62,4.098
1991-04-13,13.34,12.66,2.563,6.0693
1991-04-14,3.99,15.4,2.977,6.6626
1991-04-15,0.0,20.24,3.7,6.5713
1991-04-16,0.0,17.96,3.384,5.9781
1991-04-17,0.0,18.92,3.541,5.2023
1991-04-18,30.22,18.29,3.464,4.7916
1991-04-19,20.24,17.61,3.378,7.8947
1991-04-20,0.0,15.66,3.1,7.484
1991-04-21,0.0,11.96,2.556,7.3015
1991-04-22,0.0,11.75,2.536,5.9781
1991-04-23,0.0,13.26,2.776,5.3392
1991-04-24,0.0,15.1,3.069,4.9741
1991-04-25,0.0,12.28,2.65,4.6547
1991-04-26,3.84,15.21,3.11,4.4356
1991-04-27,17.02,17.02,3.401,4.7003
1991-04-28,9.75,20.2,3.908,5.2936
1991-04-29,17.83,19.54,3.819,5.1567
1991-04-30,3.9,19.27,3.791,5.4761
1991-05-01,0.0,20.12,3.938,4.8372
1991-05-02,0.0,18.47,3.692,4.4265
1991-05-03,0.0,16.93,3.462,4.1983
1991-05-04,14.75,17.45,3.554,4.1071
1991-05-05,27.97,18.27,3.697,4.4356
1991-05-06,6.63,19.27,3.867,5.7499
1991-05-07,0.0,15.35,3.252,4.4904
1991-05-08,7.05,15.71,3.319,4.1892
1991-05-09,19.05,16.23,3.412,4.4585
1991-05-10,8.71,18.9,3.853,5.5217
1991-05-11,8.83,19.94,4.03,5.4761
1991-05-12,10.11,20.6,4.149,5.111
1991-05-13,2.65,21.24,4.263,5.3392
1991-05-14,0.0,21.81,4.366,5.111
1991-05-15,17.2,22.25,4.448,4.9741
1991-05-16,18.05,22.14,4.44,7.3471
1991-05-17,10.21,22.32,4.481,6.617
1991-05-18,8.85,22.76,4.562,6.7082
1991-05-19,3.19,19.51,4.036,6.8451
1991-05-20,4.95,15.28,3.347,6.3888
1991-05-21,3.79,17.2,3.671,5.8868
1991-05-22,1.88,19.58,4.071,5.4761
1991-05-23,1.6,20.45,4.223,5.0654
1991-05-24,0.0,22.06,4.499,4.7916
1991-05-25,0.0,22.3,4.545,4.536
1991-05-26,8.82,22.22,4.54,4.3444
1991-05-27,18.59,23.74,4.8,4.6547
1991-05-28,0.0,24.65,4.959,5.6586
1991-05-29,11.3,25.06,5.036,7.6665
1991-05-30,0.0,25.18,5.062,6.617
1991-05-31,0.0,25.22,5.076,5.0198
1991-06-01,11.62,25.42,5.115,4.6547
1991-06-02,2.8,24.35,4.94,4.3718
1991-06-03,4.4,23.84,4.858,4.1801
1991-06-04,0.0,23.83,4.862,3.9747
1991-06-05,0.0,21.18,4.42,3.669
1991-06-06,0.0,18.39,3.951,3.4043
1991-06-07,0.0,17.26,3.764,3.2674
1991-06-08,0.0,18.0,3.892,3.1488
1991-06-09,0.0,19.54,4.155,3.0666
1991-06-10,0.0,20.24,4.276,2.9525
1991-06-11,0.0,20.48,4.32,2.843
1991-06-12,5.66,22.06,4.59,2.7791
1991-06-13,7.57,23.28,4.799,2.77
1991-06-14,12.66,24.25,4.965,2.8841
1991-06-15,23.62,23.39,4.82,3.1031
1991-06-16,14.1,24.46,5.003,3.1579
1991-06-17,18.38,23.6,4.859,3.2902
1991-06-18,12.13,23.74,4.883,3.491
1991-06-19,7.98,23.22,4.794,5.2936
1991-06-20,19.63,23.62,4.863,4.6547
1991-06-21,20.59,24.52,5.014,3.8424
1991-06-22,9.92,23.45,4.832,3.9474
1991-06-23,0.0,23.56,4.849,3.2309
1991-06-24,0.0,21.1,4.432,2.9662
1991-06-25,8.2,19.91,4.228,2.8521
1991-06-26,18.92,17.73,3.855,3.3404
1991-06-27,8.13,19.42,4.142,3.5732
1991-06-28,0.0,23.24,4.786,3.2857
1991-06-29,0.0,24.5,4.996,2.9617
1991-06-30,0.0,25.02,5.083,3.0073
1991-07-01,0.0,25.76,5.203,3.3085
1991-07-02,17.43,26.06,5.25,3.0666
1991-07-03,0.0,25.54,5.159,3.5184
1991-07-04,3.74,24.26,4.937,2.8613
1991-07-05,0.0,24.78,5.02,2.6194
1991-07-06,0.0,24.34,4.941,2.4414
1991-07-07,0.0,25.13,5.069,2.3365
1991-07-08,0.0,24.93,5.03,2.2635
1991-07-09,0.0,25.41,5.105,2.1996
1991-07-10,0.0,25.74,5.153,2.1494
1991-07-11,0.0,25.76,5.151,2.2224
1991-07-12,0.0,26.24,5.224,2.0398
1991-07-13,0.0,26.48,5.256,1.9531
1991-07-14,0.0,25.07,5.013,1.8756
1991-07-15,0.0,24.06,4.837,1.8026
1991-07-16,9.57,23.32,4.706,1.8847
1991-07-17,22.48,21.74,4.435,2.2133
1991-07-18,20.95,22.72,4.589,3.1259
1991-07-19,14.91,24.74,4.915,3.4545
1991-07-20,12.48,24.88,4.929,3.4499
1991-07-21,0.0,25.88,5.084,3.1305
1991-07-22,0.0,26.14,5.116,2.9662
1991-07-23,0.0,26.75,5.206,2.446
1991-07-24,17.13,26.46,5.147,2.2041
1991-07-25,37.6,24.08,4.747,3.1944
1991-07-26,11.57,23.4,4.624,5.7499
1991-07-27,0.0,24.52,4.795,4.1892
1991-07-28,0.0,23.54,4.625,3.5503
1991-07-29,15.04,24.44,4.76,3.2263
1991-07-30,12.89,24.32,4.728,3.3404
1991-07-31,4.21,24.16,4.688,3.2263
1991-08-01,18.38,23.48,4.566,2.9982
1991-08-02,0.0,23.92,4.624,3.0712
1991-08-03,0.0,25.39,4.845,4.8372
1991-08-04,0.0,25.33,4.82,3.2355
1991-08-05,0.0,25.52,4.836,2.7426
1991-08-06,0.0,25.85,4.873,2.6011
1991-08-07,4.17,25.2,4.755,2.6742
1991-08-08,9.43,25.44,4.777,2.8567
1991-08-09,15.32,25.06,4.7,2.7244
1991-08-10,6.97,24.6,4.612,2.697
1991-08-11,27.32,22.66,4.295,2.5966
1991-08-12,18.59,21.43,4.089,3.4865
1991-08-13,0.0,21.06,4.018,3.5503
1991-08-14,23.42,20.23,3.874,3.2628
1991-08-15,0.0,21.21,4.009,3.3997
1991-08-16,0.0,21.3,4.006,2.7883
1991-08-17,0.0,21.93,4.087,2.5008
1991-08-18,0.0,23.0,4.232,2.3593
1991-08-19,0.0,23.58,4.302,2.2817
1991-08-20,0.0,21.05,3.903,2.2635
1991-08-21,0.0,19.42,3.644,2.0718
1991-08-22,0.0,20.96,3.855,1.9851
1991-08-23,0.0,21.35,3.895,1.9303
1991-08-24,0.0,22.26,4.011,1.8573
1991-08-25,43.02,22.08,3.965,1.9303
1991-08-26,43.67,21.12,3.808,7.3471
1991-08-27,0.0,23.94,4.196,5.7043
1991-08-28,13.05,24.46,4.252,4.0021
1991-08-29,0.0,24.74,4.269,4.6091
1991-08-30,0.0,24.58,4.225,5.111
1991-08-31,0.0,24.38,4.173,4.1345
1991-09-01,0.0,23.98,4.094,3.6234
1991-09-02,0.0,22.14,3.814,4.6091
1991-09-03,0.0,18.94,3.347,3.8287
1991-09-04,0.0,20.77,3.581,3.7238
1991-09-05,0.0,22.01,3.731,3.4408
1991-09-06,0.0,22.84,3.825,3.0438
1991-09-07,7.43,22.8,3.796,3.1533
1991-09-08,0.0,22.96,3.795,2.8704
1991-09-09,0.0,22.35,3.69,2.9343
1991-09-10,0.0,21.12,3.502,2.9023
1991-09-11,0.0,22.86,3.713,2.6605
1991-09-12,0.0,23.92,3.83,2.3912
1991-09-13,0.0,24.28,3.852,2.3091
1991-09-14,0.0,25.46,3.98,2.3319
1991-09-15,0.0,25.75,3.992,2.2087
1991-09-16,11.8,25.58,3.943,2.2452
1991-09-17,0.0,25.3,3.881,2.4825
1991-09-18,5.01,24.02,3.692,2.2817
1991-09-19,16.43,23.1,3.55,3.2172
1991-09-20,0.0,18.01,2.886,2.4506
1991-09-21,0.0,14.36,2.411,2.2406
1991-09-22,0.0,14.84,2.454,2.1402
1991-09-23,0.0,16.96,2.695,2.0809
1991-09-24,10.24,17.36,2.725,2.0855
1991-09-25,13.89,18.98,2.9,2.4916
1991-09-26,0.0,15.58,2.47,2.519
1991-09-27,0.0,14.27,2.295,2.0764
1991-09-28,0.0,14.61,2.318,1.9668
1991-09-29,0.0,15.88,2.448,1.8938
1991-09-30,0.0,16.92,2.551,1.8573
1991-10-01,0.0,16.72,2.507,1.7797
1991-10-02,0.0,17.59,2.587,1.7067
1991-10-03,0.0,18.92,2.718,1.6976
1991-10-04,0.0,18.72,2.672,1.6246
1991-10-05,1.71,19.88,2.78,1.6246
1991-10-06,0.0,14.4,2.151,1.6656
1991-10-07,0.0,9.04,1.544,1.5424
1991-10-08,0.0,9.8,1.614,1.5059
1991-10-09,0.0,11.53,1.787,1.4968
1991-10-10,0.0,14.67,2.109,1.474
1991-10-11,0.0,14.76,2.101,1.4557
1991-10-12,0.0,14.01,2.003,1.4466
1991-10-13,0.0,12.74,1.853,1.4101
1991-10-14,4.46,11.18,1.676,1.3918
1991-10-15,6.81,12.08,1.755,1.4831
1991-10-16,0.0,11.49,1.679,1.5105
1991-10-17,0.0,11.02,1.617,1.4101
1991-10-18,0.0,13.91,1.892,1.3736
1991-10-19,0.0,15.46,2.029,1.3508
1991-10-20,0.0,13.67,1.836,1.3371
1991-10-21,0.0,12.34,1.69,1.328
1991-10-22,0.0,15.98,2.026,1.3371
1991-10-23,0.0,16.52,2.06,1.3234
1991-10-24,0.0,18.77,2.256,1.3234
1991-10-25,0.0,19.84,2.338,1.3325
1991-10-26,0.0,18.81,2.221,1.3097
1991-10-27,0.0,19.92,2.304,1.2778
1991-10-28,0.0,18.74,2.175,1.2641
1991-10-29,0.0,16.6,1.962,1.2276
1991-10-30,0.0,13.56,1.672,1.2184
1991-10-31,0.0,15.16,1.801,1.2139
1991-11-01,14.73,12.01,1.506,1.2823
1991-11-02,0.0,9.99,1.316,1.5516
1991-11-03,0.0,6.48,0.999,1.3143
1991-11-04,0.0,2.44,0.642,1.223
1991-11-05,0.0,2.18,0.614,1.2139
1991-11-06,0.0,4.21,0.782,1.2139
1991-11-07,0.0,6.46,0.964,1.2002
1991-11-08,0.0,6.22,0.937,1.1911
1991-11-09,6.02,3.82,0.73,1.1911
1991-11-10,4.48,5.64,0.874,1.2413
1991-11-11,0.0,7.3,1.002,1.2276
1991-11-12,0.0,5.52,0.85,1.1682
1991-11-13,0.0,8.1,1.05,1.1409
1991-11-14,0.0,9.51,1.155,1.1317
1991-11-15,0.0,11.52,1.305,1.118
1991-11-16,0.0,13.5,1.451,1.118
1991-11-17,0.0,12.26,1.344,1.0998
1991-11-18,4.62,10.89,1.229,1.0998
1991-11-19,0.0,13.02,1.383,1.3143
1991-11-20,12.9,16.3,1.624,1.3964
1991-11-21,52.21,17.24,1.685,2.0444
1991-11-22,0.0,14.86,1.495,9.2181
1991-11-23,0.0,10.58,1.165,4.2942
1991-11-24,0.0,5.56,0.785,2.5738
1991-11-25,0.0,2.17,0.53,2.0992
1991-11-26,0.0,2.15,0.525,1.8847
1991-11-27,0.0,2.68,0.561,1.7432
1991-11-28,0.0,6.57,0.84,1.6793
1991-11-29,0.4,9.4,1.04,1.6155
1991-11-30,20.45,13.38,1.321,1.6839
1991-12-01,19.32,17.96,1.643,7.4384
1991-12-02,23.14,19.48,1.743,10.1308
1991-12-03,16.8,14.96,1.415,10.724
1991-12-04,0.0,3.44,0.596,8.2142
1991-12-05,0.0,1.36,0.448,5.3848
1991-12-06,0.0,4.92,0.695,4.3216
1991-12-07,0.0,6.66,0.815,3.7238
1991-12-08,0.0,9.5,1.009,3.3359
1991-12-09,7.43,11.17,1.122,3.0438
1991-12-10,0.0,9.64,1.013,3.0164
1991-12-11,0.0,7.2,0.842,2.6422
1991-12-12,0.52,7.5,0.861,2.5373
1991-12-13,8.32,10.86,1.09,2.4734
1991-12-14,0.0,14.1,1.311,2.6513
1991-12-15,0.0,3.42,0.577,2.4642
1991-12-16,0.0,2.88,0.539,2.2817
1991-12-17,0.0,4.6,0.656,2.2361
1991-12-18,0.0,4.62,0.657,2.0992
1991-12-19,0.0,-0.67,0.296,1.9988
1991-12-20,0.0,0.62,0.384,1.9486
1991-12-21,0.0,5.26,0.701,1.9486
1991-12-22,0.0,10.54,1.062,1.9486
1991-12-23,13.15,10.86,1.084,1.9988
1991-12-24,0.0,9.26,0.976,2.1037
1991-12-25,0.0,4.3,0.637,1.9121
1991-12-26,0.0,4.07,0.622,1.8391
1991-12-27,18.25,8.26,0.911,1.8208
1991-12-28,23.27,7.17,0.838,2.4871
1991-12-29,0.0,8.43,0.927,3.7648
1991-12-30,0.0,5.23,0.708,2.5783
1991-12-31,0.0,3.81,0.611,2.3
1992-01-01,0.0,3.34,0.58,2.1676
1992-01-02,24.4,7.84,0.896,2.0992
1992-01-03,12.93,9.22,0.995,4.4174
1992-01-04,0.0,10.58,1.095,3.9109
1992-01-05,0.0,8.24,0.934,2.9799
1992-01-06,0.0,8.22,0.937,2.6513
1992-01-07,0.0,5.28,0.731,2.4642
1992-01-08,1.66,4.38,0.671,2.3365
1992-01-09,1.53,6.37,0.817,2.2908
1992-01-10,0.0,5.86,0.784,2.2361
1992-01-11,0.0,4.36,0.679,2.122
1992-01-12,2.1,3.85,0.646,2.0672
1992-01-13,14.58,7.37,0.908,2.2133
1992-01-14,0.0,7.3,0.907,3.8241
1992-01-15,0.0,0.17,0.383,2.8202
1992-01-16,0.0,-3.52,0.111,2.4916
1992-01-17,0.0,0.55,0.417,2.3228
1992-01-18,0.0,1.6,0.499,2.2726
1992-01-19,0.0,2.27,0.554,2.1904
1992-01-20,0.0,3.41,0.645,2.1174
1992-01-21,0.0,7.06,0.931,2.0581
1992-01-22,42.58,7.13,0.944,2.0216
1992-01-23,15.34,8.5,1.057,4.7003
1992-01-24,0.0,4.04,0.714,4.1755
1992-01-25,0.0,3.04,0.64,3.1123
1992-01-26,0.0,4.9,0.793,2.7791
1992-01-27,2.46,4.52,0.769,2.5875
1992-01-28,0.0,8.21,1.076,2.5373
1992-01-29,0.0,10.45,1.268,2.4277
1992-01-30,0.0,9.35,1.187,2.3319
1992-01-31,0.0,8.31,1.11,2.2726
1992-02-01,0.0,7.3,1.035,2.195
1992-02-02,0.0,5.76,0.913,2.122
1992-02-03,0.0,7.83,1.097,2.0855
1992-02-04,0.0,9.31,1.235,2.049
1992-02-05,0.0,7.82,1.116,2.017
1992-02-06,0.0,9.4,1.264,1.9714
1992-02-07,0.0,6.67,1.033,1.9486
1992-02-08,0.0,3.22,0.734,1.9349
1992-02-09,0.0,0.54,0.499,1.871
1992-02-10,0.0,1.38,0.579,1.8391
1992-02-11,0.0,7.96,1.188,1.8208
1992-02-12,0.0,6.78,1.09,1.8117
1992-02-13,3.3,5.98,1.025,1.8026
1992-02-14,24.0,8.56,1.277,1.8162
1992-02-15,31.94,10.95,1.515,3.6781
1992-02-16,0.0,12.72,1.699,4.1983
1992-02-17,8.35,6.26,1.089,2.7928
1992-02-18,5.32,7.07,1.178,2.8156
1992-02-19,0.0,10.56,1.531,2.8521
1992-02-20,0.0,8.68,1.359,2.6285
1992-02-21,0.0,8.38,1.34,2.4506
1992-02-22,27.86,8.55,1.37,2.3365
1992-02-23,18.93,11.24,1.657,3.9976
1992-02-24,12.07,14.88,2.045,4.9285
1992-02-25,61.94,12.25,1.791,6.2975
1992-02-26,0.0,12.58,1.84,14.5117
1992-02-27,0.0,6.56,1.221,7.7122
1992-02-28,0.0,8.64,1.453,5.7955
1992-02-29,0.0,10.82,1.7,4.8829
1992-03-01,0.0,8.62,1.476,4.2942
1992-03-02,0.0,12.04,1.863,3.9839
1992-03-03,0.0,13.74,2.066,3.7055
1992-03-04,0.0,15.1,2.235,3.5047
1992-03-05,33.2,14.06,2.137,3.3724
1992-03-06,27.84,13.88,2.134,8.2598
1992-03-07,0.0,16.64,2.466,8.2142
1992-03-08,0.0,15.9,2.401,5.8868
1992-03-09,12.05,13.56,2.151,4.9741
1992-03-10,14.1,13.85,2.202,5.4761
1992-03-11,0.0,2.78,0.916,6.1606
1992-03-12,0.0,3.37,0.993,5.0654
1992-03-13,0.0,4.59,1.147,4.5543
1992-03-14,0.0,4.73,1.173,4.2485
1992-03-15,0.0,5.13,1.23,4.0341
1992-03-16,0.0,4.3,1.139,3.8287
1992-03-17,0.0,9.03,1.73,3.6462
1992-03-18,32.82,11.06,1.994,3.637
1992-03-19,15.37,13.54,2.32,6.2519
1992-03-20,2.33,8.94,1.757,5.2023
1992-03-21,0.0,6.82,1.5,4.5223
1992-03-22,14.48,5.34,1.321,4.2485
1992-03-23,0.0,7.66,1.63,4.5178
1992-03-24,0.0,4.49,1.231,4.0432
1992-03-25,10.43,4.32,1.216,3.8424
1992-03-26,0.0,9.93,1.962,4.1208
1992-03-27,0.0,8.75,1.818,3.7648
1992-03-28,0.0,8.12,1.747,3.5275
1992-03-29,1.8,8.99,1.874,3.4089
1992-03-30,6.42,9.51,1.956,3.4363
1992-03-31,0.0,12.89,2.427,3.3997
1992-04-01,0.0,9.73,2.011,3.199
1992-04-02,0.0,3.86,1.216,3.0575
1992-04-03,0.0,3.4,1.161,2.9571
1992-04-04,0.0,8.51,1.878,2.9115
1992-04-05,0.0,7.84,1.795,2.8248
1992-04-06,1.86,7.8,1.799,2.7472
1992-04-07,1.38,9.2,2.008,2.77
1992-04-08,0.0,14.24,2.734,2.7381
1992-04-09,0.0,15.02,2.861,2.6468
1992-04-10,0.0,16.7,3.117,2.5966
1992-04-11,11.57,17.46,3.244,2.8658
1992-04-12,2.31,18.1,3.353,3.4819
1992-04-13,0.0,16.02,3.068,3.0073
1992-04-14,0.0,15.4,2.991,2.7015
1992-04-15,2.51,17.03,3.246,2.6513
1992-04-16,0.0,19.45,3.62,2.6011
1992-04-17,0.0,18.61,3.512,2.5236
1992-04-18,0.0,18.45,3.504,2.4779
1992-04-19,7.11,17.95,3.445,2.446
1992-04-20,26.54,19.02,3.622,2.9252
1992-04-21,14.25,19.06,3.644,5.7499
1992-04-22,0.0,15.54,3.122,5.1567
1992-04-23,0.0,15.77,3.171,3.7009
1992-04-24,2.54,17.44,3.44,3.2628
1992-04-25,0.0,16.19,3.26,3.1031
1992-04-26,0.0,9.41,2.226,2.8384
1992-04-27,0.0,7.82,1.989,2.7198
1992-04-28,0.0,9.27,2.221,2.624
1992-04-29,0.0,9.34,2.24,2.5783
1992-04-30,0.0,13.68,2.927,2.519
1992-05-01,0.0,17.07,3.471,2.4688
1992-05-02,0.0,18.54,3.714,2.4049
1992-05-03,0.0,20.85,4.093,2.3547
1992-05-04,0.0,17.48,3.57,2.268
1992-05-05,0.0,13.9,3.012,2.2269
1992-05-06,10.33,9.94,2.387,2.2361
1992-05-07,25.23,6.58,1.857,2.5008
1992-05-08,19.64,6.62,1.868,4.6091
1992-05-09,0.0,12.45,2.813,4.1801
1992-05-10,0.0,16.33,3.446,3.1351
1992-05-11,0.0,17.76,3.688,2.7563
1992-05-12,0.0,18.84,3.873,2.592
1992-05-13,2.88,19.16,3.935,2.5646
1992-05-14,0.0,18.62,3.856,2.6787
1992-05-15,0.0,19.53,4.013,2.4506
1992-05-16,0.0,20.29,4.148,2.3319
1992-05-17,0.0,19.99,4.107,2.268
1992-05-18,0.0,20.84,4.255,2.2315
1992-05-19,15.18,21.33,4.345,2.4962
1992-05-20,0.0,18.4,3.87,2.697
1992-05-21,0.0,18.32,3.862,2.3319
1992-05-22,0.0,17.05,3.658,2.2041
1992-05-23,0.0,17.81,3.792,2.0992
1992-05-24,0.0,18.9,3.98,2.0353
1992-05-25,0.0,19.56,4.095,1.9851
1992-05-26,0.0,19.08,4.021,1.9714
1992-05-27,0.0,15.86,3.49,1.9395
1992-05-28,6.75,14.58,3.28,1.9029
1992-05-29,16.69,13.48,3.099,2.1494
1992-05-30,4.55,16.0,3.526,2.6559
1992-05-31,0.0,16.43,3.604,2.2543
1992-06-01,0.0,15.3,3.416,2.0079
1992-06-02,19.84,17.26,3.75,1.944
1992-06-03,63.74,15.66,3.484,3.0712
1992-06-04,25.6,19.23,4.09,11.4998
1992-06-05,0.0,19.91,4.209,7.2102
1992-06-06,0.0,21.14,4.419,4.4402
1992-06-07,0.0,21.82,4.538,3.5321
1992-06-08,10.61,22.99,4.74,3.2492
1992-06-09,26.45,22.1,4.591,4.0295
1992-06-10,7.48,22.98,4.743,5.2479
1992-06-11,9.04,21.11,4.428,5.1567
1992-06-12,10.0,16.18,3.593,5.3848
1992-06-13,12.34,16.92,3.722,4.8829
1992-06-14,9.19,20.6,4.347,5.9324
1992-06-15,9.95,22.09,4.601,6.5257
1992-06-16,1.79,22.37,4.649,5.2479
1992-06-17,3.53,22.28,4.635,4.5269
1992-06-18,0.0,21.46,4.495,4.1436
1992-06-19,0.0,22.7,4.707,3.8196
1992-06-20,0.0,21.76,4.545,3.4545
1992-06-21,0.0,21.14,4.44,3.1898
1992-06-22,0.0,17.65,3.846,2.9343
1992-06-23,0.0,19.05,4.083,2.8384
1992-06-24,0.0,21.6,4.515,2.7244
1992-06-25,0.0,23.04,4.756,2.6011
1992-06-26,5.94,23.23,4.787,2.6696
1992-06-27,19.78,23.37,4.808,2.551
1992-06-28,3.0,22.38,4.639,2.5464
1992-06-29,0.0,23.47,4.82,2.4323
1992-06-30,9.6,23.72,4.858,2.373
1992-07-01,6.63,23.2,4.768,2.5646
1992-07-02,12.29,22.64,4.669,2.8932
1992-07-03,1.44,23.5,4.81,2.5783
1992-07-04,0.0,23.82,4.859,2.3456
1992-07-05,0.0,22.3,4.599,2.2041
1992-07-06,0.0,23.26,4.754,2.1722
1992-07-07,0.0,23.43,4.778,2.0946
1992-07-08,0.0,25.42,5.106,2.0079
1992-07-09,0.0,25.54,5.119,1.9486
1992-07-10,0.0,25.94,5.18,1.9121
1992-07-11,0.0,26.38,5.247,1.8573
1992-07-12,0.0,25.46,5.085,1.7934
1992-07-13,0.0,26.05,5.176,1.7524
1992-07-14,0.0,26.02,5.163,1.8208
1992-07-15,3.44,23.73,4.774,1.7843
1992-07-16,0.0,23.98,4.807,1.8026
1992-07-17,10.41,23.86,4.779,1.725
1992-07-18,0.0,23.14,4.651,1.7204
1992-07-19,0.0,23.41,4.687,1.6748
1992-07-20,0.0,23.78,4.738,1.6337
1992-07-21,7.42,24.19,4.796,1.6155
1992-07-22,22.63,23.87,4.733,2.6285
1992-07-23,7.61,24.0,4.745,2.3775
1992-07-24,0.0,24.62,4.835,2.8932
1992-07-25,0.0,25.4,4.951,2.0627
1992-07-26,0.0,25.06,4.884,1.766
1992-07-27,2.01,25.66,4.969,1.7022
1992-07-28,0.0,25.14,4.872,1.6474
1992-07-29,0.0,23.76,4.637,1.5424
1992-07-30,0.0,24.07,4.674,1.4785
1992-07-31,1.84,24.65,4.754,1.4466
1992-08-01,0.0,22.72,4.431,1.4877
1992-08-02,0.0,22.24,4.342,1.4147
1992-08-03,0.0,22.0,4.291,1.3736
1992-08-04,1.82,22.86,4.414,1.3964
1992-08-05,0.0,22.44,4.333,1.3918
1992-08-06,3.0,21.27,4.136,1.3782
1992-08-07,0.0,21.58,4.171,1.4603
1992-08-08,0.0,23.88,4.516,1.4466
1992-08-09,0.0,24.72,4.631,1.3964
1992-08-10,0.0,25.05,4.666,1.328
1992-08-11,0.0,25.2,4.673,1.3416
1992-08-12,9.13,24.35,4.524,1.3599
1992-08-13,38.27,20.1,3.855,2.0809
1992-08-14,0.0,20.88,3.958,2.1539
1992-08-15,4.63,21.3,4.006,1.5333
1992-08-16,11.7,20.66,3.894,1.6291
1992-08-17,9.02,22.08,4.092,1.5014
1992-08-18,0.0,21.3,3.958,1.9121
1992-08-19,0.0,21.2,3.927,1.474
1992-08-20,6.71,21.29,3.922,1.3827
1992-08-21,30.87,20.56,3.797,1.5789
1992-08-22,67.74,19.4,3.606,8.3054
1992-08-23,22.45,19.43,3.595,9.7657
1992-08-24,0.0,22.52,4.03,7.2558
1992-08-25,0.0,23.04,4.087,3.8424
1992-08-26,19.84,23.65,4.155,2.8704
1992-08-27,63.05,23.29,4.082,3.9747
1992-08-28,0.0,22.86,4.0,20.8548
1992-08-29,0.0,18.5,3.357,8.3511
1992-08-30,0.0,19.64,3.501,5.4305
1992-08-31,0.0,20.72,3.635,4.2485
1992-09-01,0.0,21.54,3.73,3.6234
1992-09-02,0.0,22.2,3.801,3.3039
1992-09-03,4.85,23.22,3.923,3.1579
1992-09-04,23.37,21.75,3.696,3.6507
1992-09-05,20.33,21.64,3.66,5.4761
1992-09-06,2.29,22.74,3.788,12.1387
1992-09-07,0.0,22.72,3.763,6.5257
1992-09-08,0.0,23.32,3.822,5.2023
1992-09-09,0.0,22.98,3.751,4.8372
1992-09-10,0.0,23.21,3.759,4.2622
1992-09-11,0.0,22.25,3.608,4.0569
1992-09-12,0.0,20.85,3.401,3.5412
1992-09-13,0.0,20.52,3.336,3.345
1992-09-14,0.0,20.08,3.257,3.24
1992-09-15,0.0,19.45,3.154,3.1488
1992-09-16,0.0,18.99,3.073,3.0392
1992-09-17,0.0,20.62,3.258,2.9571
1992-09-18,6.28,22.27,3.445,3.0255
1992-09-19,8.91,22.57,3.458,3.2218
1992-09-20,3.02,22.18,3.385,3.1944
1992-09-21,16.16,21.8,3.313,3.0347
1992-09-22,22.09,23.57,3.507,3.2172
1992-09-23,7.24,21.7,3.252,3.993
1992-09-24,0.0,14.43,2.35,3.0347
1992-09-25,0.0,16.14,2.537,2.7381
1992-09-26,15.89,16.92,2.61,2.6057
1992-09-27,9.59,18.0,2.719,2.916
1992-09-28,7.08,20.2,2.956,3.094
1992-09-29,0.0,18.49,2.733,3.3313
1992-09-30,0.0,13.29,2.111,2.6924
1992-10-01,0.0,11.95,1.941,2.4642
1992-10-02,0.0,12.02,1.933,2.3547
1992-10-03,39.4,12.84,2.011,2.2726
1992-10-04,34.27,13.24,2.039,5.2479
1992-10-05,7.06,16.12,2.342,6.2975
1992-10-06,0.0,12.1,1.88,4.5315
1992-10-07,0.0,11.41,1.789,3.6644
1992-10-08,16.04,13.5,2.001,3.4226
1992-10-09,0.0,18.1,2.477,4.4539
1992-10-10,4.4,13.42,1.957,3.6188
1992-10-11,0.0,13.44,1.943,3.2583
1992-10-12,0.0,10.99,1.671,2.9571
1992-10-13,0.0,13.96,1.964,2.7974
1992-10-14,0.0,16.06,2.163,2.6513
1992-10-15,0.0,16.19,2.157,2.5373
1992-10-16,0.0,16.36,2.156,2.4779
1992-10-17,0.0,14.47,1.948,2.4232
1992-10-18,0.0,11.5,1.637,2.3319
1992-10-19,0.0,8.32,1.309,2.2543
1992-10-20,0.0,6.54,1.125,2.195
1992-10-21,0.0,12.38,1.68,2.1722
1992-10-22,0.0,14.51,1.869,2.1357
1992-10-23,0.0,13.94,1.798,2.1037
1992-10-24,0.0,15.4,1.92,2.0718
1992-10-25,0.0,15.28,1.892,2.0353
1992-10-26,0.0,12.76,1.642,1.976
1992-10-27,1.57,13.28,1.676,1.9531
1992-10-28,1.17,15.21,1.836,1.9714
1992-10-29,0.0,15.36,1.834,1.9486
1992-10-30,18.57,14.68,1.757,1.9212
1992-10-31,0.0,16.11,1.869,2.9069
1992-11-01,28.25,13.82,1.652,2.2087
1992-11-02,32.61,15.94,1.822,8.6705
1992-11-03,18.97,13.54,1.6,6.8908
1992-11-04,30.17,12.94,1.535,7.0277
1992-11-05,3.51,14.48,1.653,7.3927
1992-11-06,0.0,6.75,0.989,5.3392
1992-11-07,0.0,5.42,0.869,4.3991
1992-11-08,0.0,4.33,0.772,3.9017
1992-11-09,0.0,5.34,0.849,3.5777
1992-11-10,0.0,6.32,0.923,3.3587
1992-11-11,19.43,10.72,1.27,3.2035
1992-11-12,42.03,13.68,1.499,6.5713
1992-11-13,0.0,8.74,1.093,8.4423
1992-11-14,0.0,5.22,0.808,5.4305
1992-11-15,0.0,5.81,0.848,4.6091
1992-11-16,0.0,3.01,0.623,4.1116
1992-11-17,0.0,7.26,0.948,3.8652
1992-11-18,0.0,9.95,1.148,3.6599
1992-11-19,0.0,10.28,1.165,3.4773
1992-11-20,17.52,8.64,1.033,3.3359
1992-11-21,36.52,11.34,1.23,5.8412
1992-11-22,37.72,15.58,1.539,13.5077
1992-11-23,6.94,12.16,1.275,16.0176
1992-11-24,25.53,9.59,1.078,9.6288
1992-11-25,34.22,11.81,1.235,10.9066
1992-11-26,0.0,14.08,1.393,10.359
1992-11-27,0.0,8.36,0.971,8.0316
1992-11-28,0.0,5.94,0.791,7.0733
1992-11-29,0.0,5.66,0.766,6.4344
1992-11-30,0.0,4.66,0.692,5.9781
1992-12-01,0.0,5.15,0.723,5.5674
1992-12-02,0.0,3.16,0.579,5.2479
1992-12-03,0.0,4.16,0.647,4.9285
1992-12-04,3.83,4.42,0.663,4.746
1992-12-05,0.0,3.52,0.597,4.6547
1992-12-06,3.17,-1.81,0.223,4.3854
1992-12-07,0.0,4.14,0.636,4.3079
1992-12-08,0.0,2.88,0.547,4.1071
1992-12-09,18.12,0.5,0.381,3.961
1992-12-10,4.88,2.22,0.499,4.9285
1992-12-11,0.0,3.63,0.594,4.5634
1992-12-12,0.0,5.1,0.694,4.098
1992-12-13,0.0,4.71,0.666,3.9474
1992-12-14,0.0,4.4,0.644,3.8287
1992-12-15,26.22,2.88,0.539,3.7466
1992-12-16,70.9,6.92,0.815,6.115
1992-12-17,18.13,11.12,1.102,17.0672
1992-12-18,0.0,5.58,0.723,9.5375
1992-12-19,28.09,6.17,0.763,7.1189
1992-12-20,4.75,9.54,0.993,9.2637
1992-12-21,4.99,6.8,0.806,8.2598
1992-12-22,4.92,7.62,0.863,7.3015
1992-12-23,3.12,12.18,1.176,6.7082
1992-12-24,0.0,7.7,0.87,6.2519
1992-12-25,0.0,2.51,0.515,5.7955
1992-12-26,8.15,5.56,0.726,5.5674
1992-12-27,31.61,2.18,0.495,5.4305
1992-12-28,14.03,4.74,0.672,7.6665
1992-12-29,0.0,9.16,0.979,6.5257
1992-12-30,0.0,11.0,1.109,5.8868
1992-12-31,0.0,11.0,1.109,5.5217
1993-01-01,0.0,13.56,1.291,5.2479
1993-01-02,0.0,8.56,0.946,4.9741
1993-01-03,0.0,7.83,0.898,4.7916
1993-01-04,33.71,11.1,1.131,5.0654
1993-01-05,0.0,14.16,1.352,9.857
1993-01-06,0.0,10.99,1.133,6.9364
1993-01-07,13.3,10.38,1.094,6.115
1993-01-08,18.55,9.67,1.049,7.0733
1993-01-09,2.12,8.41,0.963,6.6626
1993-01-10,9.34,5.26,0.741,6.0693
1993-01-11,45.95,5.81,0.784,7.5753
1993-01-12,14.05,8.63,0.994,9.7657
1993-01-13,0.0,11.5,1.211,7.8034
1993-01-14,0.0,5.02,0.739,6.8908
1993-01-15,0.0,4.22,0.684,6.3888
1993-01-16,0.0,6.42,0.853,6.115
1993-01-17,0.0,6.39,0.856,5.7955
1993-01-18,0.0,5.82,0.819,5.5217
1993-01-19,5.87,5.34,0.787,5.3392
1993-01-20,22.36,4.39,0.72,5.2023
1993-01-21,30.46,4.97,0.77,8.9443
1993-01-22,0.0,8.38,1.04,8.2142
1993-01-23,10.78,6.6,0.909,6.6626
1993-01-24,26.35,5.74,0.847,8.0316
1993-01-25,0.0,2.55,0.601,8.2142
1993-01-26,0.0,2.36,0.59,6.9364
1993-01-27,0.0,4.5,0.767,6.4344
1993-01-28,0.0,6.42,0.93,6.0237
1993-01-29,0.0,7.21,1.002,5.7499
1993-01-30,0.0,5.01,0.828,5.4761
1993-01-31,0.0,6.24,0.938,5.2936
1993-02-01,0.0,9.26,1.2,5.1567
1993-02-02,0.0,3.94,0.758,4.9741
1993-02-03,0.0,3.88,0.76,4.7916
1993-02-04,0.0,5.68,0.921,4.7003
1993-02-05,0.0,6.16,0.972,4.5634
1993-02-06,0.0,7.84,1.126,4.4995
1993-02-07,13.76,6.82,1.046,4.4174
1993-02-08,0.0,10.69,1.401,4.4311
1993-02-09,0.0,7.36,1.113,4.2166
1993-02-10,0.0,7.34,1.122,4.1527
1993-02-11,16.84,8.01,1.192,4.2851
1993-02-12,7.45,10.16,1.402,5.9781
1993-02-13,0.0,7.41,1.158,4.9285
1993-02-14,0.0,3.92,0.84,4.4904
1993-02-15,15.51,1.1,0.58,4.2531
1993-02-16,9.17,6.4,1.093,4.8372
1993-02-17,0.0,3.31,0.804,4.7003
1993-02-18,0.0,0.5,0.537,4.3444
1993-02-19,0.0,-2.17,0.279,4.1162
1993-02-20,10.53,1.74,0.669,4.0341
1993-02-21,26.55,7.56,1.259,4.5497
1993-02-22,0.0,10.14,1.53,6.115
1993-02-23,0.0,3.66,0.883,4.9285
1993-02-24,0.0,1.38,0.656,4.463
1993-02-25,13.95,-0.27,0.491,4.2942
1993-02-26,13.7,1.26,0.655,4.746
1993-02-27,0.0,4.09,0.96,4.7916
1993-02-28,0.0,3.24,0.877,4.4813
1993-03-01,0.0,5.51,1.129,4.2622
1993-03-02,4.79,5.28,1.115,4.1527
1993-03-03,21.84,6.74,1.284,4.244
1993-03-04,15.34,8.27,1.463,6.115
1993-03-05,0.0,4.31,1.035,5.2479
1993-03-06,0.0,5.28,1.153,4.6547
1993-03-07,0.51,5.68,1.208,4.3763
1993-03-08,0.0,8.89,1.583,4.2029
1993-03-09,0.0,10.83,1.819,3.9976
1993-03-10,0.0,12.14,1.986,3.8743
1993-03-11,0.0,8.74,1.604,3.7876
1993-03-12,38.34,4.6,1.13,3.6599
1993-03-13,12.58,-0.24,0.565,4.8829
1993-03-14,0.0,-4.43,0.068,4.0569
1993-03-15,0.0,-3.54,0.177,3.7146
1993-03-16,6.5,0.29,0.642,3.7329
1993-03-17,0.0,6.78,1.442,3.9839
1993-03-18,0.0,5.66,1.314,4.3261
1993-03-19,0.0,4.01,1.12,4.098
1993-03-20,0.0,5.94,1.369,3.9245
1993-03-21,6.32,10.92,2.006,3.8378
1993-03-22,17.72,11.48,2.091,4.1071
1993-03-23,45.43,13.8,2.403,9.6745
1993-03-24,0.0,15.52,2.641,12.5038
1993-03-25,8.79,12.57,2.277,7.5753
1993-03-26,28.48,11.94,2.211,6.6626
1993-03-27,13.05,10.7,2.063,10.4959
1993-03-28,0.0,12.56,2.322,8.2598
1993-03-29,0.0,13.58,2.473,6.982
1993-03-30,0.0,15.12,2.696,6.2519
1993-03-31,8.38,15.43,2.755,6.1606
1993-04-01,0.0,11.25,2.205,7.8947
1993-04-02,0.0,6.12,1.517,6.4344
1993-04-03,0.0,7.51,1.718,5.7955
1993-04-04,15.58,8.02,1.8,5.4305
1993-04-05,22.76,8.52,1.88,6.3432
1993-04-06,0.0,9.21,1.986,6.3432
1993-04-07,0.0,12.08,2.402,5.6586
1993-04-08,0.0,11.74,2.366,5.2936
1993-04-09,46.22,11.93,2.407,6.5713
1993-04-10,0.0,13.75,2.68,8.9443
1993-04-11,0.0,14.8,2.845,6.6626
1993-04-12,0.0,17.29,3.22,6.0237
1993-04-13,0.0,17.58,3.277,5.613
1993-04-14,0.0,17.18,3.236,5.3392
1993-04-15,10.19,15.74,3.042,5.1567
1993-04-16,0.0,11.43,2.421,5.4305
1993-04-17,0.0,11.68,2.469,4.8829
1993-04-18,0.0,11.66,2.478,4.7003
1993-04-19,0.0,12.1,2.555,4.5589
1993-04-20,1.96,15.02,3.006,4.4265
1993-04-21,0.0,13.64,2.81,4.39
1993-04-22,0.0,9.1,2.136,4.2303
1993-04-23,0.0,10.67,2.382,4.1208
1993-04-24,0.0,12.98,2.746,4.0204
1993-04-25,10.98,14.65,3.012,3.9245
1993-04-26,0.0,15.73,3.19,4.3398
1993-04-27,0.0,12.35,2.68,3.9337
1993-04-28,0.0,12.4,2.699,3.7831
1993-04-29,0.0,14.31,3.005,3.6827
1993-04-30,0.0,15.46,3.196,3.6051
1993-05-01,0.0,17.26,3.49,3.5138
1993-05-02,0.0,17.16,3.485,3.4271
1993-05-03,32.59,17.52,3.555,3.4499
1993-05-04,41.51,19.88,3.94,10.3133
1993-05-05,0.0,19.7,3.924,7.7122
1993-05-06,0.0,19.67,3.93,5.4305
1993-05-07,0.0,20.34,4.049,4.746
1993-05-08,0.0,20.35,4.063,4.5132
1993-05-09,0.0,20.2,4.051,4.2303
1993-05-10,0.0,19.9,4.012,3.9793
1993-05-11,0.0,19.88,4.021,3.815
1993-05-12,0.0,19.31,3.939,3.7009
1993-05-13,8.52,17.74,3.695,3.6918
1993-05-14,0.0,17.86,3.723,3.8105
1993-05-15,0.0,18.0,3.754,3.491
1993-05-16,0.0,18.59,3.86,3.3359
1993-05-17,5.71,20.04,4.105,3.2765
1993-05-18,6.99,21.5,4.354,3.4591
1993-05-19,9.84,19.14,3.974,3.4271
1993-05-20,0.0,15.36,3.36,3.2857
1993-05-21,0.0,11.31,2.697,3.0575
1993-05-22,0.0,12.82,2.951,2.9754
1993-05-23,0.0,14.56,3.245,2.8932
1993-05-24,0.0,16.97,3.652,2.8156
1993-05-25,4.17,18.86,3.973,2.8521
1993-05-26,0.0,20.46,4.246,2.8658
1993-05-27,0.0,20.01,4.177,2.7244
1993-05-28,0.0,19.64,4.121,2.6559
1993-05-29,0.0,21.46,4.433,2.6787
1993-05-30,8.91,19.57,4.121,2.8932
1993-05-31,8.92,19.9,4.181,2.6924
1993-06-01,0.0,20.34,4.261,2.7426
1993-06-02,0.0,18.02,3.874,2.5099
1993-06-03,0.0,21.83,4.521,2.4369
1993-06-04,0.0,22.83,4.694,2.373
1993-06-05,0.0,23.26,4.771,2.3182
1993-06-06,0.0,20.53,4.314,2.2361
1993-06-07,0.0,23.08,4.747,2.1859
1993-06-08,0.0,24.66,5.019,2.1539
1993-06-09,0.0,25.06,5.091,2.1037
1993-06-10,0.0,24.89,5.064,2.049
1993-06-11,0.0,24.96,5.078,2.0079
1993-06-12,13.71,24.12,4.94,2.0672
1993-06-13,4.35,22.37,4.644,2.3684
1993-06-14,8.08,21.83,4.554,2.2726
1993-06-15,0.0,22.8,4.719,2.1402
1993-06-16,0.0,23.18,4.786,2.0307
1993-06-17,0.0,23.68,4.871,1.9486
1993-06-18,0.0,24.2,4.961,1.9303
1993-06-19,0.0,23.36,4.819,1.8664
1993-06-20,0.0,22.48,4.668,1.7934
1993-06-21,2.9,21.58,4.515,1.7889
1993-06-22,0.0,23.58,4.855,1.8391
1993-06-23,5.02,23.34,4.813,1.7158
1993-06-24,11.5,23.2,4.787,1.8391
1993-06-25,0.0,23.08,4.766,1.9029
1993-06-26,5.51,23.66,4.862,1.8436
1993-06-27,0.0,23.78,4.88,1.798
1993-06-28,0.0,24.5,5.001,1.6428
1993-06-29,6.1,23.57,4.84,1.9531
1993-06-30,2.18,24.88,5.058,1.6885
1993-07-01,4.12,25.32,5.13,1.5881
1993-07-02,0.0,25.82,5.209,1.5242
1993-07-03,0.0,25.84,5.208,1.4649
1993-07-04,0.0,26.44,5.307,1.4147
1993-07-05,0.0,26.64,5.335,1.3873
1993-07-06,0.0,27.14,5.413,1.3416
1993-07-07,0.0,26.88,5.363,1.2914
1993-07-08,0.0,26.65,5.319,1.2595
1993-07-09,0.0,26.64,5.31,1.2595
1993-07-10,9.82,26.73,5.32,1.2732
1993-07-11,0.0,26.83,5.329,1.2321
1993-07-12,0.0,26.1,5.199,1.2276
1993-07-13,0.0,26.17,5.204,1.2184
1993-07-14,0.0,25.93,5.156,1.1454
1993-07-15,0.0,26.29,5.208,1.0998
1993-07-16,0.0,26.34,5.209,1.0861
1993-07-17,0.0,26.84,5.281,1.077
1993-07-18,0.0,27.66,5.408,1.0907
1993-07-19,0.0,27.92,5.44,1.2002
1993-07-20,0.0,27.56,5.371,1.1089
1993-07-21,0.0,26.54,5.192,1.0176
1993-07-22,0.0,27.32,5.31,1.0131
1993-07-23,0.0,26.89,5.229,0.9903
1993-07-24,14.85,26.16,5.098,1.2002
1993-07-25,10.73,26.3,5.11,1.6976
1993-07-26,7.58,26.87,5.19,1.7524
1993-07-27,8.27,27.01,5.199,1.5516
1993-07-28,0.0,27.76,5.31,1.8117
1993-07-29,0.0,28.26,5.375,1.2093
1993-07-30,0.0,24.54,4.762,1.0724
1993-07-31,0.0,22.76,4.463,0.9948
1993-08-01,0.0,22.62,4.429,0.9629
1993-08-02,0.0,23.46,4.549,0.9538
1993-08-03,13.42,24.52,4.705,1.0633
1993-08-04,1.43,23.11,4.468,1.0998
1993-08-05,0.0,23.14,4.46,1.0359
1993-08-06,10.86,22.24,4.303,1.1317
1993-08-07,0.0,22.46,4.324,1.2367
1993-08-08,0.0,23.7,4.504,1.1637
1993-08-09,0.0,23.1,4.395,1.0907
1993-08-10,0.0,22.73,4.322,0.9857
1993-08-11,0.0,22.62,4.288,0.9401
1993-08-12,0.0,23.84,4.462,0.9766
1993-08-13,4.13,24.18,4.498,0.9492
1993-08-14,0.0,25.48,4.681,1.045
1993-08-15,0.0,25.96,4.735,1.5196
1993-08-16,7.01,25.68,4.675,0.9948
1993-08-17,0.0,26.14,4.725,0.9355
1993-08-18,0.0,26.5,4.76,0.9127
1993-08-19,0.0,26.24,4.701,0.8762
1993-08-20,10.04,26.16,4.668,0.8853
1993-08-21,0.0,25.22,4.508,0.9857
1993-08-22,0.0,24.09,4.32,0.867
1993-08-23,0.0,24.53,4.366,0.8169
1993-08-24,0.0,25.25,4.451,0.8169
1993-08-25,0.0,25.28,4.435,0.8944
1993-08-26,0.0,25.17,4.397,0.8534
1993-08-27,0.0,25.16,4.374,0.8214
1993-08-28,0.0,25.22,4.36,1.0222
1993-08-29,0.0,25.3,4.351,0.8534
1993-08-30,0.0,25.15,4.305,0.7667
1993-08-31,0.0,25.67,4.357,0.7256
1993-09-01,29.18,26.02,4.383,0.721
1993-09-02,12.12,25.68,4.312,1.401
1993-09-03,5.41,25.41,4.25,1.3553
1993-09-04,21.1,24.08,4.042,1.5151
1993-09-05,0.0,22.86,3.849,1.9395
1993-09-06,0.0,23.32,3.89,1.0998
1993-09-07,2.68,22.82,3.799,0.9309
1993-09-08,0.0,22.3,3.707,1.0633
1993-09-09,0.0,22.32,3.685,0.8853
1993-09-10,0.0,21.34,3.533,0.8351
1993-09-11,0.0,17.11,2.946,0.7712
1993-09-12,0.0,17.83,3.023,0.7347
1993-09-13,0.0,20.23,3.318,0.7256
1993-09-14,0.0,21.68,3.486,0.7256
1993-09-15,12.56,22.52,3.573,0.753
1993-09-16,14.99,23.06,3.619,0.9674
1993-09-17,0.53,23.27,3.621,0.9674
1993-09-18,0.0,22.94,3.555,0.8625
1993-09-19,0.0,20.5,3.222,0.7484
1993-09-20,17.74,20.09,3.147,0.7347
1993-09-21,0.0,22.42,3.415,0.9857
1993-09-22,0.0,19.88,3.076,0.867
1993-09-23,0.0,20.66,3.15,0.753
1993-09-24,0.0,21.54,3.233,0.7119
1993-09-25,7.6,22.18,3.287,0.7119
1993-09-26,9.08,22.76,3.331,0.9036
1993-09-27,0.0,19.8,2.954,0.9538
1993-09-28,0.0,14.12,2.26,0.9081
1993-09-29,0.0,14.2,2.251,0.7438
1993-09-30,0.0,12.29,2.012,0.6845
1993-10-01,0.0,11.1,1.859,0.6526
1993-10-02,0.0,13.87,2.161,0.648
1993-10-03,0.0,16.1,2.396,0.648
1993-10-04,0.0,15.4,2.299,0.6343
1993-10-05,0.0,16.8,2.437,0.6206
1993-10-06,0.0,16.81,2.418,0.6115
1993-10-07,0.0,16.32,2.343,0.6115
1993-10-08,0.0,18.16,2.524,0.6206
1993-10-09,0.0,18.56,2.547,0.6069
1993-10-10,0.0,17.7,2.434,0.5932
1993-10-11,0.0,12.61,1.872,0.5796
1993-10-12,0.0,10.88,1.674,0.5841
1993-10-13,0.0,11.52,1.726,0.5841
1993-10-14,0.0,13.16,1.881,0.5841
1993-10-15,0.0,14.54,2.006,0.5978
1993-10-16,6.69,14.76,2.011,0.6389
1993-10-17,0.0,17.26,2.246,0.7667
1993-10-18,0.0,19.05,2.406,0.7073
1993-10-19,0.0,19.8,2.46,0.648
1993-10-20,2.53,20.03,2.461,0.6252
1993-10-21,5.45,19.97,2.434,0.6434
1993-10-22,7.41,12.4,1.68,0.7165
1993-10-23,0.0,12.24,1.651,0.721
1993-10-24,0.0,11.48,1.564,0.648
1993-10-25,0.5,13.42,1.733,0.6206
1993-10-26,0.0,15.06,1.871,0.6161
1993-10-27,0.0,14.67,1.819,0.6069
1993-10-28,0.0,10.44,1.416,0.5932
1993-10-29,22.55,7.08,1.098,0.5887
1993-10-30,22.06,9.22,1.281,1.2549
1993-10-31,0.0,4.54,0.852,1.2823
1993-11-01,0.0,4.58,0.848,0.8123
1993-11-02,0.0,3.22,0.721,0.6982
1993-11-03,0.0,5.57,0.92,0.6663
1993-11-04,26.54,9.16,1.222,0.6708
1993-11-05,12.85,14.58,1.675,1.7204
1993-11-06,0.0,11.88,1.433,1.693
1993-11-07,0.0,3.61,0.724,0.9994
1993-11-08,0.0,4.8,0.818,0.8214
1993-11-09,0.0,5.12,0.838,0.753
1993-11-10,0.0,8.52,1.111,0.7165
1993-11-11,0.0,7.83,1.045,0.6936
1993-11-12,0.0,8.72,1.109,0.6708
1993-11-13,0.0,12.13,1.374,0.6617
1993-11-14,7.07,15.21,1.609,0.6617
1993-11-15,3.35,18.1,1.826,0.7621
1993-11-16,4.93,18.4,1.836,0.9492
1993-11-17,11.78,17.16,1.726,0.9446
1993-11-18,0.0,11.16,1.249,1.6748
1993-11-19,0.0,9.35,1.102,1.1363
1993-11-20,0.0,8.89,1.059,0.9127
1993-11-21,0.0,4.23,0.699,0.7986
1993-11-22,0.0,6.6,0.873,0.7438
1993-11-23,0.0,8.03,0.974,0.7165
1993-11-24,0.0,9.91,1.108,0.6982
1993-11-25,0.0,9.7,1.086,0.6799
1993-11-26,49.98,9.18,1.042,0.7803
1993-11-27,15.3,9.26,1.041,7.5753
1993-11-28,0.0,5.87,0.79,3.4956
1993-11-29,0.0,6.04,0.798,2.0398
1993-11-30,0.0,5.48,0.754,1.5926
1993-12-01,0.0,4.57,0.685,1.3918
1993-12-02,0.0,5.26,0.73,1.2869
1993-12-03,12.94,9.46,1.025,1.2002
1993-12-04,39.05,10.48,1.093,1.4603
1993-12-05,0.0,11.27,1.144,7.1189
1993-12-06,0.0,8.06,0.915,3.1898
1993-12-07,0.0,4.83,0.686,2.2817
1993-12-08,0.0,7.62,0.879,1.9121
1993-12-09,7.43,6.71,0.813,1.6656
1993-12-10,10.59,5.8,0.747,1.7615
1993-12-11,0.0,3.88,0.613,1.8847
1993-12-12,0.0,1.92,0.477,1.5881
1993-12-13,0.0,1.98,0.479,1.4785
1993-12-14,15.67,2.78,0.534,1.5059
1993-12-15,0.0,5.6,0.726,1.9577
1993-12-16,0.0,8.4,0.917,1.7706
1993-12-17,0.0,6.18,0.764,1.5744
1993-12-18,2.61,5.4,0.71,1.4968
1993-12-19,0.0,5.13,0.692,1.442
1993-12-20,18.56,1.54,0.447,1.4238
1993-12-21,0.0,2.48,0.51,1.8984
1993-12-22,1.98,-0.02,0.34,1.6109
1993-12-23,0.0,1.7,0.458,1.474
1993-12-24,0.0,-1.02,0.272,1.3827
1993-12-25,2.41,-0.51,0.308,1.3188
1993-12-26,0.0,0.71,0.392,1.2504
1993-12-27,0.0,4.82,0.675,1.2276
1993-12-28,9.4,5.38,0.714,1.2276
1993-12-29,0.0,6.02,0.76,1.5516
1993-12-30,0.0,0.02,0.347,1.6565
1993-12-31,0.0,-0.33,0.324,1.4466
1994-01-01,0.0,0.57,0.387,1.369
1994-01-02,3.59,4.52,0.665,1.3645
1994-01-03,25.8,5.29,0.72,1.4649
1994-01-04,0.0,3.07,0.567,2.843
1994-01-05,0.0,1.98,0.492,2.195
1994-01-06,1.34,1.7,0.475,1.8664
1994-01-07,9.29,6.34,0.807,1.7934
1994-01-08,0.0,2.73,0.553,2.697
1994-01-09,0.0,-1.58,0.246,2.2361
1994-01-10,0.0,-1.3,0.267,1.9531
1994-01-11,30.95,0.89,0.427,1.9075
1994-01-12,16.6,6.67,0.851,5.4761
1994-01-13,0.0,6.26,0.826,3.888
1994-01-14,0.0,2.88,0.582,2.9343
1994-01-15,0.0,-7.37,0.0,2.4734
1994-01-16,0.0,-9.18,0.0,1.9166
1994-01-17,31.49,-4.19,0.061,3.0073
1994-01-18,0.0,-3.52,0.112,4.2029
1994-01-19,0.0,-9.38,0.0,2.6696
1994-01-20,0.0,-6.44,0.0,2.6377
1994-01-21,0.0,-2.36,0.204,2.5053
1994-01-22,0.0,2.29,0.567,2.3684
1994-01-23,0.0,3.77,0.687,2.1357
1994-01-24,0.0,8.7,1.082,2.0627
1994-01-25,1.74,6.16,0.888,2.0353
1994-01-26,3.89,8.57,1.088,2.0535
1994-01-27,35.12,7.28,0.992,2.2635
1994-01-28,0.0,9.0,1.14,9.2637
1994-01-29,1.75,8.54,1.111,5.5674
1994-01-30,0.0,5.38,0.859,3.9382
1994-01-31,0.0,3.24,0.687,3.3085
1994-02-01,0.0,-1.25,0.316,2.9252
1994-02-02,0.0,-1.42,0.304,2.6559
1994-02-03,0.0,1.47,0.553,2.4825
1994-02-04,11.21,1.62,0.572,2.3456
1994-02-05,9.57,5.36,0.901,2.5601
1994-02-06,0.0,7.79,1.123,2.519
1994-02-07,4.67,7.67,1.121,2.2817
1994-02-08,7.81,9.38,1.285,2.2726
1994-02-09,5.99,14.98,1.8,2.3867
1994-02-10,21.18,10.27,1.388,2.4551
1994-02-11,25.38,2.82,0.717,5.5674
1994-02-12,0.0,3.76,0.811,5.5674
1994-02-13,0.0,5.96,1.022,3.9245
1994-02-14,0.0,4.04,0.851,3.2857
1994-02-15,0.0,3.28,0.787,3.0073
1994-02-16,0.0,6.83,1.134,2.7472
1994-02-17,0.0,7.2,1.18,2.5875
1994-02-18,0.0,9.8,1.444,2.4734
1994-02-19,0.0,11.34,1.608,2.3684
1994-02-20,0.0,14.24,1.911,2.2908
1994-02-21,3.62,13.85,1.889,2.2589
1994-02-22,33.58,10.83,1.6,2.2133
1994-02-23,45.82,13.2,1.857,8.3967
1994-02-24,0.0,9.17,1.458,7.8947
1994-02-25,0.0,5.7,1.111,5.111
1994-02-26,0.0,6.02,1.153,4.0249
1994-02-27,0.0,1.81,0.719,3.4363
1994-02-28,0.0,3.1,0.863,3.1351
1994-03-01,41.87,4.48,1.018,3.2948
1994-03-02,18.59,5.71,1.161,7.8491
1994-03-03,0.0,6.63,1.271,6.9364
1994-03-04,0.0,11.26,1.792,5.111
1994-03-05,0.0,12.76,1.975,4.3398
1994-03-06,0.0,11.3,1.828,3.8926
1994-03-07,0.0,12.51,1.98,3.5686
1994-03-08,1.15,14.54,2.227,3.3769
1994-03-09,17.61,12.06,1.961,3.3267
1994-03-10,0.0,7.81,1.484,5.0198
1994-03-11,0.0,4.46,1.105,3.8789
1994-03-12,0.0,4.81,1.155,3.3952
1994-03-13,0.0,6.8,1.4,3.2126
1994-03-14,0.0,9.84,1.775,3.0575
1994-03-15,0.0,12.89,2.156,2.8841
1994-03-16,0.0,10.01,1.823,2.7426
1994-03-17,0.0,7.38,1.514,2.5875
1994-03-18,0.0,10.04,1.855,2.5144
1994-03-19,0.0,14.52,2.424,2.414
1994-03-20,0.0,14.91,2.491,2.3365
1994-03-21,9.72,15.98,2.645,2.3137
1994-03-22,0.0,13.5,2.349,2.3137
1994-03-23,0.0,12.8,2.275,2.1539
1994-03-24,34.58,13.16,2.337,2.2863
1994-03-25,10.42,15.01,2.594,3.6234
1994-03-26,23.38,10.14,1.976,2.7015
1994-03-27,76.48,14.72,2.59,9.2637
1994-03-28,21.01,14.08,2.524,18.8013
1994-03-29,0.0,8.38,1.782,10.5871
1994-03-30,0.0,7.57,1.684,7.6209
1994-03-31,0.0,9.05,1.894,6.3432
1994-04-01,0.0,8.86,1.881,5.4761
1994-04-02,0.0,10.32,2.092,4.8829
1994-04-03,0.44,11.18,2.222,4.536
1994-04-04,0.0,12.1,2.362,4.2805
1994-04-05,21.23,11.74,2.327,4.0158
1994-04-06,11.25,13.54,2.592,5.4305
1994-04-07,0.0,10.86,2.229,4.7003
1994-04-08,0.0,8.9,1.965,4.1208
1994-04-09,1.26,10.28,2.172,3.8789
1994-04-10,1.81,16.53,3.077,3.7694
1994-04-11,1.77,20.18,3.618,3.7694
1994-04-12,32.72,18.04,3.328,3.888
1994-04-13,0.0,18.88,3.467,8.0316
1994-04-14,0.0,16.82,3.184,6.3432
1994-04-15,31.47,15.83,3.054,5.2023
1994-04-16,0.0,15.18,2.974,9.4463
1994-04-17,0.0,15.32,3.008,6.7539
1994-04-18,0.0,15.88,3.106,5.5217
1994-04-19,0.0,17.5,3.363,4.9741
1994-04-20,0.0,19.52,3.681,4.5589
1994-04-21,0.0,18.3,3.513,4.2714
1994-04-22,0.0,17.11,3.348,4.0249
1994-04-23,0.0,14.96,3.035,3.8698
1994-04-24,0.0,14.82,3.026,3.6507
1994-04-25,0.0,17.61,3.467,3.5001
1994-04-26,0.0,20.31,3.896,3.3861
1994-04-27,7.62,20.74,3.977,3.313
1994-04-28,0.0,20.05,3.884,3.4363
1994-04-29,0.0,20.57,3.98,3.2081
1994-04-30,0.9,19.92,3.892,2.9708
1994-05-01,0.0,19.84,3.894,2.9525
1994-05-02,0.0,14.72,3.102,2.8932
1994-05-03,14.79,11.75,2.643,2.8521
1994-05-04,0.0,14.08,3.02,3.2035
1994-05-05,0.0,15.58,3.27,2.77
1994-05-06,0.0,15.05,3.194,2.5601
1994-05-07,5.34,16.52,3.439,2.4734
1994-05-08,0.0,16.45,3.438,2.4871
1994-05-09,0.0,15.01,3.216,2.3912
1994-05-10,0.0,17.21,3.58,2.341
1994-05-11,0.0,17.54,3.643,2.3091
1994-05-12,0.0,17.94,3.717,2.2954
1994-05-13,0.0,16.08,3.424,2.2361
1994-05-14,34.9,17.28,3.628,2.2133
1994-05-15,14.96,20.06,4.091,2.875
1994-05-16,0.0,19.65,4.033,2.4277
1994-05-17,0.0,17.26,3.649,2.122
1994-05-18,0.0,16.2,3.484,2.017
1994-05-19,0.0,14.08,3.141,1.976
1994-05-20,0.0,13.46,3.047,1.9486
1994-05-21,1.88,14.14,3.164,1.9258
1994-05-22,0.0,17.3,3.695,1.9212
1994-05-23,0.0,19.77,4.111,1.8482
1994-05-24,0.0,21.1,4.338,1.8208
1994-05-25,4.7,20.78,4.292,1.798
1994-05-26,7.55,19.97,4.164,1.8436
1994-05-27,0.0,17.9,3.825,1.9851
1994-05-28,0.0,16.71,3.631,1.7934
1994-05-29,0.0,17.72,3.806,1.7387
1994-05-30,0.0,18.92,4.013,1.7158
1994-05-31,0.0,19.81,4.166,1.6748
1994-06-01,0.0,22.12,4.559,1.6976
1994-06-02,4.85,23.52,4.799,1.5789
1994-06-03,0.0,22.44,4.623,1.5561
1994-06-04,0.0,22.76,4.682,1.652
1994-06-05,14.59,23.15,4.752,1.8482
1994-06-06,11.84,22.51,4.647,2.0672
1994-06-07,5.06,23.96,4.897,2.3821
1994-06-08,0.0,24.24,4.949,2.0353
1994-06-09,16.44,21.7,4.521,1.9577
1994-06-10,21.08,23.02,4.747,3.7603
1994-06-11,6.78,21.96,4.57,2.8704
1994-06-12,0.0,22.92,4.735,2.5008
1994-06-13,12.16,22.92,4.737,2.551
1994-06-14,0.0,23.63,4.86,2.3319
1994-06-15,8.16,23.66,4.867,2.3456
1994-06-16,5.3,24.44,5.001,2.2863
1994-06-17,0.0,23.53,4.846,2.2224
1994-06-18,0.0,23.56,4.851,2.1494
1994-06-19,0.0,23.78,4.889,1.9623
1994-06-20,0.0,24.62,5.033,1.8527
1994-06-21,0.0,24.9,5.079,1.7706
1994-06-22,0.0,25.66,5.207,1.7889
1994-06-23,13.43,24.54,5.017,2.2817
1994-06-24,15.42,23.82,4.894,2.2406
1994-06-25,0.0,21.9,4.564,2.2954
1994-06-26,46.46,20.8,4.376,1.9166
1994-06-27,0.0,22.48,4.66,7.3015
1994-06-28,17.43,21.54,4.498,3.6736
1994-06-29,9.98,22.02,4.578,3.8607
1994-06-30,0.0,22.94,4.729,2.8658
1994-07-01,0.0,22.72,4.689,2.4642
1994-07-02,0.0,23.74,4.858,2.3
1994-07-03,6.45,23.92,4.884,2.4779
1994-07-04,15.75,23.32,4.778,2.4277
1994-07-05,11.3,23.02,4.724,3.9656
1994-07-06,2.93,24.18,4.916,3.6644
1994-07-07,3.32,23.58,4.808,3.0666
1994-07-08,6.47,23.68,4.819,2.8704
1994-07-09,0.0,23.58,4.798,2.9662
1994-07-10,0.0,23.55,4.786,2.6513
1994-07-11,18.54,23.16,4.715,3.0347
1994-07-12,6.92,22.97,4.677,2.843
1994-07-13,11.91,23.5,4.759,3.0803
1994-07-14,0.0,23.92,4.822,3.5868
1994-07-15,0.0,24.3,4.877,2.9023
1994-07-16,2.61,24.44,4.893,2.7883
1994-07-17,4.25,24.21,4.846,3.0849
1994-07-18,10.29,24.54,4.892,3.0894
1994-07-19,6.88,24.08,4.806,3.1031
1994-07-20,10.13,23.88,4.764,2.8841
1994-07-21,6.31,23.35,4.668,3.1442
1994-07-22,8.1,23.56,4.692,3.2811
1994-07-23,0.0,24.04,4.761,3.4499
1994-07-24,0.0,24.14,4.766,3.5503
1994-07-25,0.0,23.78,4.698,2.8613
1994-07-26,19.47,22.84,4.534,2.5829
1994-07-27,20.93,21.86,4.364,4.4813
1994-07-28,24.79,21.14,4.237,7.3471
1994-07-29,0.0,21.7,4.315,4.5634
1994-07-30,0.0,21.0,4.191,3.7009
1994-07-31,5.98,21.42,4.248,3.2674
1994-08-01,5.18,22.06,4.339,3.0986
1994-08-02,1.76,22.47,4.392,3.1442
1994-08-03,10.45,23.13,4.484,2.875
1994-08-04,10.51,23.63,4.55,3.1259
1994-08-05,2.65,23.52,4.518,2.9252
1994-08-06,0.0,21.78,4.229,2.7152
1994-08-07,0.0,21.98,4.248,2.5829
1994-08-08,0.0,22.72,4.35,2.6879
1994-08-09,0.0,23.25,4.418,2.6148
1994-08-10,0.0,23.83,4.493,2.4597
1994-08-11,0.0,23.99,4.502,2.3091
1994-08-12,8.39,23.94,4.479,2.5829
1994-08-13,12.62,23.7,4.423,2.414
1994-08-14,29.2,23.9,4.438,2.7746
1994-08-15,67.04,22.48,4.204,6.3432
1994-08-16,119.73,21.95,4.106,16.4283
1994-08-17,0.0,23.37,4.305,43.8545
1994-08-18,3.97,22.68,4.182,12.8688
1994-08-19,6.31,22.65,4.16,9.4919
1994-08-20,9.21,22.69,4.149,7.9404
1994-08-21,10.84,21.56,3.961,7.7122
1994-08-22,0.0,20.8,3.832,6.7539
1994-08-23,0.0,20.78,3.811,5.8868
1994-08-24,0.0,21.52,3.902,5.3392
1994-08-25,0.0,22.64,4.048,5.0198
1994-08-26,0.0,22.94,4.073,4.746
1994-08-27,0.0,23.53,4.138,4.5634
1994-08-28,0.0,23.17,4.065,4.5269
1994-08-29,0.0,23.51,4.092,4.1299
1994-08-30,0.0,23.82,4.115,3.92
1994-08-31,6.89,24.94,4.254,3.9017
1994-09-01,9.73,23.86,4.078,3.8013
1994-09-02,11.38,21.04,3.66,4.171
1994-09-03,0.0,18.24,3.247,3.9428
1994-09-04,0.0,18.05,3.203,3.6416
1994-09-05,2.76,18.92,3.305,3.4682
1994-09-06,2.11,21.32,3.615,3.4591
1994-09-07,0.0,21.06,3.558,3.2994
1994-09-08,0.0,19.95,3.387,3.0986
1994-09-09,0.0,21.21,3.536,3.0712
1994-09-10,0.0,21.42,3.543,3.0347
1994-09-11,0.0,21.74,3.564,2.9069
1994-09-12,0.0,21.24,3.474,2.7654
1994-09-13,0.0,21.74,3.518,2.7061
1994-09-14,0.0,21.68,3.487,2.6605
1994-09-15,0.0,21.8,3.479,2.624
1994-09-16,27.96,21.54,3.422,2.6331
1994-09-17,22.55,22.36,3.504,7.2558
1994-09-18,0.0,22.12,3.45,4.8829
1994-09-19,0.0,19.22,3.059,3.6462
1994-09-20,0.0,16.9,2.747,3.1761
1994-09-21,0.0,17.89,2.85,2.9343
1994-09-22,0.0,16.84,2.7,2.7974
1994-09-23,21.42,16.78,2.673,2.7746
1994-09-24,19.0,19.45,2.979,4.3946
1994-09-25,6.17,19.54,2.967,4.0067
1994-09-26,0.0,16.22,2.547,3.5047
1994-09-27,0.0,17.02,2.623,3.1031
1994-09-28,0.0,16.48,2.539,2.8567
1994-09-29,0.0,17.84,2.679,2.6924
1994-09-30,0.0,17.08,2.569,2.5646
1994-10-01,0.0,18.28,2.687,2.5053
1994-10-02,22.93,18.06,2.641,2.6285
1994-10-03,13.11,18.6,2.68,3.8013
1994-10-04,0.0,16.3,2.4,3.1214
1994-10-05,0.0,14.84,2.217,2.7746
1994-10-06,0.0,15.49,2.271,2.6103
1994-10-07,0.0,16.15,2.325,2.5144
1994-10-08,0.0,14.42,2.117,2.4506
1994-10-09,16.6,16.56,2.331,2.665
1994-10-10,7.35,15.3,2.177,3.5823
1994-10-11,9.04,13.08,1.922,2.9343
1994-10-12,41.59,11.5,1.738,2.9206
1994-10-13,25.86,12.53,1.832,8.6249
1994-10-14,24.06,15.35,2.108,9.4463
1994-10-15,0.0,15.57,2.112,7.2102
1994-10-16,0.0,13.36,1.87,5.3392
1994-10-17,0.0,12.96,1.813,4.5452
1994-10-18,0.0,11.98,1.699,4.0843
1994-10-19,7.72,13.66,1.851,3.8105
1994-10-20,0.0,17.66,2.227,3.8378
1994-10-21,7.29,15.59,2.007,3.5093
1994-10-22,17.51,16.6,2.086,3.4591
1994-10-23,0.0,17.68,2.172,4.7916
1994-10-24,0.0,14.81,1.88,3.815
1994-10-25,0.0,13.5,1.741,3.4773
1994-10-26,0.0,12.75,1.656,3.2674
1994-10-27,0.0,8.62,1.259,3.1077
1994-10-28,0.0,8.65,1.251,3.0164
1994-10-29,0.0,10.34,1.394,2.9525
1994-10-30,1.79,16.48,1.935,2.9252
1994-10-31,6.44,17.62,2.019,2.9343
1994-11-01,0.0,12.68,1.566,4.0478
1994-11-02,0.0,11.34,1.434,3.2948
1994-11-03,0.0,12.65,1.536,2.9936
1994-11-04,0.0,13.21,1.571,2.8841
1994-11-05,9.99,15.64,1.766,2.8202
1994-11-06,0.0,18.17,1.966,3.2035
1994-11-07,0.0,13.35,1.544,3.1168
1994-11-08,0.0,12.77,1.483,2.8476
1994-11-09,0.0,15.0,1.656,2.7609
1994-11-10,8.62,14.55,1.606,2.843
1994-11-11,0.0,12.32,1.411,3.4682
1994-11-12,0.0,11.92,1.368,2.9799
1994-11-13,0.0,11.54,1.327,2.8019
1994-11-14,0.0,12.73,1.411,2.7198
1994-11-15,0.0,12.89,1.414,2.6513
1994-11-16,0.0,13.07,1.417,2.6285
1994-11-17,0.0,13.48,1.439,2.5966
1994-11-18,0.0,17.05,1.705,2.551
1994-11-19,0.0,15.24,1.554,2.4825
1994-11-20,18.38,13.34,1.399,2.4004
1994-11-21,0.0,15.42,1.546,3.0301
1994-11-22,0.0,11.92,1.274,2.9206
1994-11-23,0.0,6.88,0.888,2.5601
1994-11-24,0.0,5.08,0.75,2.4551
1994-11-25,0.0,5.13,0.748,2.4186
1994-11-26,19.91,5.82,0.795,2.6103
1994-11-27,14.64,7.84,0.938,3.4271
1994-11-28,14.68,9.24,1.034,4.8829
1994-11-29,3.23,5.96,0.792,4.746
1994-11-30,0.0,6.22,0.806,3.8561
1994-12-01,0.0,5.52,0.753,3.3769
1994-12-02,0.0,5.72,0.763,3.1579
1994-12-03,11.62,7.83,0.91,3.0255
1994-12-04,38.69,13.18,1.284,3.8835
1994-12-05,0.0,17.0,1.547,8.0773
1994-12-06,0.0,13.97,1.329,5.4761
1994-12-07,0.0,12.24,1.204,4.4904
1994-12-08,0.0,10.8,1.1,4.0249
1994-12-09,0.0,10.46,1.073,3.7374
1994-12-10,28.07,8.58,0.94,4.1801
1994-12-11,0.0,3.92,0.616,6.3888
1994-12-12,0.0,0.86,0.404,4.7003
1994-12-13,0.0,3.46,0.582,4.2075
1994-12-14,0.0,7.22,0.839,3.9382
1994-12-15,0.0,7.9,0.884,3.7146
1994-12-16,1.21,7.6,0.862,3.5412
1994-12-17,0.0,8.35,0.912,3.4499
1994-12-18,0.0,5.67,0.729,3.313
1994-12-19,0.0,3.78,0.599,3.1716
1994-12-20,0.0,3.14,0.556,3.0894
1994-12-21,4.89,4.72,0.664,3.0347
1994-12-22,11.11,7.36,0.845,3.2902
1994-12-23,2.02,8.91,0.951,3.6827
1994-12-24,0.0,8.9,0.951,3.199
1994-12-25,0.0,8.31,0.912,3.021
1994-12-26,0.0,9.4,0.987,2.9343
1994-12-27,0.0,8.1,0.9,2.8704
1994-12-28,0.0,8.98,0.962,2.8248
1994-12-29,0.0,8.78,0.95,2.7609
1994-12-30,5.96,7.36,0.855,2.7061
1994-12-31,4.43,6.85,0.822,2.9115
1995-01-01,0.0,8.61,0.947,2.9343
1995-01-02,0.0,3.28,0.577,2.6833
1995-01-03,0.0,1.35,0.444,2.5738
1995-01-04,0.0,0.37,0.377,2.5418
1995-01-05,0.0,-2.82,0.154,2.4642
1995-01-06,35.67,-1.14,0.273,2.7517
1995-01-07,0.0,3.15,0.58,6.8908
1995-01-08,0.0,3.45,0.604,4.171
1995-01-09,0.0,4.99,0.718,3.5823
1995-01-10,0.0,5.24,0.739,3.2994
1995-01-11,11.04,6.49,0.834,3.1807
1995-01-12,9.38,10.07,1.099,4.1938
1995-01-13,21.86,12.46,1.281,3.7694
1995-01-14,44.53,13.97,1.4,8.3967
1995-01-15,6.17,12.32,1.286,19.1664
1995-01-16,0.0,10.28,1.141,9.7657
1995-01-17,0.0,9.18,1.066,7.3015
1995-01-18,0.0,8.34,1.009,6.1606
1995-01-19,16.42,7.62,0.962,5.8412
1995-01-20,0.0,4.05,0.694,6.5257
1995-01-21,0.0,2.94,0.613,5.4761
1995-01-22,0.0,2.58,0.59,4.9741
1995-01-23,0.0,2.91,0.62,4.746
1995-01-24,0.0,1.53,0.516,4.4722
1995-01-25,0.0,3.02,0.638,4.2805
1995-01-26,0.0,3.98,0.72,4.1527
1995-01-27,25.21,3.53,0.689,3.9702
1995-01-28,13.32,6.17,0.91,4.9741
1995-01-29,3.09,4.94,0.815,4.8372
1995-01-30,0.0,3.51,0.704,4.4128
1995-01-31,0.0,3.03,0.67,4.2075
1995-02-01,0.0,5.92,0.918,3.9884
1995-02-02,1.06,8.82,1.173,3.8607
1995-02-03,4.07,6.88,1.017,3.7374
1995-02-04,1.89,2.58,0.654,3.7557
1995-02-05,0.0,-1.9,0.269,3.5321
1995-02-06,0.0,-4.08,0.081,3.3769
1995-02-07,1.55,-2.37,0.233,3.3039
1995-02-08,0.0,-4.9,0.008,3.2583
1995-02-09,7.55,-4.49,0.046,3.0621
1995-02-10,16.46,-0.31,0.426,3.3815
1995-02-11,4.56,3.43,0.773,3.4408
1995-02-12,0.0,0.98,0.553,3.2765
1995-02-13,0.0,0.4,0.504,3.0986
1995-02-14,14.5,3.64,0.814,3.0575
1995-02-15,32.83,5.98,1.043,3.3039
1995-02-16,51.66,8.68,1.311,12.8232
1995-02-17,11.24,10.0,1.45,12.4125
1995-02-18,9.93,8.06,1.274,8.5792
1995-02-19,1.45,8.95,1.373,7.2558
1995-02-20,0.0,9.55,1.445,6.1606
1995-02-21,0.0,7.82,1.285,5.613
1995-02-22,0.0,7.46,1.26,5.111
1995-02-23,0.0,9.42,1.47,4.8829
1995-02-24,0.0,9.48,1.49,4.6091
1995-02-25,0.0,6.59,1.203,4.3444
1995-02-26,0.0,9.13,1.48,4.2212
1995-02-27,28.69,9.99,1.583,4.3991
1995-02-28,28.48,13.3,1.95,10.359
1995-03-01,6.12,12.53,1.884,7.8034
1995-03-02,0.0,8.94,1.511,6.6626
1995-03-03,5.62,7.03,1.315,5.9324
1995-03-04,5.1,5.45,1.152,5.7955
1995-03-05,13.27,6.78,1.31,5.5217
1995-03-06,3.77,10.06,1.688,6.3888
1995-03-07,16.11,13.07,2.043,5.8868
1995-03-08,34.97,11.21,1.848,9.4006
1995-03-09,0.0,4.68,1.112,8.8987
1995-03-10,0.0,5.7,1.24,7.0733
1995-03-11,0.0,8.1,1.53,6.3888
1995-03-12,0.0,10.6,1.837,5.8868
1995-03-13,0.0,11.15,1.916,5.5674
1995-03-14,0.0,12.31,2.07,5.3392
1995-03-15,0.0,12.96,2.164,5.1567
1995-03-16,0.0,13.58,2.257,4.9285
1995-03-17,0.0,15.1,2.46,4.8372
1995-03-18,0.0,14.94,2.458,4.6547
1995-03-19,0.0,11.29,2.023,4.495
1995-03-20,11.54,12.58,2.2,4.3991
1995-03-21,0.0,14.0,2.394,4.7003
1995-03-22,0.0,15.74,2.633,4.3261
1995-03-23,0.0,19.55,3.138,4.2029
1995-03-24,0.0,14.16,2.466,4.0432
1995-03-25,0.0,12.76,2.302,3.9109
1995-03-26,0.0,13.24,2.38,3.8105
1995-03-27,9.82,14.5,2.563,4.0067
1995-03-28,0.0,13.26,2.416,3.9154
1995-03-29,0.0,12.56,2.338,3.6736
1995-03-30,0.0,13.04,2.416,3.5868
1995-03-31,0.0,10.99,2.156,3.4956
1995-04-01,0.0,9.23,1.93,3.418
1995-04-02,0.0,9.85,2.027,3.3404
1995-04-03,0.0,10.66,2.151,3.2492
1995-04-04,0.0,12.43,2.408,3.2172
1995-04-05,0.0,12.72,2.463,3.1625
1995-04-06,0.0,14.04,2.662,3.094
1995-04-07,0.0,15.08,2.822,3.0347
1995-04-08,0.0,16.22,3.0,2.9845
1995-04-09,0.0,17.51,3.2,2.9343
1995-04-10,0.0,19.44,3.492,2.8841
1995-04-11,11.27,16.55,3.096,2.8476
1995-04-12,7.46,15.66,2.983,3.3724
1995-04-13,0.0,14.31,2.803,3.2035
1995-04-14,0.0,13.26,2.664,2.8613
1995-04-15,0.0,14.3,2.83,2.7472
1995-04-16,0.0,16.98,3.239,2.6879
1995-04-17,0.0,17.91,3.392,2.665
1995-04-18,0.0,20.56,3.802,2.6422
1995-04-19,8.92,21.01,3.886,2.592
1995-04-20,16.79,19.77,3.718,2.8248
1995-04-21,9.38,20.0,3.768,3.0712
1995-04-22,5.75,16.99,3.329,2.8384
1995-04-23,14.55,14.17,2.915,2.989
1995-04-24,0.0,10.28,2.332,3.5823
1995-04-25,0.0,10.51,2.377,2.843
1995-04-26,0.0,12.43,2.682,2.6148
1995-04-27,0.0,14.18,2.962,2.5281
1995-04-28,0.0,15.61,3.196,2.4642
1995-04-29,0.0,15.3,3.159,2.3684
1995-04-30,0.0,15.5,3.202,2.2863
1995-05-01,18.54,16.19,3.321,2.3137
1995-05-02,0.0,14.0,2.989,2.8293
1995-05-03,0.0,11.58,2.617,2.4049
1995-05-04,5.14,13.66,2.955,2.3
1995-05-05,0.0,16.01,3.337,2.2726
1995-05-06,0.0,15.07,3.197,2.1266
1995-05-07,0.0,17.56,3.605,2.0672
1995-05-08,4.72,17.68,3.634,2.0262
1995-05-09,7.58,19.76,3.98,1.9988
1995-05-10,0.95,21.4,4.254,2.4506
1995-05-11,0.0,20.96,4.195,2.1996
1995-05-12,0.0,18.07,3.737,1.9897
1995-05-13,0.0,17.02,3.577,1.8938
1995-05-14,15.12,20.68,4.183,2.0581
1995-05-15,0.0,22.66,4.514,2.0672
1995-05-16,0.0,20.7,4.205,1.8573
1995-05-17,0.0,21.62,4.365,1.7843
1995-05-18,14.92,21.7,4.389,1.7341
1995-05-19,0.0,20.23,4.155,1.9303
1995-05-20,0.0,17.58,3.726,1.7569
1995-05-21,0.0,17.44,3.709,1.6018
1995-05-22,0.0,18.64,3.917,1.5561
1995-05-23,0.0,19.37,4.043,1.5287
1995-05-24,0.0,20.2,4.19,1.474
1995-05-25,0.0,21.5,4.412,1.4375
1995-05-26,5.82,22.63,4.608,1.4101
1995-05-27,35.96,22.18,4.54,1.4877
1995-05-28,8.39,21.47,4.427,2.7152
1995-05-29,8.5,22.78,4.653,2.2863
1995-05-30,0.0,21.82,4.497,1.798
1995-05-31,10.99,19.73,4.152,1.6246
1995-06-01,11.45,21.42,4.442,2.3593
1995-06-02,23.42,22.3,4.596,2.9571
1995-06-03,0.0,21.92,4.537,3.993
1995-06-04,0.0,22.01,4.555,2.8613
1995-06-05,11.17,22.68,4.673,2.3319
1995-06-06,4.75,23.38,4.794,2.5783
1995-06-07,6.56,23.36,4.796,2.3547
1995-06-08,0.0,24.8,5.043,2.1448
1995-06-09,0.0,25.15,5.105,1.9486
1995-06-10,0.0,24.02,4.917,1.8893
1995-06-11,36.02,23.15,4.772,1.8573
1995-06-12,11.39,21.91,4.564,3.0803
1995-06-13,0.0,17.62,3.839,2.4506
1995-06-14,0.0,17.31,3.787,1.9258
1995-06-15,5.38,19.16,4.103,1.8254
1995-06-16,0.0,18.9,4.058,1.9029
1995-06-17,10.91,19.86,4.223,1.7387
1995-06-18,0.0,19.19,4.109,2.0946
1995-06-19,2.74,19.38,4.142,1.7341
1995-06-20,0.0,19.7,4.197,1.6839
1995-06-21,12.19,20.2,4.28,1.6656
1995-06-22,6.76,20.34,4.304,1.8254
1995-06-23,16.21,21.22,4.452,1.9623
1995-06-24,9.46,22.71,4.704,1.8664
1995-06-25,14.42,23.37,4.815,1.8299
1995-06-26,17.69,23.66,4.862,3.0986
1995-06-27,0.0,22.8,4.715,2.9297
1995-06-28,0.0,21.95,4.568,2.2817
1995-06-29,0.0,22.62,4.679,2.0764
1995-06-30,5.91,22.67,4.685,2.5281
1995-07-01,3.8,22.58,4.665,2.8339
1995-07-02,0.0,22.6,4.666,2.3639
1995-07-03,5.92,22.71,4.68,2.0764
1995-07-04,0.0,23.4,4.793,2.3273
1995-07-05,0.0,24.84,5.03,1.9349
1995-07-06,0.0,24.52,4.972,1.7843
1995-07-07,0.0,23.18,4.741,1.7113
1995-07-08,0.0,22.8,4.671,1.6109
1995-07-09,0.0,21.98,4.528,1.5196
1995-07-10,0.0,23.6,4.796,1.4785
1995-07-11,0.0,25.53,5.112,1.5424
1995-07-12,0.0,25.1,5.033,1.6337
1995-07-13,0.0,25.22,5.045,1.5972
1995-07-14,0.0,26.02,5.171,1.4101
1995-07-15,0.0,26.04,5.166,1.5653
1995-07-16,0.35,26.35,5.209,1.6611
1995-07-17,7.17,25.63,5.081,1.5196
1995-07-18,0.0,25.85,5.108,1.4968
1995-07-19,0.0,25.2,4.991,1.3553
1995-07-20,4.88,26.16,5.14,1.2823
1995-07-21,4.64,26.0,5.104,1.6565
1995-07-22,0.0,25.7,5.045,1.4147
1995-07-23,0.0,26.42,5.151,1.328
1995-07-24,0.0,26.8,5.203,1.1911
1995-07-25,0.0,26.44,5.131,1.1272
1995-07-26,3.22,26.48,5.127,1.0907
1995-07-27,37.85,24.96,4.868,1.1363
1995-07-28,0.0,24.58,4.794,6.7539
1995-07-29,0.0,25.56,4.94,3.3039
1995-07-30,0.0,25.32,4.887,2.0992
1995-07-31,0.0,25.36,4.881,1.8208
1995-08-01,0.0,24.99,4.809,1.6656
1995-08-02,2.62,24.01,4.637,1.6155
1995-08-03,15.61,24.33,4.676,1.8299
1995-08-04,18.74,24.93,4.757,2.9343
1995-08-05,0.0,25.0,4.753,5.8868
1995-08-06,7.1,24.86,4.716,3.6462
1995-08-07,30.47,24.11,4.583,2.8019
1995-08-08,6.6,21.6,4.175,3.8789
1995-08-09,4.58,22.62,4.319,2.9388
1995-08-10,13.43,23.42,4.429,2.7107
1995-08-11,0.0,24.98,4.655,3.1077
1995-08-12,0.0,25.96,4.791,2.7107
1995-08-13,0.0,26.88,4.914,2.3
1995-08-14,0.0,28.22,5.101,2.0307
1995-08-15,0.0,27.83,5.021,2.017
1995-08-16,0.0,28.05,5.036,1.8208
1995-08-17,0.0,27.42,4.919,1.693
1995-08-18,0.0,27.4,4.897,1.6018
1995-08-19,30.28,25.18,4.542,1.6428
1995-08-20,13.95,23.75,4.308,2.1904
1995-08-21,10.18,24.52,4.404,1.7615
1995-08-22,0.0,24.9,4.44,1.7843
1995-08-23,2.61,24.15,4.309,2.2041
1995-08-24,0.91,23.46,4.189,1.6063
1995-08-25,21.63,22.98,4.098,1.547
1995-08-26,80.77,22.32,3.981,2.6331
1995-08-27,22.2,23.54,4.14,13.1883
1995-08-28,0.0,24.2,4.214,6.7082
1995-08-29,0.0,24.33,4.211,4.1527
1995-08-30,0.0,23.99,4.14,3.4226
1995-08-31,0.0,24.73,4.224,3.1944
1995-09-01,0.0,24.3,4.14,3.1031
1995-09-02,0.0,21.39,3.709,2.9206
1995-09-03,0.0,20.07,3.504,2.7381
1995-09-04,0.0,19.87,3.456,2.4642
1995-09-05,0.0,20.02,3.457,2.2817
1995-09-06,0.0,20.04,3.439,2.0992
1995-09-07,0.0,20.98,3.547,1.9623
1995-09-08,0.0,21.48,3.595,1.871
1995-09-09,0.0,22.14,3.662,1.7797
1995-09-10,20.56,21.52,3.556,1.871
1995-09-11,1.97,21.34,3.509,2.875
1995-09-12,0.0,20.78,3.414,2.0992
1995-09-13,12.96,21.99,3.551,1.871
1995-09-14,6.19,22.1,3.541,1.9166
1995-09-15,3.49,20.9,3.362,1.7797
1995-09-16,6.61,20.97,3.349,1.7341
1995-09-17,0.0,22.68,3.545,2.2817
1995-09-18,0.0,20.17,3.202,1.6428
1995-09-19,0.0,20.74,3.251,1.5059
1995-09-20,0.0,19.43,3.064,1.4603
1995-09-21,2.6,20.7,3.201,1.4603
1995-09-22,5.95,19.4,3.017,1.7341
1995-09-23,4.21,14.38,2.378,1.7341
1995-09-24,1.21,14.16,2.335,1.6885
1995-09-25,0.97,16.82,2.639,1.5972
1995-09-26,0.0,19.36,2.924,1.5516
1995-09-27,0.0,17.82,2.718,1.4603
1995-09-28,0.0,17.72,2.685,1.3918
1995-09-29,0.0,17.18,2.601,1.3234
1995-09-30,0.0,17.5,2.617,1.2869
1995-10-01,0.0,19.65,2.846,1.2686
1995-10-02,7.56,19.99,2.862,1.2413
1995-10-03,58.65,19.4,2.771,1.2914
1995-10-04,98.73,18.95,2.699,9.7657
1995-10-05,23.24,19.56,2.745,26.9242
1995-10-06,0.0,19.89,2.759,11.1804
1995-10-07,0.0,17.94,2.522,6.6626
1995-10-08,0.0,16.05,2.294,4.8829
1995-10-09,0.0,16.13,2.285,4.139
1995-10-10,0.0,16.92,2.35,3.6599
1995-10-11,0.0,17.94,2.438,3.3222
1995-10-12,7.9,18.21,2.446,3.0712
1995-10-13,34.01,17.61,2.363,3.0301
1995-10-14,25.24,17.38,2.318,5.2936
1995-10-15,0.0,12.71,1.819,4.4813
1995-10-16,0.0,12.44,1.776,3.5184
1995-10-17,0.0,12.31,1.747,3.1442
1995-10-18,0.0,12.69,1.77,2.9343
1995-10-19,0.0,13.92,1.876,2.7928
1995-10-20,3.23,13.58,1.827,2.7244
1995-10-21,0.0,9.48,1.411,2.6331
1995-10-22,0.0,10.96,1.541,2.4734
1995-10-23,0.0,11.48,1.578,2.4049
1995-10-24,0.0,14.28,1.83,2.3639
1995-10-25,0.0,12.88,1.683,2.3091
1995-10-26,0.0,13.44,1.72,2.2361
1995-10-27,12.2,12.96,1.661,2.2406
1995-10-28,0.0,12.42,1.596,2.4734
1995-10-29,0.0,9.6,1.327,2.1631
1995-10-30,3.84,7.99,1.17,2.0764
1995-10-31,12.47,10.19,1.356,2.1448
1995-11-01,19.44,12.9,1.585,2.3593
1995-11-02,21.79,15.32,1.783,3.5914
1995-11-03,3.01,15.08,1.748,3.8835
1995-11-04,0.0,6.26,0.972,2.9343
1995-11-05,9.38,3.0,0.685,2.5966
1995-11-06,29.01,6.42,0.969,2.4688
1995-11-07,47.84,8.9,1.17,7.6209
1995-11-08,0.0,6.66,0.974,6.982
1995-11-09,0.0,4.15,0.758,4.3079
1995-11-10,45.07,5.76,0.883,3.6599
1995-11-11,32.85,7.94,1.054,11.226
1995-11-12,0.0,4.04,0.731,9.857
1995-11-13,0.0,3.96,0.719,6.3888
1995-11-14,0.0,4.46,0.753,5.2023
1995-11-15,0.0,3.19,0.647,4.5178
1995-11-16,0.0,2.99,0.627,4.1253
1995-11-17,0.0,4.54,0.743,3.8378
1995-11-18,0.0,6.9,0.92,3.6462
1995-11-19,0.0,9.22,1.091,3.4819
1995-11-20,0.0,8.81,1.053,3.3359
1995-11-21,0.0,8.12,0.994,3.2035
1995-11-22,0.0,5.19,0.767,3.0529
1995-11-23,0.79,6.1,0.83,2.948
1995-11-24,0.0,7.32,0.915,2.9115
1995-11-25,0.0,9.04,1.037,2.8202
1995-11-26,0.0,9.73,1.082,2.7472
1995-11-27,0.0,9.07,1.027,2.6833
1995-11-28,5.87,12.23,1.252,2.6696
1995-11-29,0.0,10.34,1.108,2.8886
1995-11-30,0.0,7.74,0.916,2.6285
1995-12-01,0.0,8.85,0.991,2.519
1995-12-02,0.0,10.4,1.097,2.4551
1995-12-03,0.0,10.08,1.07,2.3958
1995-12-04,0.0,11.51,1.166,2.373
1995-12-05,2.7,10.76,1.109,2.3502
1995-12-06,16.96,8.18,0.924,2.3684
1995-12-07,10.29,5.78,0.753,2.7609
1995-12-08,20.42,1.84,0.476,2.4916
1995-12-09,0.0,1.89,0.478,3.1168
1995-12-10,0.0,-2.65,0.163,2.8567
1995-12-11,0.0,-1.81,0.22,2.5144
1995-12-12,0.0,0.88,0.405,2.4232
1995-12-13,0.0,5.4,0.715,2.373
1995-12-14,0.0,9.04,0.963,2.3182
1995-12-15,0.0,13.24,1.25,2.2863
1995-12-16,0.0,13.38,1.258,2.2406
1995-12-17,5.42,7.62,0.863,2.1768
1995-12-18,26.96,7.64,0.863,2.3684
1995-12-19,13.39,8.18,0.901,4.746
1995-12-20,0.0,4.01,0.615,4.0112
1995-12-21,0.0,-0.25,0.324,3.1259
1995-12-22,0.0,-1.33,0.251,2.8248
1995-12-23,0.0,-1.58,0.234,2.6422
1995-12-24,0.0,-2.17,0.194,2.4962
1995-12-25,0.0,-1.76,0.222,2.4186
1995-12-26,0.0,-1.37,0.249,2.3502
1995-12-27,0.0,-0.22,0.328,2.3
1995-12-28,0.0,-0.34,0.321,2.2361
1995-12-29,0.0,1.08,0.419,2.1813
1995-12-30,0.0,1.52,0.451,2.1722
1995-12-31,5.93,5.14,0.704,2.195
1996-01-01,9.82,7.89,0.897,2.3228
1996-01-02,9.09,6.94,0.833,3.0027
1996-01-03,0.0,3.98,0.629,3.3267
1996-01-04,0.0,0.53,0.389,2.6559
1996-01-05,6.87,1.28,0.443,2.4642
1996-01-06,13.31,2.32,0.518,2.5738
1996-01-07,10.41,-1.56,0.244,3.0027
1996-01-08,0.0,-3.59,0.101,2.5099
1996-01-09,0.0,-2.3,0.194,2.4186
1996-01-10,0.0,1.64,0.48,2.446
1996-01-11,12.77,-0.4,0.333,2.3684
1996-01-12,0.0,0.48,0.4,2.4779
1996-01-13,0.0,3.91,0.654,2.3319
1996-01-14,0.0,6.46,0.845,2.373
1996-01-15,0.0,9.16,1.051,2.5373
1996-01-16,0.0,6.62,0.868,2.8795
1996-01-17,8.62,7.69,0.954,2.9708
1996-01-18,53.63,10.73,1.19,4.7916
1996-01-19,0.0,0.25,0.4,18.7557
1996-01-20,0.0,-1.94,0.235,8.0316
1996-01-21,0.0,0.35,0.413,5.8868
1996-01-22,0.0,1.72,0.522,4.8829
1996-01-23,21.06,3.56,0.671,4.3581
1996-01-24,0.0,6.6,0.916,5.5674
1996-01-25,0.0,1.32,0.502,5.2479
1996-01-26,108.36,2.41,0.594,6.4801
1996-01-27,0.0,4.51,0.769,28.7952
1996-01-28,0.0,0.28,0.43,12.1387
1996-01-29,3.43,0.84,0.479,9.3094
1996-01-30,9.28,5.1,0.835,8.0773
1996-01-31,0.0,7.08,1.008,7.5296
1996-02-01,34.46,1.55,0.551,6.6626
1996-02-02,40.81,1.1,0.517,10.2677
1996-02-03,5.73,-2.2,0.239,13.4165
1996-02-04,0.0,-7.12,0.0,9.2637
1996-02-05,0.0,-7.81,0.0,7.7122
1996-02-06,0.0,-3.56,0.126,6.982
1996-02-07,0.0,0.72,0.506,6.5257
1996-02-08,5.61,6.98,1.07,6.1606
1996-02-09,0.0,11.7,1.505,6.1606
1996-02-10,0.0,8.86,1.26,5.7043
1996-02-11,0.0,8.86,1.271,5.4305
1996-02-12,0.0,2.41,0.685,5.0654
1996-02-13,0.0,3.18,0.763,4.8829
1996-02-14,0.0,7.19,1.148,4.7916
1996-02-15,0.0,8.88,1.319,4.6091
1996-02-16,0.0,1.92,0.664,4.4493
1996-02-17,0.0,-0.39,0.446,4.2668
1996-02-18,0.0,2.6,0.742,4.2075
1996-02-19,40.19,4.66,0.952,4.0797
1996-02-20,0.0,10.17,1.506,6.8451
1996-02-21,0.0,12.06,1.71,5.7955
1996-02-22,0.0,13.68,1.889,4.9285
1996-02-23,0.0,15.44,2.085,4.6091
1996-02-24,0.0,14.09,1.964,4.3535
1996-02-25,0.0,12.12,1.778,4.098
1996-02-26,0.0,14.63,2.056,4.0021
1996-02-27,1.75,16.26,2.246,3.92
1996-02-28,1.78,15.21,2.153,3.8652
1996-02-29,0.0,5.64,1.144,3.6964
1996-03-01,0.0,4.78,1.061,3.6051
1996-03-02,0.0,5.14,1.108,3.5732
1996-03-03,0.0,5.89,1.201,3.4408
1996-03-04,0.0,6.43,1.271,3.313
1996-03-05,55.08,9.42,1.617,3.3085
1996-03-06,46.07,13.46,2.087,6.7539
1996-03-07,0.0,11.76,1.91,8.6705
1996-03-08,0.0,-3.17,0.21,6.982
1996-03-09,0.0,-3.88,0.13,5.2023
1996-03-10,0.0,-1.23,0.44,4.6547
1996-03-11,0.0,2.97,0.938,4.3261
1996-03-12,0.0,5.02,1.188,4.1345
1996-03-13,0.0,8.11,1.568,3.961
1996-03-14,0.0,10.96,1.923,3.8241
1996-03-15,10.43,13.18,2.208,3.8241
1996-03-16,11.13,13.56,2.271,3.9656
1996-03-17,0.0,13.42,2.27,3.7374
1996-03-18,27.32,10.38,1.911,3.5595
1996-03-19,5.36,4.92,1.241,5.3848
1996-03-20,0.0,1.54,0.824,4.746
1996-03-21,0.0,2.21,0.915,4.1025
1996-03-22,0.0,4.0,1.15,3.847
1996-03-23,0.0,6.04,1.421,3.6051
1996-03-24,0.0,9.67,1.901,3.4545
1996-03-25,11.16,11.18,2.111,3.6051
1996-03-26,0.0,11.2,2.128,3.6964
1996-03-27,27.25,8.56,1.794,3.4408
1996-03-28,6.42,8.05,1.737,4.9741
1996-03-29,0.0,10.66,2.099,5.2479
1996-03-30,7.1,9.75,1.988,4.4265
1996-03-31,13.2,9.08,1.911,4.4128
1996-04-01,0.0,10.7,2.143,5.0198
1996-04-02,0.0,10.98,2.195,4.4128
1996-04-03,0.0,13.2,2.515,4.0614
1996-04-04,0.0,15.32,2.824,3.8652
1996-04-05,0.0,13.83,2.632,3.6918
1996-04-06,0.0,10.36,2.159,3.5549
1996-04-07,0.0,7.78,1.806,3.4363
1996-04-08,2.55,7.51,1.778,3.3176
1996-04-09,0.0,6.6,1.659,3.313
1996-04-10,0.0,7.76,1.833,3.1716
1996-04-11,0.0,11.44,2.374,3.1077
1996-04-12,0.0,14.28,2.798,3.0392
1996-04-13,5.81,15.28,2.959,3.0347
1996-04-14,0.0,16.38,3.134,3.0255
1996-04-15,3.65,16.79,3.211,2.9252
1996-04-16,0.0,12.52,2.594,2.9297
1996-04-17,0.0,13.68,2.778,2.7928
1996-04-18,3.88,13.74,2.799,2.7335
1996-04-19,9.4,13.83,2.826,2.8065
1996-04-20,36.15,15.58,3.103,3.1853
1996-04-21,0.0,18.9,3.619,4.4539
1996-04-22,0.0,18.38,3.555,3.4317
1996-04-23,3.3,17.66,3.459,3.0894
1996-04-24,0.0,12.35,2.659,2.9069
1996-04-25,14.21,13.9,2.909,2.7609
1996-04-26,7.95,15.74,3.205,3.1853
1996-04-27,0.0,15.62,3.198,3.1761
1996-04-28,0.0,16.18,3.296,2.8202
1996-04-29,32.83,19.17,3.775,2.875
1996-04-30,0.0,14.93,3.125,4.3672
1996-05-01,0.0,12.49,2.751,3.7374
1996-05-02,0.0,16.05,3.322,3.2583
1996-05-03,0.0,18.15,3.665,3.0164
1996-05-04,0.0,20.23,4.007,2.843
1996-05-05,0.0,21.26,4.183,2.7335
1996-05-06,16.47,21.76,4.276,2.7198
1996-05-07,3.19,19.65,3.951,2.8932
1996-05-08,0.0,21.06,4.189,2.7061
1996-05-09,0.0,21.66,4.298,2.6742
1996-05-10,2.01,20.44,4.111,2.5738
1996-05-11,3.56,19.26,3.93,2.5099
1996-05-12,0.0,15.09,3.264,2.4323
1996-05-13,0.0,13.03,2.936,2.3182
1996-05-14,0.0,12.25,2.816,2.341
1996-05-15,8.82,14.08,3.123,2.5555
1996-05-16,0.0,19.18,3.965,2.6331
1996-05-17,0.0,21.72,4.392,2.414
1996-05-18,0.0,23.52,4.697,2.3593
1996-05-19,0.0,24.12,4.804,2.3273
1996-05-20,0.0,24.47,4.872,2.1311
1996-05-21,0.0,23.63,4.742,1.944
1996-05-22,0.0,23.67,4.758,1.9166
1996-05-23,0.0,22.44,4.561,1.9166
1996-05-24,32.64,24.0,4.828,1.9531
1996-05-25,0.0,23.14,4.694,3.4363
1996-05-26,24.57,22.78,4.64,2.8932
1996-05-27,21.29,22.23,4.555,3.4728
1996-05-28,0.0,22.6,4.623,3.2765
1996-05-29,0.0,21.98,4.524,2.8202
1996-05-30,0.0,17.94,3.851,2.4095
1996-05-31,0.0,16.23,3.568,2.3137
1996-06-01,0.0,15.62,3.471,2.2224
1996-06-02,0.0,17.44,3.782,2.1585
1996-06-03,0.0,20.26,4.259,2.1494
1996-06-04,0.0,19.34,4.108,2.1722
1996-06-05,0.0,18.86,4.031,2.1904
1996-06-06,0.0,20.05,4.236,2.049
1996-06-07,9.61,20.92,4.387,1.9668
1996-06-08,70.28,20.31,4.286,2.1722
1996-06-09,15.03,21.07,4.417,8.9899
1996-06-10,11.84,19.32,4.123,6.3888
1996-06-11,4.79,19.57,4.167,5.9324
1996-06-12,9.51,20.53,4.332,4.3352
1996-06-13,0.0,22.22,4.619,3.6507
1996-06-14,0.0,22.82,4.724,3.2857
1996-06-15,0.0,23.01,4.756,3.1031
1996-06-16,0.0,22.61,4.69,3.1031
1996-06-17,0.0,23.26,4.801,2.9206
1996-06-18,2.99,23.76,4.886,3.0119
1996-06-19,0.0,24.92,5.083,2.8476
1996-06-20,0.0,24.41,4.996,2.8111
1996-06-21,0.0,25.52,5.183,2.5646
1996-06-22,0.0,26.28,5.311,2.4186
1996-06-23,0.0,25.86,5.239,2.268
1996-06-24,0.0,26.1,5.279,2.1722
1996-06-25,0.0,25.58,5.187,2.2543
1996-06-26,0.0,23.6,4.85,2.0444
1996-06-27,0.0,24.07,4.927,1.9805
1996-06-28,0.0,23.38,4.808,1.9577
1996-06-29,0.0,24.16,4.937,1.8664
1996-06-30,0.0,24.64,5.013,1.7934
1996-07-01,0.0,25.32,5.126,1.7341
1996-07-02,0.0,25.55,5.16,1.6793
1996-07-03,0.0,24.76,5.022,1.6063
1996-07-04,0.0,20.14,4.239,1.5287
1996-07-05,2.24,20.8,4.346,1.474
1996-07-06,0.0,23.84,4.852,1.5196
1996-07-07,4.58,23.68,4.82,1.5014
1996-07-08,0.0,24.17,4.897,1.4375
1996-07-09,0.0,25.25,5.071,1.3918
1996-07-10,0.0,23.26,4.732,1.3143
1996-07-11,0.0,22.01,4.516,1.2641
1996-07-12,0.0,22.54,4.599,1.2367
1996-07-13,8.85,23.16,4.694,1.3234
1996-07-14,17.38,24.32,4.879,1.3964
1996-07-15,14.17,24.02,4.822,2.3365
1996-07-16,14.53,24.33,4.865,2.0946
1996-07-17,0.0,25.24,5.007,1.474
1996-07-18,0.0,25.9,5.108,1.328
1996-07-19,0.0,25.97,5.109,1.2504
1996-07-20,0.0,27.18,5.299,1.2047
1996-07-21,0.0,26.09,5.108,1.1865
1996-07-22,0.0,26.73,5.202,1.1637
1996-07-23,0.0,26.79,5.201,1.1363
1996-07-24,10.77,24.68,4.844,1.0861
1996-07-25,24.76,23.54,4.648,1.2595
1996-07-26,0.0,21.84,4.361,1.5105
1996-07-27,2.98,20.86,4.191,1.2139
1996-07-28,0.0,22.02,4.367,1.118
1996-07-29,0.0,22.69,4.464,1.1591
1996-07-30,13.45,22.48,4.418,1.1226
1996-07-31,12.39,22.94,4.48,1.4649
1996-08-01,0.0,23.23,4.513,1.6839
1996-08-02,4.38,22.22,4.34,1.3143
1996-08-03,0.0,22.8,4.419,1.5014
1996-08-04,0.0,23.29,4.483,1.2641
1996-08-05,22.2,24.27,4.623,2.6148
1996-08-06,0.0,24.48,4.641,3.5686
1996-08-07,15.48,25.16,4.733,2.0033
1996-08-08,5.91,23.58,4.47,2.1494
1996-08-09,0.0,24.44,4.588,1.7432
1996-08-10,0.0,22.7,4.301,1.5105
1996-08-11,42.56,22.06,4.187,2.875
1996-08-12,10.3,23.34,4.368,7.8034
1996-08-13,11.45,21.68,4.098,4.5087
1996-08-14,0.0,22.16,4.155,3.6599
1996-08-15,0.0,22.64,4.211,2.7746
1996-08-16,0.0,23.1,4.264,2.4825
1996-08-17,0.0,23.18,4.259,2.1357
1996-08-18,0.0,23.42,4.276,3.5503
1996-08-19,0.0,23.91,4.332,2.6605
1996-08-20,0.0,24.19,4.355,2.1768
1996-08-21,0.0,24.06,4.315,2.0079
1996-08-22,0.0,24.22,4.32,2.0992
1996-08-23,0.0,24.39,4.325,2.3867
1996-08-24,16.82,23.51,4.175,2.1813
1996-08-25,22.03,22.92,4.068,2.3273
1996-08-26,15.85,23.12,4.079,2.7107
1996-08-27,1.92,23.0,4.041,2.2315
1996-08-28,0.0,23.45,4.084,2.0398
1996-08-29,13.84,22.7,3.956,1.8847
1996-08-30,0.0,22.86,3.959,2.7244
1996-08-31,0.0,22.2,3.844,2.2954
1996-09-01,1.86,21.36,3.705,1.976
1996-09-02,8.48,20.52,3.567,1.871
1996-09-03,21.05,22.62,3.838,2.1357
1996-09-04,17.81,22.42,3.79,3.3815
1996-09-05,0.0,22.83,3.823,3.5914
1996-09-06,0.0,23.91,3.948,2.8202
1996-09-07,0.0,22.64,3.752,2.2954
1996-09-08,0.0,22.56,3.719,2.0764
1996-09-09,6.26,22.22,3.651,1.9486
1996-09-10,0.0,22.14,3.616,2.017
1996-09-11,12.7,22.7,3.668,2.0079
1996-09-12,0.0,21.74,3.517,2.8567
1996-09-13,0.0,19.08,3.147,2.0398
1996-09-14,0.0,15.7,2.687,1.7752
1996-09-15,10.9,16.26,2.742,1.6748
1996-09-16,33.44,17.49,2.881,2.0262
1996-09-17,0.0,20.7,3.269,3.7922
1996-09-18,0.0,17.39,2.828,2.341
1996-09-19,0.0,16.18,2.657,1.9988
1996-09-20,0.0,16.19,2.639,1.8391
1996-09-21,16.53,17.18,2.742,1.8208
1996-09-22,0.0,17.94,2.816,2.2635
1996-09-23,0.0,18.64,2.88,1.8026
1996-09-24,0.0,18.7,2.866,1.6611
1996-09-25,1.24,19.26,2.912,1.6063
1996-09-26,6.19,19.4,2.907,1.5561
1996-09-27,51.12,19.48,2.893,2.0353
1996-09-28,15.74,19.6,2.886,10.4959
1996-09-29,2.03,15.78,2.417,8.5792
1996-09-30,4.56,15.3,2.344,4.7003
1996-10-01,1.85,16.13,2.42,4.0569
1996-10-02,3.01,18.63,2.685,3.4956
1996-10-03,3.53,19.74,2.787,3.2263
1996-10-04,0.0,15.58,2.3,2.9617
1996-10-05,0.0,10.66,1.736,2.6787
1996-10-06,0.0,11.84,1.851,2.5008
1996-10-07,4.39,15.07,2.188,2.4186
1996-10-08,0.0,17.32,2.414,2.3502
1996-10-09,0.0,15.76,2.226,2.2087
1996-10-10,0.0,10.7,1.669,2.0581
1996-10-11,0.0,10.55,1.639,2.0307
1996-10-12,0.0,10.74,1.645,1.9577
1996-10-13,0.0,12.76,1.84,1.9258
1996-10-14,0.0,14.67,2.02,1.8847
1996-10-15,0.0,15.9,2.128,1.8345
1996-10-16,0.0,16.22,2.141,1.7889
1996-10-17,0.0,16.35,2.136,1.7615
1996-10-18,0.0,15.21,2.005,1.7889
1996-10-19,0.0,9.8,1.455,1.7341
1996-10-20,0.0,10.28,1.489,1.6885
1996-10-21,0.0,12.79,1.719,1.6155
1996-10-22,3.99,14.66,1.883,1.5835
1996-10-23,0.0,15.53,1.949,1.6018
1996-10-24,0.0,12.62,1.658,1.5698
1996-10-25,0.0,13.04,1.683,1.5151
1996-10-26,12.66,13.76,1.734,1.5151
1996-10-27,9.42,17.65,2.076,1.8847
1996-10-28,0.0,19.79,2.252,1.693
1996-10-29,0.0,19.92,2.245,1.5561
1996-10-30,0.0,20.62,2.288,1.5059
1996-10-31,0.0,16.24,1.881,1.4557
1996-11-01,11.63,12.44,1.531,1.4284
1996-11-02,0.0,9.51,1.263,1.6565
1996-11-03,0.0,5.26,0.885,1.5561
1996-11-04,0.0,5.8,0.924,1.4284
1996-11-05,0.0,10.28,1.297,1.4055
1996-11-06,8.07,13.78,1.58,1.401
1996-11-07,47.48,16.99,1.835,1.547
1996-11-08,0.0,13.58,1.539,6.8908
1996-11-09,0.0,4.42,0.774,3.8698
1996-11-10,0.0,3.11,0.661,2.6468
1996-11-11,0.0,2.58,0.613,2.2726
1996-11-12,0.0,2.82,0.627,2.0718
1996-11-13,0.89,3.44,0.672,1.9623
1996-11-14,0.0,6.78,0.931,1.9029
1996-11-15,0.0,6.11,0.871,1.8345
1996-11-16,0.0,4.52,0.742,1.7524
1996-11-17,3.81,6.4,0.881,1.7295
1996-11-18,9.59,10.07,1.157,1.8026
1996-11-19,0.0,11.54,1.262,2.0444
1996-11-20,9.58,10.2,1.151,1.8117
1996-11-21,6.66,10.7,1.181,1.7934
1996-11-22,0.0,7.44,0.931,2.049
1996-11-23,0.0,5.57,0.786,1.7889
1996-11-24,2.45,7.22,0.903,1.7113
1996-11-25,17.16,8.93,1.023,1.7295
1996-11-26,0.0,10.18,1.109,2.6696
1996-11-27,0.0,4.44,0.685,2.2087
1996-11-28,0.0,3.19,0.592,1.9668
1996-11-29,12.84,2.68,0.552,1.871
1996-11-30,83.37,7.21,0.874,2.5738
1996-12-01,48.99,11.6,1.182,26.4678
1996-12-02,0.0,6.66,0.827,12.2756
1996-12-03,0.0,6.75,0.83,6.982
1996-12-04,0.0,5.59,0.745,5.3848
1996-12-05,4.85,4.86,0.691,4.6091
1996-12-06,4.96,6.87,0.829,4.2759
1996-12-07,1.72,8.49,0.939,3.9337
1996-12-08,0.0,4.64,0.669,3.5823
1996-12-09,0.0,4.72,0.672,3.3222
1996-12-10,0.0,6.1,0.766,3.1396
1996-12-11,5.78,8.01,0.896,3.0255
1996-12-12,15.95,12.66,1.214,3.0575
1996-12-13,0.0,10.48,1.062,3.8835
1996-12-14,0.0,7.1,0.829,3.1853
1996-12-15,0.0,5.7,0.732,2.948
1996-12-16,11.34,3.98,0.614,2.8065
1996-12-17,0.0,6.43,0.781,3.1259
1996-12-18,2.95,2.74,0.529,2.9982
1996-12-19,0.0,-2.3,0.185,2.8065
1996-12-20,0.0,-4.74,0.018,2.6011
1996-12-21,0.0,-2.97,0.139,2.5099
1996-12-22,0.0,1.58,0.45,2.4688
1996-12-23,0.0,5.8,0.739,2.4551
1996-12-24,5.6,7.12,0.831,2.6011
1996-12-25,0.0,2.39,0.507,2.8248
1996-12-26,8.21,1.97,0.479,2.4825
1996-12-27,2.63,7.02,0.827,2.5875
1996-12-28,7.71,10.31,1.056,2.5373
1996-12-29,0.95,14.3,1.335,3.0438
1996-12-30,1.2,14.02,1.319,3.0392
1996-12-31,1.2,14.02,1.319,2.7563
1997-01-01,0.81,12.89,1.244,2.6057
1997-01-02,0.0,14.34,1.349,2.5053
1997-01-03,0.0,14.68,1.378,2.4277
1997-01-04,19.29,13.56,1.305,2.3502
1997-01-05,0.0,13.75,1.323,2.8384
1997-01-06,0.0,8.48,0.955,2.7837
1997-01-07,0.0,6.41,0.812,2.4962
1997-01-08,47.0,2.35,0.525,2.4506
1997-01-09,3.9,1.91,0.496,5.7499
1997-01-10,3.88,1.88,0.497,4.6547
1997-01-11,0.0,-3.82,0.086,3.6507
1997-01-12,0.0,-1.62,0.246,3.2035
1997-01-13,0.0,0.01,0.368,2.9708
1997-01-14,0.0,0.27,0.389,2.8065
1997-01-15,25.11,1.26,0.465,2.7244
1997-01-16,0.0,0.82,0.435,4.0843
1997-01-17,0.0,-4.78,0.016,3.3085
1997-01-18,0.0,-4.49,0.039,2.8978
1997-01-19,0.0,-1.37,0.277,2.8613
1997-01-20,0.0,3.56,0.656,2.7381
1997-01-21,0.0,6.94,0.923,2.6605
1997-01-22,8.05,7.64,0.984,2.6422
1997-01-23,18.8,10.43,1.209,2.9252
1997-01-24,45.98,8.14,1.037,4.9741
1997-01-25,0.0,8.25,1.054,8.2142
1997-01-26,0.0,2.88,0.631,5.3392
1997-01-27,19.53,5.1,0.816,4.3216
1997-01-28,0.0,9.13,1.151,5.4761
1997-01-29,1.02,5.31,0.846,4.8829
1997-01-30,0.0,6.18,0.925,4.2531
1997-01-31,0.0,7.04,1.005,3.9337
1997-02-01,0.0,9.7,1.237,3.6918
1997-02-02,0.0,9.44,1.224,3.5047
1997-02-03,4.93,9.09,1.205,3.3769
1997-02-04,7.28,9.95,1.29,3.5367
1997-02-05,0.0,10.45,1.344,4.2577
1997-02-06,0.0,5.6,0.931,3.7831
1997-02-07,14.99,8.01,1.152,3.491
1997-02-08,0.0,8.0,1.161,3.9109
1997-02-09,0.0,4.42,0.848,3.7009
1997-02-10,2.31,3.11,0.737,3.5138
1997-02-11,0.0,2.16,0.657,3.3541
1997-02-12,4.29,0.65,0.523,3.2081
1997-02-13,19.6,0.65,0.527,3.4499
1997-02-14,20.4,4.02,0.85,3.9428
1997-02-15,0.0,6.62,1.104,5.6586
1997-02-16,0.0,4.49,0.91,4.5087
1997-02-17,0.0,6.94,1.155,3.9747
1997-02-18,0.0,7.8,1.249,3.7009
1997-02-19,0.0,10.44,1.52,3.5503
1997-02-20,3.85,11.72,1.661,3.4089
1997-02-21,20.67,13.11,1.815,3.8652
1997-02-22,0.0,12.25,1.744,5.9324
1997-02-23,0.0,5.32,1.053,4.3307
1997-02-24,0.0,6.06,1.138,3.9428
1997-02-25,0.81,7.53,1.301,3.7283
1997-02-26,4.17,9.22,1.489,3.6142
1997-02-27,44.84,11.93,1.788,3.9017
1997-02-28,40.67,14.6,2.089,10.9522
1997-03-01,0.0,17.15,2.381,10.6328
1997-03-02,19.36,16.84,2.368,7.484
1997-03-03,3.78,18.21,2.537,7.1189
1997-03-04,0.0,14.38,2.136,6.7082
1997-03-05,12.68,13.53,2.06,5.8412
1997-03-06,0.0,9.38,1.613,6.0693
1997-03-07,0.0,9.52,1.642,5.2936
1997-03-08,0.0,11.93,1.93,4.9285
1997-03-09,0.0,12.72,2.036,4.6547
1997-03-10,0.0,17.04,2.553,4.495
1997-03-11,0.0,16.15,2.47,4.2896
1997-03-12,0.0,13.48,2.176,4.0888
1997-03-13,64.12,12.74,2.104,4.2805
1997-03-14,5.43,14.14,2.288,18.0255
1997-03-15,0.0,8.47,1.623,9.1725
1997-03-16,0.0,5.98,1.334,7.1646
1997-03-17,0.0,8.51,1.653,6.2975
1997-03-18,8.45,12.98,2.217,5.7499
1997-03-19,7.3,14.57,2.431,5.8868
1997-03-20,0.0,14.32,2.417,5.9781
1997-03-21,0.0,13.66,2.352,5.3392
1997-03-22,0.0,14.5,2.476,4.9741
1997-03-23,0.0,10.96,2.04,4.7003
1997-03-24,0.95,9.5,1.867,4.4767
1997-03-25,12.67,11.28,2.11,4.3535
1997-03-26,0.0,16.04,2.746,5.0198
1997-03-27,0.0,11.7,2.193,4.3946
1997-03-28,20.03,13.17,2.403,4.3854
1997-03-29,0.0,17.7,3.022,6.3432
1997-03-30,0.35,15.62,2.763,5.2023
1997-03-31,0.0,11.68,2.249,4.6091
1997-04-01,0.0,11.04,2.176,4.2668
1997-04-02,0.0,10.26,2.084,4.066
1997-04-03,0.0,12.94,2.465,3.9474
1997-04-04,0.0,14.38,2.678,3.8196
1997-04-05,24.27,17.24,3.091,3.7192
1997-04-06,8.91,16.88,3.058,5.4761
1997-04-07,0.0,14.97,2.807,5.3392
1997-04-08,0.0,10.76,2.227,4.3444
1997-04-09,0.0,11.9,2.402,4.0523
1997-04-10,0.0,8.65,1.952,3.8378
1997-04-11,45.61,10.11,2.172,3.7146
1997-04-12,9.02,13.99,2.743,8.1229
1997-04-13,0.0,13.36,2.666,6.7995
1997-04-14,0.0,8.28,1.938,5.2479
1997-04-15,0.0,10.51,2.274,4.7003
1997-04-16,0.0,11.48,2.429,4.3854
1997-04-17,0.0,11.02,2.372,4.1847
1997-04-18,0.0,9.02,2.086,3.9793
1997-04-19,4.74,11.32,2.438,3.8789
1997-04-20,0.0,13.44,2.768,3.7648
1997-04-21,26.5,14.78,2.983,3.6644
1997-04-22,10.7,16.59,3.269,4.4493
1997-04-23,3.96,13.6,2.829,4.4356
1997-04-24,0.0,10.56,2.376,4.0204
1997-04-25,0.0,11.44,2.52,3.7009
1997-04-26,6.56,11.08,2.474,3.5367
1997-04-27,36.14,10.69,2.424,3.8561
1997-04-28,25.96,14.82,3.074,6.7539
1997-04-29,0.0,16.19,3.298,7.5753
1997-04-30,0.0,17.53,3.519,5.613
1997-05-01,0.0,18.54,3.689,4.7916
1997-05-02,54.82,15.29,3.191,4.3261
1997-05-03,0.0,15.87,3.294,8.3967
1997-05-04,0.0,13.59,2.943,6.6626
1997-05-05,0.0,12.46,2.773,5.4305
1997-05-06,0.0,16.01,3.347,4.8372
1997-05-07,0.0,15.01,3.198,4.4722
1997-05-08,0.41,15.57,3.297,4.2531
1997-05-09,0.0,16.89,3.518,4.1071
1997-05-10,0.0,13.61,2.999,3.888
1997-05-11,0.0,12.42,2.814,3.7283
1997-05-12,0.0,14.19,3.109,3.6325
1997-05-13,0.0,15.1,3.266,3.5321
1997-05-14,0.76,14.9,3.241,3.3952
1997-05-15,0.0,16.0,3.429,3.3267
1997-05-16,0.0,13.73,3.064,3.1898
1997-05-17,0.0,15.58,3.375,3.094
1997-05-18,0.0,18.82,3.914,3.0347
1997-05-19,1.95,19.93,4.105,2.9617
1997-05-20,0.0,21.28,4.336,2.9845
1997-05-21,0.0,17.77,3.765,2.8567
1997-05-22,0.0,16.54,3.568,2.7381
1997-05-23,0.0,17.64,3.756,2.6879
1997-05-24,11.3,17.2,3.689,2.6468
1997-05-25,8.65,19.48,4.077,3.0621
1997-05-26,2.77,21.64,4.443,3.1259
1997-05-27,11.9,17.39,3.74,2.7791
1997-05-28,6.61,12.97,3.006,3.2263
1997-05-29,14.69,12.68,2.962,3.1853
1997-05-30,6.1,16.36,3.582,4.2714
1997-05-31,40.61,18.74,3.987,4.0614
1997-06-01,10.83,19.53,4.124,9.1268
1997-06-02,0.0,18.72,3.992,5.9781
1997-06-03,9.55,17.77,3.837,4.6091
1997-06-04,0.0,14.98,3.371,4.5543
1997-06-05,0.0,15.37,3.439,4.0295
1997-06-06,0.0,15.67,3.492,3.6736
1997-06-07,0.92,14.94,3.372,3.4134
1997-06-08,0.0,15.07,3.396,3.3085
1997-06-09,0.0,16.57,3.652,3.2172
1997-06-10,0.0,18.12,3.918,3.0986
1997-06-11,6.37,19.57,4.165,2.9617
1997-06-12,24.14,22.04,4.587,3.669
1997-06-13,29.33,23.68,4.867,4.5634
1997-06-14,9.13,22.53,4.673,4.066
1997-06-15,0.0,21.26,4.46,4.1573
1997-06-16,2.64,20.85,4.39,3.491
1997-06-17,9.08,21.8,4.551,3.3222
1997-06-18,0.0,22.81,4.724,3.1807
1997-06-19,0.0,22.72,4.708,2.9754
1997-06-20,0.0,23.24,4.797,2.8567
1997-06-21,5.78,23.82,4.895,2.8658
1997-06-22,0.0,23.42,4.827,3.0119
1997-06-23,0.0,23.6,4.856,2.7746
1997-06-24,0.0,25.05,5.102,2.7609
1997-06-25,0.0,25.18,5.122,2.592
1997-06-26,3.6,23.56,4.846,2.5236
1997-06-27,18.57,22.5,4.663,2.4962
1997-06-28,0.0,22.8,4.713,2.4871
1997-06-29,0.0,22.61,4.677,2.3958
1997-06-30,6.25,22.38,4.636,2.3091
1997-07-01,0.0,24.8,5.042,2.5646
1997-07-02,0.0,24.9,5.054,2.3045
1997-07-03,0.0,26.68,5.351,2.1676
1997-07-04,5.33,25.22,5.099,2.0718
1997-07-05,0.0,23.86,4.866,2.0946
1997-07-06,0.0,22.24,4.587,1.9942
1997-07-07,0.0,22.01,4.545,1.9395
1997-07-08,0.0,23.01,4.707,1.9075
1997-07-09,11.14,23.27,4.745,2.0764
1997-07-10,0.0,23.75,4.82,2.0855
1997-07-11,0.0,23.88,4.835,1.8938
1997-07-12,0.0,24.65,4.957,1.8391
1997-07-13,0.0,25.28,5.056,1.7934
1997-07-14,0.0,25.84,5.14,1.766
1997-07-15,0.0,25.18,5.023,1.7204
1997-07-16,5.73,24.96,4.978,1.8527
1997-07-17,0.0,24.86,4.954,1.9988
1997-07-18,0.0,25.3,5.017,1.8026
1997-07-19,0.0,25.99,5.122,1.7113
1997-07-20,0.0,25.76,5.074,1.6748
1997-07-21,10.39,25.29,4.987,1.5698
1997-07-22,20.94,24.37,4.826,1.8893
1997-07-23,71.64,24.8,4.886,5.613
1997-07-24,0.0,25.94,5.063,6.1606
1997-07-25,0.0,25.24,4.936,2.8521
1997-07-26,0.0,26.52,5.133,2.3821
1997-07-27,0.0,26.71,5.151,2.2041
1997-07-28,0.0,26.14,5.047,1.9897
1997-07-29,0.0,24.6,4.785,1.8801
1997-07-30,17.48,23.52,4.598,2.0627
1997-07-31,0.0,20.67,4.127,2.7746
1997-08-01,0.0,19.98,4.005,2.1357
1997-08-02,0.0,21.54,4.243,1.9029
1997-08-03,0.0,23.02,4.466,1.7934
1997-08-04,0.0,23.96,4.602,1.6885
1997-08-05,0.0,23.4,4.5,1.6063
1997-08-06,0.0,20.42,4.016,1.5333
1997-08-07,1.93,20.68,4.043,1.5242
1997-08-08,0.0,20.28,3.967,1.5424
1997-08-09,6.38,20.07,3.921,1.5379
1997-08-10,2.96,21.72,4.163,1.6063
1997-08-11,0.0,23.72,4.46,1.6748
1997-08-12,0.0,24.06,4.496,1.5151
1997-08-13,3.0,24.29,4.515,1.4649
1997-08-14,0.0,25.41,4.67,1.4694
1997-08-15,0.0,25.52,4.668,1.4375
1997-08-16,0.0,26.6,4.815,1.4968
1997-08-17,0.0,26.6,4.795,1.3782
1997-08-18,0.0,25.98,4.682,1.3416
1997-08-19,0.0,24.48,4.436,1.3051
1997-08-20,2.71,24.28,4.387,1.2914
1997-08-21,0.0,22.38,4.085,1.2869
1997-08-22,0.0,19.76,3.677,1.2321
1997-08-23,0.0,18.94,3.539,1.2139
1997-08-24,0.0,19.46,3.599,1.1911
1997-08-25,0.0,20.67,3.759,1.1774
1997-08-26,0.0,21.98,3.933,1.1637
1997-08-27,0.0,23.03,4.065,1.1774
1997-08-28,0.0,23.65,4.134,1.2686
1997-08-29,0.0,24.48,4.233,1.1682
1997-08-30,0.0,24.33,4.189,1.1272
1997-08-31,0.0,24.42,4.18,1.369
1997-09-01,0.0,25.05,4.246,1.7295
1997-09-02,0.0,24.73,4.178,1.4101
1997-09-03,0.0,23.97,4.049,1.3416
1997-09-04,0.0,20.52,3.547,1.1956
1997-09-05,0.0,17.66,3.132,1.1317
1997-09-06,0.0,18.87,3.279,1.0907
1997-09-07,0.0,20.58,3.494,1.0724
1997-09-08,0.0,21.33,3.574,1.0678
1997-09-09,10.01,21.89,3.628,1.0542
1997-09-10,13.4,21.17,3.51,1.3006
1997-09-11,0.0,19.46,3.26,1.3143
1997-09-12,0.0,20.95,3.436,1.2002
1997-09-13,0.0,21.48,3.483,1.1089
1997-09-14,0.0,21.4,3.45,1.0724
1997-09-15,0.0,21.76,3.474,1.0359
1997-09-16,0.0,22.55,3.553,1.0268
1997-09-17,0.0,22.6,3.534,1.004
1997-09-18,0.0,23.58,3.635,0.9811
1997-09-19,0.0,23.84,3.643,0.9583
1997-09-20,0.0,23.54,3.58,0.9309
1997-09-21,0.0,20.82,3.215,0.9081
1997-09-22,0.0,19.33,3.008,0.9081
1997-09-23,11.84,20.46,3.125,0.9127
1997-09-24,76.55,17.96,2.797,1.7934
1997-09-25,6.12,16.77,2.633,5.2479
1997-09-26,0.0,18.66,2.84,2.3639
1997-09-27,8.47,18.14,2.757,1.4831
1997-09-28,24.71,18.3,2.754,1.5653
1997-09-29,0.0,19.3,2.85,2.5829
1997-09-30,0.0,17.68,2.638,1.5926
1997-10-01,0.0,16.65,2.499,1.328
1997-10-02,0.0,14.68,2.253,1.2321
1997-10-03,0.0,15.34,2.311,1.1819
1997-10-04,0.0,16.97,2.476,1.1409
1997-10-05,0.0,18.81,2.662,1.1135
1997-10-06,0.0,19.82,2.752,1.077
1997-10-07,0.0,19.99,2.747,1.0724
1997-10-08,0.0,20.11,2.738,1.0542
1997-10-09,0.0,20.14,2.718,1.0313
1997-10-10,0.0,20.56,2.74,1.0222
1997-10-11,0.0,20.38,2.698,1.0587
1997-10-12,0.0,20.38,2.675,1.0405
1997-10-13,0.0,19.53,2.563,1.0131
1997-10-14,0.0,17.9,2.372,1.0131
1997-10-15,0.0,14.89,2.042,1.0085
1997-10-16,4.09,13.58,1.891,0.9811
1997-10-17,0.0,14.28,1.946,0.9857
1997-10-18,14.95,13.52,1.853,0.9948
1997-10-19,0.0,15.14,1.997,1.1956
1997-10-20,0.0,12.79,1.749,1.1454
1997-10-21,0.0,12.28,1.684,1.0085
1997-10-22,0.0,12.04,1.646,0.9766
1997-10-23,0.0,8.21,1.265,0.9492
1997-10-24,36.38,9.76,1.401,1.1089
1997-10-25,81.44,13.58,1.748,2.09
1997-10-26,57.17,15.25,1.889,11.5911
1997-10-27,0.0,11.14,1.492,9.4463
1997-10-28,0.0,7.24,1.122,3.7876
1997-10-29,0.0,10.28,1.389,2.697
1997-10-30,0.0,9.95,1.347,2.2498
1997-10-31,5.27,10.11,1.349,2.0125
1997-11-01,20.97,11.38,1.45,1.9942
1997-11-02,0.0,10.27,1.341,2.4414
1997-11-03,0.0,8.24,1.152,2.0992
1997-11-04,0.0,6.8,1.018,1.871
1997-11-05,0.0,5.86,0.929,1.7432
1997-11-06,10.45,6.59,0.983,1.6976
1997-11-07,0.0,9.48,1.219,1.7569
1997-11-08,0.0,9.04,1.172,1.7158
1997-11-09,0.0,9.17,1.173,1.6018
1997-11-10,0.0,7.24,1.006,1.547
1997-11-11,0.0,7.34,1.005,1.5059
1997-11-12,13.7,5.16,0.821,1.4922
1997-11-13,10.92,6.56,0.928,1.7843
1997-11-14,0.0,7.67,1.009,1.9395
1997-11-15,0.0,4.53,0.753,1.8162
1997-11-16,0.0,1.83,0.536,1.6383
1997-11-17,0.0,1.65,0.518,1.5516
1997-11-18,0.0,3.24,0.637,1.5059
1997-11-19,0.0,5.26,0.788,1.4785
1997-11-20,4.24,5.64,0.811,1.442
1997-11-21,20.94,7.46,0.944,1.5014
1997-11-22,0.0,12.93,1.349,1.9988
1997-11-23,0.0,9.17,1.059,1.7295
1997-11-24,0.0,6.16,0.83,1.5607
1997-11-25,0.0,4.84,0.727,1.4831
1997-11-26,0.0,6.71,0.86,1.4466
1997-11-27,0.0,9.09,1.029,1.4284
1997-11-28,0.0,8.78,1.001,1.3873
1997-11-29,9.35,9.71,1.063,1.3782
1997-11-30,6.18,12.3,1.243,1.547
1997-12-01,0.0,11.11,1.153,1.7295
1997-12-02,0.0,6.84,0.844,1.5196
1997-12-03,18.98,6.92,0.845,1.5105
1997-12-04,0.0,10.52,1.096,2.2269
1997-12-05,0.0,4.0,0.633,1.9121
1997-12-06,0.0,0.59,0.392,1.6839
1997-12-07,0.0,0.05,0.353,1.5835
1997-12-08,12.07,-1.0,0.278,1.5561
1997-12-09,8.8,3.65,0.6,1.766
1997-12-10,0.0,7.76,0.883,2.0262
1997-12-11,0.0,6.17,0.771,2.2041
1997-12-12,0.0,5.32,0.711,1.9029
1997-12-13,0.0,2.92,0.544,1.7797
1997-12-14,0.0,4.28,0.637,1.7022
1997-12-15,0.0,3.84,0.606,1.6155
1997-12-16,0.0,5.44,0.714,1.5698
1997-12-17,0.0,6.16,0.763,1.5242
1997-12-18,0.0,6.98,0.818,1.4877
1997-12-19,0.0,8.05,0.891,1.4512
1997-12-20,0.0,8.98,0.955,1.4192
1997-12-21,26.58,7.43,0.849,1.401
1997-12-22,0.0,6.46,0.783,2.2224
1997-12-23,21.01,6.3,0.773,2.1859
1997-12-24,34.07,8.44,0.919,2.8019
1997-12-25,0.0,10.24,1.044,4.5589
1997-12-26,17.8,7.14,0.833,2.9252
1997-12-27,0.0,4.16,0.629,3.1898
1997-12-28,0.0,-0.29,0.324,3.0255
1997-12-29,6.49,-0.64,0.301,2.6011
1997-12-30,2.99,0.5,0.38,2.4049
1997-12-31,0.0,0.12,0.355,2.2406
1998-01-01,0.0,-1.46,0.247,2.0764
1998-01-02,0.0,2.91,0.552,2.0125
1998-01-03,0.0,6.4,0.798,1.9805
1998-01-04,4.03,8.9,0.977,1.976
1998-01-05,10.54,10.88,1.121,2.049
1998-01-06,54.32,14.81,1.403,2.8658
1998-01-07,90.2,16.9,1.558,18.2993
1998-01-08,6.54,15.7,1.48,31.5789
1998-01-09,0.0,9.28,1.026,12.4125
1998-01-10,0.0,6.11,0.802,8.5792
1998-01-11,0.0,7.5,0.907,7.0277
1998-01-12,4.26,7.84,0.936,6.0237
1998-01-13,0.0,10.76,1.157,5.3392
1998-01-14,24.07,7.96,0.956,4.8372
1998-01-15,21.41,4.46,0.703,6.5713
1998-01-16,4.58,6.97,0.894,7.7122
1998-01-17,0.0,5.7,0.804,6.8908
1998-01-18,7.74,4.47,0.717,5.613
1998-01-19,0.0,4.97,0.76,5.2479
1998-01-20,0.0,3.01,0.614,4.7916
1998-01-21,0.0,3.0,0.618,4.4174
1998-01-22,40.05,4.5,0.739,4.8372
1998-01-23,0.0,6.92,0.934,9.6288
1998-01-24,0.0,6.37,0.898,6.8908
1998-01-25,0.0,3.16,0.649,5.7043
1998-01-26,17.65,2.91,0.634,5.111
1998-01-27,10.88,3.48,0.685,5.6586
1998-01-28,0.0,8.04,1.062,5.7043
1998-01-29,0.0,7.33,1.012,4.9741
1998-01-30,0.0,6.24,0.93,4.6091
1998-01-31,0.0,4.08,0.758,4.3444
1998-02-01,0.0,3.24,0.693,4.1253
1998-02-02,39.58,4.54,0.81,3.993
1998-02-03,83.37,6.07,0.947,8.5792
1998-02-04,13.43,5.05,0.867,15.1962
1998-02-05,0.0,4.96,0.866,10.2677
1998-02-06,0.0,4.32,0.818,7.7122
1998-02-07,0.0,5.1,0.895,6.7082
1998-02-08,0.0,7.12,1.082,6.1606
1998-02-09,0.0,8.35,1.203,5.7043
1998-02-10,0.0,6.54,1.049,5.2936
1998-02-11,11.42,6.58,1.062,5.2479
1998-02-12,0.0,7.76,1.181,5.1567
1998-02-13,0.0,5.76,1.005,4.7916
1998-02-14,0.0,6.03,1.039,4.5634
1998-02-15,26.82,4.11,0.866,4.3626
1998-02-16,46.83,6.92,1.143,7.5296
1998-02-17,14.64,9.43,1.396,12.8688
1998-02-18,0.0,8.64,1.33,9.6745
1998-02-19,0.0,9.3,1.407,7.4384
1998-02-20,0.0,8.65,1.356,6.617
1998-02-21,0.0,8.23,1.326,6.0237
1998-02-22,23.5,5.76,1.087,5.6586
1998-02-23,0.0,7.83,1.309,6.7995
1998-02-24,0.0,10.66,1.612,6.0237
1998-02-25,0.0,12.67,1.834,5.4761
1998-02-26,22.38,11.24,1.7,5.2023
1998-02-27,0.69,12.34,1.832,6.5257
1998-02-28,0.0,13.18,1.937,6.0237
1998-03-01,0.0,9.74,1.585,5.4305
1998-03-02,0.0,5.69,1.159,5.0654
1998-03-03,0.0,3.42,0.921,4.7916
1998-03-04,0.0,5.25,1.13,4.6091
1998-03-05,1.17,6.41,1.269,4.4767
1998-03-06,9.02,8.09,1.468,4.3809
1998-03-07,57.76,9.09,1.592,4.4767
1998-03-08,86.63,11.31,1.859,10.9978
1998-03-09,0.0,8.62,1.565,15.4244
1998-03-10,0.0,1.83,0.791,9.4006
1998-03-11,0.0,-0.59,0.515,7.6665
1998-03-12,0.0,-1.26,0.44,6.8451
1998-03-13,0.0,1.78,0.804,6.3432
1998-03-14,0.0,7.66,1.515,6.0237
1998-03-15,0.0,10.01,1.809,5.6586
1998-03-16,0.0,8.18,1.601,5.3848
1998-03-17,8.79,5.47,1.281,5.2479
1998-03-18,15.16,7.5,1.541,5.8412
1998-03-19,10.92,14.31,2.398,7.4384
1998-03-20,0.0,12.26,2.159,7.5753
1998-03-21,0.0,6.24,1.417,7.1646
1998-03-22,0.0,6.32,1.436,6.1606
1998-03-23,1.92,5.14,1.296,5.613
1998-03-24,0.0,9.43,1.857,5.3848
1998-03-25,0.0,10.6,2.021,5.0654
1998-03-26,0.0,14.96,2.605,4.8829
1998-03-27,0.0,15.78,2.73,4.7003
1998-03-28,0.0,17.94,3.035,4.6091
1998-03-29,0.0,18.15,3.082,4.4585
1998-03-30,0.0,18.08,3.092,4.3261
1998-03-31,12.63,18.39,3.154,4.3261
1998-04-01,2.42,19.12,3.272,4.9741
1998-04-02,0.0,15.47,2.794,4.5452
1998-04-03,34.3,12.94,2.464,4.9741
1998-04-04,0.0,11.14,2.229,5.8868
1998-04-05,0.0,10.5,2.154,4.8372
1998-04-06,0.0,12.21,2.406,4.4813
1998-04-07,0.0,14.86,2.793,4.2668
1998-04-08,37.11,17.94,3.244,4.171
1998-04-09,0.0,16.66,3.078,5.7955
1998-04-10,0.0,10.36,2.195,4.7003
1998-04-11,0.0,11.44,2.363,4.3444
1998-04-12,0.0,11.29,2.353,4.1116
1998-04-13,8.74,11.77,2.435,3.9656
1998-04-14,5.35,13.45,2.692,4.2349
1998-04-15,0.0,16.38,3.135,4.0478
1998-04-16,54.88,17.2,3.27,3.9565
1998-04-17,6.4,19.0,3.553,11.728
1998-04-18,10.25,16.27,3.164,7.484
1998-04-19,18.81,14.36,2.892,9.6745
1998-04-20,0.0,12.56,2.635,9.2637
1998-04-21,15.26,11.52,2.49,7.2102
1998-04-22,14.93,10.8,2.392,7.6209
1998-04-23,4.52,11.53,2.513,7.7122
1998-04-24,0.0,12.62,2.689,6.8451
1998-04-25,0.0,13.98,2.909,6.1606
1998-04-26,0.0,15.76,3.196,5.7043
1998-04-27,0.0,15.28,3.133,5.3848
1998-04-28,0.0,13.44,2.859,5.1567
1998-04-29,20.97,14.11,2.974,4.9285
1998-04-30,29.15,14.74,3.083,7.3015
1998-05-01,0.0,17.16,3.474,8.0773
1998-05-02,0.0,15.28,3.191,6.7082
1998-05-03,4.38,14.4,3.061,6.0693
1998-05-04,0.0,14.73,3.124,5.613
1998-05-05,0.0,15.61,3.274,5.2479
1998-05-06,7.04,16.23,3.382,4.9741
1998-05-07,23.8,17.26,3.556,5.4305
1998-05-08,0.0,18.19,3.717,5.8412
1998-05-09,17.25,18.74,3.817,5.0654
1998-05-10,14.34,19.0,3.869,5.111
1998-05-11,0.0,18.95,3.871,5.7043
1998-05-12,0.0,17.91,3.712,4.8829
1998-05-13,0.0,19.02,3.902,4.6091
1998-05-14,0.0,21.68,4.346,4.4265
1998-05-15,0.0,23.14,4.593,4.2714
1998-05-16,0.0,23.32,4.633,4.1481
1998-05-17,0.0,23.2,4.625,4.0295
1998-05-18,0.0,22.16,4.462,3.9017
1998-05-19,0.0,22.58,4.541,3.7648
1998-05-20,0.0,23.2,4.654,3.6964
1998-05-21,0.0,23.98,4.791,3.6827
1998-05-22,0.0,23.58,4.735,3.6234
1998-05-23,0.0,24.47,4.89,3.5503
1998-05-24,0.0,23.84,4.795,3.4773
1998-05-25,0.0,23.87,4.807,3.3724
1998-05-26,0.0,24.1,4.854,3.2583
1998-05-27,0.0,23.22,4.714,3.24
1998-05-28,0.0,23.34,4.74,3.2081
1998-05-29,0.0,23.84,4.83,3.1077
1998-05-30,0.0,22.72,4.65,3.0438
1998-05-31,8.65,23.92,4.856,3.0027
1998-06-01,14.68,25.04,5.05,3.0119
1998-06-02,0.0,24.43,4.954,3.2035
1998-06-03,0.0,24.99,5.053,3.0894
1998-06-04,25.99,24.52,4.98,2.9343
1998-06-05,12.06,23.32,4.781,3.8378
1998-06-06,0.0,21.15,4.418,3.3678
1998-06-07,0.0,16.2,3.585,2.7791
1998-06-08,0.0,16.02,3.556,2.6194
1998-06-09,15.74,17.23,3.764,2.7061
1998-06-10,14.9,21.64,4.513,3.2948
1998-06-11,0.0,23.68,4.861,3.6736
1998-06-12,0.0,24.37,4.981,2.8658
1998-06-13,0.0,24.92,5.078,2.624
1998-06-14,3.07,23.38,4.816,2.4962
1998-06-15,5.09,24.86,5.07,2.5464
1998-06-16,0.0,23.53,4.845,2.4825
1998-06-17,0.0,22.51,4.673,2.7883
1998-06-18,0.0,23.0,4.757,2.3547
1998-06-19,16.63,23.88,4.906,2.4049
1998-06-20,0.0,23.08,4.77,2.446
1998-06-21,0.0,23.57,4.853,2.2543
1998-06-22,0.0,25.64,5.205,2.2817
1998-06-23,0.0,25.51,5.181,2.1585
1998-06-24,0.0,26.14,5.286,2.0764
1998-06-25,0.0,25.86,5.238,2.1904
1998-06-26,0.0,26.67,5.373,2.0262
1998-06-27,0.0,26.72,5.378,2.3091
1998-06-28,0.0,26.47,5.334,1.9942
1998-06-29,0.0,27.02,5.424,1.9349
1998-06-30,0.0,26.2,5.282,2.0079
1998-07-01,0.0,24.16,4.933,1.9166
1998-07-02,0.0,23.87,4.88,1.8527
1998-07-03,0.0,24.32,4.953,1.8071
1998-07-04,8.72,25.24,5.104,1.7843
1998-07-05,13.09,25.35,5.117,1.9668
1998-07-06,0.0,25.04,5.061,1.8938
1998-07-07,0.0,24.9,5.03,1.7524
1998-07-08,0.0,25.74,5.167,1.693
1998-07-09,0.0,26.67,5.317,1.6885
1998-07-10,0.0,25.9,5.18,1.5972
1998-07-11,0.0,24.59,4.954,1.5333
1998-07-12,0.0,25.31,5.068,1.5242
1998-07-13,0.0,24.56,4.934,1.5105
1998-07-14,0.0,23.26,4.711,1.6291
1998-07-15,0.0,24.16,4.854,1.4831
1998-07-16,7.78,25.17,5.013,1.4055
1998-07-17,3.46,25.99,5.141,1.4968
1998-07-18,0.0,25.61,5.069,1.5196
1998-07-19,0.0,26.77,5.251,1.4055
1998-07-20,0.0,26.28,5.159,1.3599
1998-07-21,0.0,26.32,5.156,1.7843
1998-07-22,8.0,26.02,5.098,1.6702
1998-07-23,5.27,25.72,5.038,1.4238
1998-07-24,0.0,25.36,4.966,1.5379
1998-07-25,0.0,24.62,4.834,1.3736
1998-07-26,1.69,24.18,4.753,1.3006
1998-07-27,7.65,24.5,4.792,1.2778
1998-07-28,0.0,25.57,4.954,1.4055
1998-07-29,0.0,26.11,5.029,1.2504
1998-07-30,0.0,24.92,4.823,1.1774
1998-07-31,0.0,25.25,4.864,1.1956
1998-08-01,0.0,24.28,4.694,1.1911
1998-08-02,0.0,22.68,4.426,1.0998
1998-08-03,0.0,20.92,4.132,1.0587
1998-08-04,0.0,21.91,4.277,1.0222
1998-08-05,0.0,22.83,4.409,0.9903
1998-08-06,0.0,22.89,4.405,0.972
1998-08-07,9.65,23.0,4.407,0.9492
1998-08-08,9.59,23.18,4.423,1.1682
1998-08-09,17.54,24.42,4.601,1.5926
1998-08-10,0.0,25.13,4.696,1.8208
1998-08-11,7.2,24.44,4.572,1.2686
1998-08-12,15.0,24.68,4.592,1.2686
1998-08-13,0.0,23.94,4.461,2.1129
1998-08-14,9.37,23.34,4.352,1.5196
1998-08-15,17.13,23.95,4.429,1.4512
1998-08-16,6.66,24.6,4.509,2.2589
1998-08-17,0.0,25.22,4.586,1.5561
1998-08-18,0.51,24.92,4.521,1.3051
1998-08-19,22.01,24.65,4.462,1.1774
1998-08-20,0.0,23.8,4.315,1.1682
1998-08-21,0.0,22.18,4.055,1.2139
1998-08-22,0.0,23.06,4.167,1.0496
1998-08-23,0.0,24.37,4.342,0.9994
1998-08-24,0.0,24.43,4.331,0.9629
1998-08-25,0.0,25.2,4.422,0.9264
1998-08-26,0.0,26.45,4.584,0.8944
1998-08-27,0.0,26.62,4.586,0.8579
1998-08-28,0.0,26.3,4.516,0.8351
1998-08-29,0.0,26.67,4.547,0.8214
1998-08-30,0.0,26.04,4.434,0.8032
1998-08-31,0.0,25.76,4.37,0.8807
1998-09-01,0.0,24.47,4.164,0.8123
1998-09-02,0.0,23.42,3.993,0.8032
1998-09-03,0.0,21.38,3.687,0.7849
1998-09-04,0.0,24.6,4.114,0.8077
1998-09-05,0.0,25.46,4.208,0.753
1998-09-06,0.0,25.34,4.167,0.7393
1998-09-07,0.0,25.54,4.17,0.7667
1998-09-08,0.0,23.02,3.804,0.7347
1998-09-09,0.0,17.74,3.068,0.6799
1998-09-10,0.0,17.68,3.04,0.648
1998-09-11,0.0,19.4,3.251,0.6526
1998-09-12,0.0,21.54,3.514,0.648
1998-09-13,0.0,23.49,3.748,0.6252
1998-09-14,0.0,23.34,3.704,0.6161
1998-09-15,0.0,23.4,3.687,0.6115
1998-09-16,0.0,23.78,3.711,0.6206
1998-09-17,0.0,24.18,3.738,0.6069
1998-09-18,0.0,24.1,3.702,0.5978
1998-09-19,0.0,24.01,3.664,0.5887
1998-09-20,7.35,23.36,3.558,0.5887
1998-09-21,23.2,23.38,3.534,0.8077
1998-09-22,0.0,24.87,3.693,1.1089
1998-09-23,0.0,21.56,3.259,0.7895
1998-09-24,0.0,21.19,3.191,0.6936
1998-09-25,0.0,20.64,3.1,0.6708
1998-09-26,0.0,21.73,3.208,0.6526
1998-09-27,0.0,22.16,3.235,0.6298
1998-09-28,0.0,22.22,3.218,0.6206
1998-09-29,37.53,21.6,3.12,1.1728
1998-09-30,0.0,22.37,3.185,1.7113
1998-10-01,0.0,22.04,3.122,0.9903
1998-10-02,0.0,17.02,2.522,0.7895
1998-10-03,14.11,16.34,2.425,0.7165
1998-10-04,22.54,20.3,2.851,0.8442
1998-10-05,9.45,21.72,2.986,3.3176
1998-10-06,14.31,20.14,2.787,2.268
1998-10-07,51.11,20.4,2.793,3.1579
1998-10-08,0.0,20.4,2.769,7.9404
1998-10-09,0.0,16.43,2.317,2.665
1998-10-10,0.0,15.66,2.215,1.725
1998-10-11,0.0,17.13,2.353,1.3827
1998-10-12,0.0,17.42,2.363,1.2002
1998-10-13,0.0,17.4,2.341,1.0861
1998-10-14,0.0,15.96,2.171,1.0131
1998-10-15,0.0,14.92,2.045,0.9446
1998-10-16,0.0,15.3,2.067,0.899
1998-10-17,0.0,15.86,2.106,0.8807
1998-10-18,0.0,15.53,2.054,0.8579
1998-10-19,0.0,17.78,2.259,0.8488
1998-10-20,0.0,19.16,2.376,0.8397
1998-10-21,0.0,15.91,2.038,0.8123
1998-10-22,0.0,11.36,1.58,0.7758
1998-10-23,0.0,9.19,1.359,0.7438
1998-10-24,0.0,11.82,1.597,0.7438
1998-10-25,0.0,13.05,1.698,0.7438
1998-10-26,0.0,15.18,1.882,0.7438
1998-10-27,0.0,15.88,1.93,0.7301
1998-10-28,0.0,15.95,1.92,0.7165
1998-10-29,0.0,17.14,2.012,0.7073
1998-10-30,0.0,18.59,2.125,0.6982
1998-10-31,0.0,18.18,2.069,0.6936
1998-11-01,0.0,16.3,1.886,0.6891
1998-11-02,12.06,14.72,1.731,0.6891
1998-11-03,0.0,16.94,1.909,0.899
1998-11-04,0.0,11.69,1.44,0.9446
1998-11-05,0.0,8.84,1.185,0.794
1998-11-06,0.0,8.06,1.109,0.753
1998-11-07,0.0,5.58,0.89,0.7256
1998-11-08,3.28,5.68,0.891,0.7256
1998-11-09,3.04,10.12,1.251,0.7484
1998-11-10,39.97,14.3,1.585,0.8305
1998-11-11,0.0,14.1,1.557,4.2851
1998-11-12,0.0,8.59,1.098,2.0764
1998-11-13,6.13,10.01,1.204,1.4147
1998-11-14,22.55,11.28,1.296,1.2869
1998-11-15,0.0,14.16,1.514,2.1676
1998-11-16,21.56,11.66,1.307,2.0535
1998-11-17,0.0,14.36,1.508,2.9069
1998-11-18,0.0,10.42,1.193,2.0718
1998-11-19,0.0,11.41,1.26,1.6748
1998-11-20,0.0,11.7,1.273,1.4922
1998-11-21,0.0,7.87,0.975,1.3599
1998-11-22,0.0,6.76,0.885,1.2321
1998-11-23,1.74,8.52,1.011,1.1682
1998-11-24,0.0,15.2,1.502,1.1774
1998-11-25,0.0,13.08,1.335,1.1135
1998-11-26,0.0,12.41,1.279,1.0587
1998-11-27,0.0,11.9,1.234,1.0176
1998-11-28,0.0,12.3,1.257,0.9811
1998-11-29,0.0,11.95,1.225,0.9583
1998-11-30,0.0,12.51,1.259,0.9446
1998-12-01,0.0,14.09,1.366,0.9264
1998-12-02,0.0,11.84,1.199,0.9172
1998-12-03,0.0,13.7,1.326,0.8944
1998-12-04,0.0,13.88,1.333,0.8899
1998-12-05,0.0,15.21,1.421,0.8716
1998-12-06,0.0,17.32,1.564,0.8716
1998-12-07,1.77,16.97,1.534,0.867
1998-12-08,7.38,18.21,1.615,0.899
1998-12-09,0.0,11.36,1.136,1.2276
1998-12-10,0.0,7.65,0.875,1.0724
1998-12-11,0.0,8.16,0.908,0.9309
1998-12-12,26.75,9.22,0.98,0.9172
1998-12-13,10.05,8.5,0.928,1.8893
1998-12-14,0.0,9.02,0.962,2.1357
1998-12-15,1.42,4.86,0.675,1.5059
1998-12-16,0.0,7.5,0.856,1.3325
1998-12-17,0.0,4.11,0.623,1.2184
1998-12-18,0.0,2.25,0.495,1.1272
1998-12-19,12.51,4.14,0.624,1.15
1998-12-20,3.04,10.18,1.037,1.4785
1998-12-21,8.96,12.61,1.203,1.328
1998-12-22,5.62,10.83,1.081,1.328
1998-12-23,43.21,3.0,0.547,1.369
1998-12-24,12.26,1.98,0.478,3.742
1998-12-25,0.0,2.39,0.506,3.9519
1998-12-26,0.0,4.14,0.627,2.6468
1998-12-27,0.0,2.44,0.511,2.1722
1998-12-28,8.12,1.74,0.464,1.9395
1998-12-29,0.0,4.56,0.659,1.9577
1998-12-30,0.0,2.37,0.509,1.7843
1998-12-31,0.0,4.23,0.64,1.6109
1999-01-01,0.0,3.02,0.558,1.5242
1999-01-02,36.7,0.59,0.39,1.547
1999-01-03,0.0,0.88,0.411,4.7916
1999-01-04,0.0,-4.76,0.017,3.1442
1999-01-05,0.0,-5.78,0.0,2.4049
1999-01-06,2.92,-3.18,0.129,2.1174
1999-01-07,5.66,3.82,0.628,2.0535
1999-01-08,6.35,6.15,0.797,2.0444
1999-01-09,0.0,6.54,0.829,2.2133
1999-01-10,0.0,1.02,0.435,2.1768
1999-01-11,0.0,3.3,0.602,1.9258
1999-01-12,0.0,5.32,0.753,1.8117
1999-01-13,4.46,7.4,0.91,1.7295
1999-01-14,21.57,9.09,1.04,1.766
1999-01-15,0.0,7.06,0.896,2.7974
1999-01-16,0.0,6.29,0.843,2.373
1999-01-17,11.52,5.66,0.802,2.09
1999-01-18,0.0,10.23,1.152,2.8202
1999-01-19,0.0,8.73,1.046,2.7289
1999-01-20,0.0,9.98,1.149,2.3228
1999-01-21,0.0,10.66,1.21,2.1448
1999-01-22,20.77,13.18,1.415,2.0262
1999-01-23,38.63,14.59,1.535,3.5184
1999-01-24,0.0,11.76,1.323,9.4919
1999-01-25,0.0,9.97,1.191,5.0654
1999-01-26,0.0,9.36,1.151,3.8607
1999-01-27,0.0,11.71,1.35,3.2994
1999-01-28,0.0,13.71,1.523,2.9845
1999-01-29,15.17,12.42,1.43,2.7335
1999-01-30,15.33,9.99,1.241,2.9115
1999-01-31,61.72,4.4,0.784,3.2765
1999-02-01,12.81,4.92,0.835,9.5375
1999-02-02,0.0,9.86,1.26,8.6705
1999-02-03,1.84,9.12,1.208,5.9781
1999-02-04,0.0,10.36,1.326,4.8829
1999-02-05,0.0,8.41,1.167,4.1847
1999-02-06,0.0,9.26,1.252,3.8013
1999-02-07,0.0,12.43,1.543,3.5503
1999-02-08,0.0,13.44,1.646,3.313
1999-02-09,9.69,12.51,1.578,3.0438
1999-02-10,4.05,13.85,1.713,3.5184
1999-02-11,0.0,13.49,1.695,3.1807
1999-02-12,0.0,10.96,1.476,2.9754
1999-02-13,0.0,0.81,0.543,2.7472
1999-02-14,0.0,2.05,0.664,2.6057
1999-02-15,0.0,4.7,0.922,2.5281
1999-02-16,4.65,6.65,1.117,2.4551
1999-02-17,36.09,7.55,1.214,2.9571
1999-02-18,8.38,10.14,1.477,5.7499
1999-02-19,12.39,6.36,1.118,4.4767
1999-02-20,0.0,5.72,1.064,4.4539
1999-02-21,0.0,3.47,0.849,3.7466
1999-02-22,0.0,-0.45,0.46,3.345
1999-02-23,2.15,0.25,0.536,3.1077
1999-02-24,0.0,2.41,0.763,2.9662
1999-02-25,0.0,4.93,1.031,2.8293
1999-02-26,0.0,6.74,1.229,2.7198
1999-02-27,17.86,7.94,1.366,2.624
1999-02-28,0.0,10.88,1.692,3.6736
1999-03-01,0.0,9.8,1.591,3.1853
1999-03-02,10.37,9.33,1.553,2.8248
1999-03-03,2.02,6.11,1.215,3.0484
1999-03-04,0.0,4.2,1.014,3.2263
1999-03-05,3.79,5.16,1.13,2.8521
1999-03-06,0.0,8.4,1.502,2.7837
1999-03-07,0.0,6.25,1.272,2.6742
1999-03-08,14.66,1.82,0.777,2.5236
1999-03-09,8.57,0.98,0.687,2.6468
1999-03-10,0.0,5.75,1.245,2.6285
1999-03-11,0.0,6.06,1.292,2.624
1999-03-12,0.0,6.21,1.32,2.5099
1999-03-13,14.22,4.58,1.136,2.4277
1999-03-14,10.65,4.97,1.192,2.9525
1999-03-15,0.0,9.01,1.689,3.9017
1999-03-16,0.0,8.99,1.7,3.1533
1999-03-17,0.0,12.66,2.161,2.8476
1999-03-18,0.0,14.44,2.396,2.6742
1999-03-19,0.0,13.07,2.244,2.5464
1999-03-20,13.33,12.19,2.151,2.4414
1999-03-21,6.06,12.88,2.254,2.7837
1999-03-22,0.0,9.67,1.862,2.7472
1999-03-23,0.0,11.1,2.058,2.4688
1999-03-24,0.0,12.36,2.235,2.3821
1999-03-25,15.94,9.86,1.926,2.3547
1999-03-26,13.96,7.48,1.629,2.7335
1999-03-27,0.0,8.34,1.753,3.021
1999-03-28,10.83,9.98,1.98,2.6468
1999-03-29,2.26,11.86,2.244,2.5601
1999-03-30,0.0,10.56,2.085,2.4734
1999-03-31,69.85,11.94,2.284,2.5738
1999-04-01,0.0,15.97,2.845,11.4542
1999-04-02,0.0,17.7,3.1,6.6626
1999-04-03,0.0,19.55,3.372,4.9285
1999-04-04,0.0,21.4,3.647,4.2394
1999-04-05,0.0,19.18,3.361,3.7876
1999-04-06,0.0,17.3,3.117,3.5275
1999-04-07,0.0,18.25,3.269,3.2994
1999-04-08,7.0,18.87,3.375,3.1442
1999-04-09,0.0,21.38,3.75,3.0757
1999-04-10,0.0,21.64,3.807,2.8978
1999-04-11,0.0,21.58,3.818,2.7563
1999-04-12,0.0,17.81,3.295,2.6057
1999-04-13,0.0,12.56,2.55,2.5281
1999-04-14,5.1,12.57,2.563,2.4871
1999-04-15,4.6,14.68,2.886,2.5829
1999-04-16,0.0,12.38,2.56,2.6696
1999-04-17,0.0,9.9,2.207,2.3867
1999-04-18,0.0,9.52,2.16,2.3091
1999-04-19,2.91,11.26,2.429,2.2543
1999-04-20,0.0,14.78,2.968,2.2954
1999-04-21,0.0,17.16,3.341,2.2452
1999-04-22,0.0,18.63,3.578,2.1631
1999-04-23,0.0,19.74,3.762,2.1037
1999-04-24,2.25,21.52,4.049,2.0627
1999-04-25,0.0,16.4,3.28,2.049
1999-04-26,5.05,16.24,3.268,2.0581
1999-04-27,11.23,19.09,3.722,2.1722
1999-04-28,12.35,15.66,3.204,2.4369
1999-04-29,10.79,10.02,2.338,2.3
1999-04-30,0.0,11.04,2.505,2.6148
1999-05-01,0.0,13.73,2.936,2.592
1999-05-02,0.0,13.94,2.979,2.2635
1999-05-03,0.0,15.3,3.203,2.1311
1999-05-04,0.0,16.61,3.421,2.0535
1999-05-05,38.83,16.14,3.358,2.122
1999-05-06,21.8,17.04,3.511,5.0654
1999-05-07,16.81,18.79,3.802,5.5217
1999-05-08,0.0,17.62,3.625,5.613
1999-05-09,0.0,17.97,3.692,4.0523
1999-05-10,0.0,19.17,3.896,3.3176
1999-05-11,0.0,19.55,3.968,2.948
1999-05-12,0.0,18.9,3.872,2.7426
1999-05-13,3.01,19.64,4.003,2.6285
1999-05-14,7.05,17.52,3.666,2.6377
1999-05-15,0.0,17.51,3.674,2.5646
1999-05-16,0.0,18.19,3.793,2.3821
1999-05-17,0.0,19.26,3.977,2.2726
1999-05-18,5.46,19.89,4.089,2.2087
1999-05-19,0.0,19.1,3.97,2.195
1999-05-20,0.0,17.79,3.761,2.0809
1999-05-21,0.0,18.77,3.93,2.0079
1999-05-22,2.31,20.02,4.143,1.9531
1999-05-23,4.36,21.84,4.455,1.9212
1999-05-24,0.0,20.21,4.191,1.8619
1999-05-25,4.42,17.63,3.768,1.7752
1999-05-26,0.0,17.1,3.685,1.7889
1999-05-27,0.0,17.51,3.759,1.8071
1999-05-28,0.0,18.08,3.861,1.6976
1999-05-29,0.0,19.67,4.132,1.6428
1999-05-30,0.0,20.57,4.289,1.5972
1999-05-31,0.0,19.42,4.102,1.5561
1999-06-01,0.0,20.58,4.302,1.5287
1999-06-02,13.16,22.58,4.642,1.5561
1999-06-03,0.0,23.47,4.797,2.1266
1999-06-04,0.0,22.5,4.639,1.725
1999-06-05,0.0,22.05,4.566,1.5607
1999-06-06,0.0,22.79,4.695,1.5151
1999-06-07,0.0,23.3,4.785,1.4512
1999-06-08,0.0,24.34,4.965,1.4192
1999-06-09,0.0,25.08,5.094,1.3873
1999-06-10,9.76,23.9,4.898,1.3736
1999-06-11,0.0,22.14,4.602,1.6885
1999-06-12,0.0,23.28,4.797,1.4877
1999-06-13,0.0,21.63,4.519,1.3736
1999-06-14,1.45,21.8,4.549,1.296
1999-06-15,37.15,22.06,4.595,1.6246
1999-06-16,25.06,19.66,4.189,2.9662
1999-06-17,0.0,21.1,4.433,3.1305
1999-06-18,0.0,19.76,4.205,1.9212
1999-06-19,0.0,18.74,4.034,1.6109
1999-06-20,0.0,18.93,4.066,1.4877
1999-06-21,0.0,20.9,4.399,1.442
1999-06-22,0.0,21.69,4.533,1.3964
1999-06-23,6.34,22.16,4.611,1.369
1999-06-24,49.76,21.16,4.44,1.7113
1999-06-25,0.0,23.74,4.878,3.5321
1999-06-26,22.48,23.33,4.806,2.551
1999-06-27,7.35,23.52,4.835,2.4642
1999-06-28,11.33,25.22,5.121,2.6468
1999-06-29,0.0,25.33,5.138,2.3821
1999-06-30,1.74,24.02,4.914,2.268
1999-07-01,0.0,23.98,4.902,1.9121
1999-07-02,0.0,24.2,4.935,1.8117
1999-07-03,0.0,24.84,5.04,1.8391
1999-07-04,0.0,25.33,5.118,1.7889
1999-07-05,0.0,26.14,5.25,1.6246
1999-07-06,1.38,26.24,5.262,1.9623
1999-07-07,5.99,25.46,5.125,2.1448
1999-07-08,0.0,25.18,5.072,1.9258
1999-07-09,0.0,25.19,5.068,2.4597
1999-07-10,8.63,24.59,4.961,1.871
1999-07-11,32.16,22.9,4.671,1.944
1999-07-12,11.92,18.12,3.867,2.9252
1999-07-13,0.0,19.52,4.095,3.1259
1999-07-14,0.0,21.98,4.497,2.5692
1999-07-15,0.0,23.1,4.677,2.2771
1999-07-16,0.0,23.68,4.766,2.0581
1999-07-17,0.0,24.19,4.842,1.9075
1999-07-18,0.0,24.37,4.863,1.8573
1999-07-19,0.0,25.51,5.043,1.8847
1999-07-20,0.0,25.56,5.041,1.7797
1999-07-21,0.0,26.46,5.18,1.6656
1999-07-22,2.11,27.26,5.301,1.6428
1999-07-23,0.0,27.2,5.279,2.195
1999-07-24,3.51,27.24,5.274,1.652
1999-07-25,0.0,27.22,5.259,1.5561
1999-07-26,0.0,26.25,5.089,1.4785
1999-07-27,0.0,26.55,5.125,1.3873
1999-07-28,0.0,26.45,5.097,1.3416
1999-07-29,0.0,27.16,5.198,1.2823
1999-07-30,0.0,27.59,5.254,1.2595
1999-07-31,0.0,28.08,5.319,1.2047
1999-08-01,0.0,27.7,5.242,1.1682
1999-08-02,0.0,27.09,5.131,1.15
1999-08-03,0.0,25.92,4.928,1.1043
1999-08-04,0.0,24.92,4.755,1.0633
1999-08-05,0.0,25.31,4.803,1.0405
1999-08-06,0.0,25.27,4.781,1.0176
1999-08-07,0.0,25.54,4.809,0.9903
1999-08-08,0.0,24.82,4.679,0.9538
1999-08-09,0.0,26.17,4.875,0.9811
1999-08-10,0.0,25.56,4.763,0.9811
1999-08-11,0.0,26.32,4.864,0.9401
1999-08-12,0.0,26.84,4.927,0.9036
1999-08-13,8.73,27.3,4.98,0.8762
1999-08-14,0.0,27.33,4.965,0.9492
1999-08-15,0.0,24.93,4.578,0.9309
1999-08-16,0.0,25.79,4.691,0.8625
1999-08-17,0.0,26.78,4.823,0.8351
1999-08-18,0.0,27.52,4.915,0.8077
1999-08-19,0.0,26.58,4.752,0.7712
1999-08-20,7.23,25.48,4.567,0.794
1999-08-21,0.0,23.81,4.298,0.8397
1999-08-22,0.0,22.82,4.132,0.7895
1999-08-23,45.86,22.33,4.04,0.8169
1999-08-24,13.27,21.52,3.903,2.1266
1999-08-25,0.0,24.36,4.3,1.6793
1999-08-26,0.0,25.34,4.423,1.3827
1999-08-27,0.0,23.38,4.116,0.9994
1999-08-28,0.0,24.26,4.222,0.9172
1999-08-29,0.0,24.07,4.174,0.8762
1999-08-30,0.0,23.5,4.07,0.8488
1999-08-31,0.0,20.24,3.587,0.8077
1999-09-01,0.0,20.98,3.671,0.7803
1999-09-02,0.0,22.51,3.866,0.7667
1999-09-03,0.0,23.33,3.959,0.7484
1999-09-04,0.0,23.26,3.927,0.7301
1999-09-05,0.0,23.2,3.896,0.7119
1999-09-06,0.0,26.12,4.274,0.6982
1999-09-07,0.0,25.21,4.126,0.6708
1999-09-08,0.0,24.9,4.058,0.6617
1999-09-09,0.0,21.95,3.636,0.6526
1999-09-10,0.0,22.28,3.658,0.648
1999-09-11,0.0,20.2,3.359,0.6252
1999-09-12,0.0,21.3,3.482,0.5978
1999-09-13,0.0,20.64,3.373,0.5887
1999-09-14,0.0,21.98,3.525,0.5887
1999-09-15,0.0,22.08,3.516,0.5887
1999-09-16,0.0,20.74,3.32,0.5704
1999-09-17,0.0,17.22,2.846,0.5248
1999-09-18,0.0,17.16,2.819,0.5202
1999-09-19,0.0,18.48,2.966,0.5339
1999-09-20,0.0,19.78,3.109,0.5476
1999-09-21,9.69,19.8,3.088,0.6115
1999-09-22,0.0,16.74,2.687,0.7803
1999-09-23,0.0,14.48,2.391,0.6389
1999-09-24,0.0,16.09,2.569,0.5841
1999-09-25,0.0,17.04,2.665,0.5704
1999-09-26,6.32,18.91,2.87,0.5613
1999-09-27,36.21,19.84,2.958,0.6206
1999-09-28,20.63,21.34,3.113,2.6696
1999-09-29,7.97,21.82,3.145,2.5008
1999-09-30,0.0,15.54,2.391,1.3964
1999-10-01,0.0,14.52,2.253,0.9629
1999-10-02,0.0,15.22,2.316,0.7986
1999-10-03,37.49,17.23,2.525,0.7301
1999-10-04,17.83,18.0,2.592,1.9988
1999-10-05,0.0,17.78,2.547,1.9851
1999-10-06,0.0,17.13,2.454,1.1819
1999-10-07,0.0,15.6,2.265,0.9629
1999-10-08,0.0,14.53,2.129,0.8716
1999-10-09,43.9,17.29,2.41,0.8442
1999-10-10,66.06,18.9,2.562,7.3015
1999-10-11,3.11,19.87,2.643,7.7578
1999-10-12,3.97,17.4,2.361,3.0301
1999-10-13,4.35,16.86,2.284,2.1904
1999-10-14,0.0,18.33,2.417,1.8619
1999-10-15,0.0,17.3,2.291,1.5653
1999-10-16,0.0,17.22,2.262,1.3918
1999-10-17,0.0,19.4,2.463,1.2869
1999-10-18,0.0,17.29,2.23,1.1911
1999-10-19,9.01,14.6,1.945,1.1226
1999-10-20,8.15,12.82,1.753,1.3462
1999-10-21,0.0,11.84,1.641,1.8801
1999-10-22,0.0,12.06,1.648,1.4375
1999-10-23,0.0,9.55,1.393,1.2686
1999-10-24,0.0,8.02,1.236,1.1682
1999-10-25,0.0,8.82,1.3,1.1272
1999-10-26,0.0,11.5,1.539,1.0861
1999-10-27,0.0,13.2,1.683,1.0633
1999-10-28,0.0,13.64,1.708,1.0359
1999-10-29,0.0,13.66,1.696,1.0085
1999-10-30,0.0,14.86,1.788,0.9994
1999-10-31,5.58,16.73,1.94,0.9811
1999-11-01,57.19,14.8,1.753,0.9994
1999-11-02,0.0,12.88,1.569,7.0277
1999-11-03,0.0,6.03,0.96,3.9747
1999-11-04,0.0,7.44,1.073,2.6057
1999-11-05,0.0,10.62,1.337,2.1494
1999-11-06,0.0,12.46,1.481,1.9121
1999-11-07,0.0,14.75,1.662,1.7615
1999-11-08,0.0,16.19,1.769,1.6383
1999-11-09,0.0,16.24,1.758,1.547
1999-11-10,0.0,15.19,1.658,1.4649
1999-11-11,0.0,15.4,1.662,1.4055
1999-11-12,0.0,13.54,1.499,1.3645
1999-11-13,0.0,14.0,1.525,1.3234
1999-11-14,0.0,14.58,1.559,1.2732
1999-11-15,0.0,12.53,1.385,1.2367
1999-11-16,0.0,8.41,1.051,1.1819
1999-11-17,0.0,6.61,0.904,1.1545
1999-11-18,0.0,7.52,0.968,1.1409
1999-11-19,0.0,8.46,1.034,1.1317
1999-11-20,6.64,11.78,1.28,1.118
1999-11-21,0.0,15.54,1.556,1.1819
1999-11-22,0.0,15.82,1.567,1.296
1999-11-23,2.32,14.64,1.469,1.1682
1999-11-24,17.1,15.94,1.556,1.1409
1999-11-25,65.88,15.4,1.507,2.0809
1999-11-26,1.62,13.9,1.388,10.7697
1999-11-27,0.0,10.18,1.108,4.7916
1999-11-28,0.0,11.5,1.198,3.2857
1999-11-29,0.0,9.82,1.071,2.697
1999-11-30,0.0,3.77,0.63,2.3456
1999-12-01,0.0,2.63,0.546,2.1585
1999-12-02,0.0,5.73,0.764,2.0353
1999-12-03,0.0,7.76,0.905,1.9395
1999-12-04,0.0,10.15,1.07,1.8527
1999-12-05,14.34,11.0,1.125,1.8071
1999-12-06,0.0,8.59,0.952,2.3684
1999-12-07,0.0,5.28,0.718,2.049
1999-12-08,0.0,5.76,0.749,1.871
1999-12-09,11.49,6.14,0.773,1.798
1999-12-10,5.19,11.93,1.172,2.0946
1999-12-11,0.0,8.2,0.911,2.4369
1999-12-12,10.86,7.39,0.853,2.0307
1999-12-13,35.83,10.8,1.086,2.4323
1999-12-14,0.0,9.51,0.996,8.7161
1999-12-15,0.0,6.48,0.786,4.746
1999-12-16,0.0,5.31,0.706,3.5549
1999-12-17,0.0,4.9,0.677,3.0164
1999-12-18,0.0,5.5,0.717,2.7426
1999-12-19,2.41,8.15,0.898,2.5601
1999-12-20,5.15,9.12,0.965,2.4825
1999-12-21,5.77,7.06,0.823,2.5099
1999-12-22,0.0,6.86,0.81,2.5783
1999-12-23,0.0,4.19,0.628,2.3273
1999-12-24,0.0,1.78,0.464,2.2224
1999-12-25,0.0,-0.14,0.333,2.1357
1999-12-26,0.0,2.96,0.546,2.0581
1999-12-27,0.0,3.56,0.589,2.0079
1999-12-28,0.0,2.37,0.507,1.9349
1999-12-29,0.0,4.89,0.683,1.8893
1999-12-30,0.0,5.98,0.76,1.8391
1999-12-31,0.0,9.69,1.019,1.8071
2000-01-01,0.0,10.48,1.077,1.7752
2000-01-02,0.0,13.78,1.311,1.7615
2000-01-03,10.79,14.27,1.349,1.7295
2000-01-04,5.75,13.16,1.276,1.9668
2000-01-05,0.0,3.98,0.634,2.09
2000-01-06,0.0,3.17,0.579,1.7934
2000-01-07,0.0,5.42,0.741,1.725
2000-01-08,8.77,4.8,0.701,1.693
2000-01-09,55.67,6.54,0.829,1.8436
2000-01-10,0.0,10.89,1.147,6.3888
2000-01-11,0.0,10.3,1.11,4.2759
2000-01-12,0.45,10.2,1.109,3.0575
2000-01-13,0.0,9.89,1.092,2.6879
2000-01-14,0.0,3.08,0.596,2.4323
2000-01-15,0.0,2.3,0.542,2.2726
2000-01-16,0.0,4.69,0.723,2.2178
2000-01-17,8.66,7.14,0.913,2.1768
2000-01-18,0.0,4.73,0.737,2.2269
2000-01-19,7.21,3.6,0.655,2.3045
2000-01-20,0.0,1.91,0.53,2.2863
2000-01-21,0.0,-1.11,0.3,2.1448
2000-01-22,29.21,-2.07,0.228,2.0672
2000-01-23,13.42,-0.56,0.348,2.3821
2000-01-24,0.0,1.44,0.508,2.446
2000-01-25,0.0,-0.68,0.343,2.3
2000-01-26,0.0,-2.99,0.161,2.1037
2000-01-27,0.0,-3.08,0.156,1.8801
2000-01-28,13.13,-1.5,0.285,2.017
2000-01-29,0.0,-0.15,0.398,1.9395
2000-01-30,0.0,0.59,0.463,2.1585
2000-01-31,0.0,-0.25,0.396,2.3502
2000-02-01,0.0,0.68,0.478,2.0946
2000-02-02,0.0,1.83,0.58,1.9897
2000-02-03,0.0,2.73,0.661,1.9349
2000-02-04,0.0,2.42,0.641,1.8847
2000-02-05,0.0,3.07,0.703,1.8299
2000-02-06,0.0,2.97,0.7,1.7706
2000-02-07,0.0,5.64,0.942,1.7569
2000-02-08,0.0,6.22,1.002,1.8436
2000-02-09,0.0,6.73,1.057,1.8527
2000-02-10,0.0,9.43,1.311,1.8527
2000-02-11,7.05,11.24,1.49,1.871
2000-02-12,10.87,9.83,1.372,2.2498
2000-02-13,34.34,5.98,1.025,2.6148
2000-02-14,0.0,10.24,1.435,5.1567
2000-02-15,0.0,9.02,1.332,3.8196
2000-02-16,0.0,11.46,1.578,3.0255
2000-02-17,5.63,9.43,1.396,2.697
2000-02-18,2.15,9.38,1.403,2.592
2000-02-19,0.0,10.14,1.49,2.551
2000-02-20,0.0,6.18,1.11,2.3867
2000-02-21,0.0,5.8,1.082,2.2543
2000-02-22,0.0,6.3,1.142,2.1813
2000-02-23,0.0,9.21,1.449,2.1311
2000-02-24,0.0,11.78,1.726,2.09
2000-02-25,0.0,14.72,2.047,2.0581
2000-02-26,0.0,13.77,1.966,1.9988
2000-02-27,12.67,12.84,1.885,2.1813
2000-02-28,0.0,10.56,1.659,2.4688
2000-02-29,0.0,10.2,1.633,2.1311
2000-03-01,0.0,12.32,1.878,2.0307
2000-03-02,0.0,12.65,1.93,1.9897
2000-03-03,5.81,11.48,1.816,1.9075
2000-03-04,4.03,11.82,1.871,1.9258
2000-03-05,0.0,11.92,1.898,1.9166
2000-03-06,0.0,13.15,2.052,1.8391
2000-03-07,0.0,14.84,2.261,1.7797
2000-03-08,0.0,15.94,2.406,1.7478
2000-03-09,0.0,16.05,2.438,1.7295
2000-03-10,13.04,14.89,2.323,1.7295
2000-03-11,19.74,12.46,2.055,2.0809
2000-03-12,0.0,6.31,1.342,2.9571
2000-03-13,0.0,5.23,1.223,2.2498
2000-03-14,0.0,7.97,1.563,2.0627
2000-03-15,11.36,9.66,1.78,1.9714
2000-03-16,35.31,11.76,2.051,2.5236
2000-03-17,0.0,12.58,2.167,4.39
2000-03-18,0.0,5.85,1.348,3.1214
2000-03-19,53.55,7.2,1.526,2.7107
2000-03-20,0.0,11.68,2.103,9.2637
2000-03-21,0.0,12.35,2.203,6.2519
2000-03-22,0.0,13.74,2.396,4.4858
2000-03-23,0.0,13.77,2.416,3.7648
2000-03-24,0.0,14.39,2.513,3.3678
2000-03-25,0.0,15.61,2.69,3.1031
2000-03-26,0.0,16.56,2.832,2.9206
2000-03-27,3.7,12.29,2.287,2.7837
2000-03-28,0.0,11.02,2.132,2.7198
2000-03-29,0.73,8.96,1.87,2.5555
2000-03-30,0.03,13.36,2.476,2.5053
2000-03-31,0.0,14.8,2.686,2.4506
2000-04-01,21.88,14.38,2.645,2.3365
2000-04-02,55.91,14.15,2.63,3.523
2000-04-03,25.11,16.0,2.902,7.8034
2000-04-04,0.0,11.41,2.281,8.853
2000-04-05,0.0,9.51,2.029,5.7043
2000-04-06,0.0,14.1,2.685,4.6091
2000-04-07,0.0,15.54,2.903,4.0706
2000-04-08,0.0,12.42,2.476,3.7694
2000-04-09,0.0,8.75,1.966,3.4408
2000-04-10,0.0,11.54,2.376,3.2537
2000-04-11,2.02,13.42,2.661,3.1259
2000-04-12,8.17,15.68,3.003,3.0392
2000-04-13,4.34,11.33,2.383,3.0712
2000-04-14,4.69,11.07,2.356,3.0347
2000-04-15,5.7,15.36,3.001,3.0712
2000-04-16,0.0,18.26,3.444,3.5458
2000-04-17,0.0,17.58,3.359,3.0575
2000-04-18,0.0,15.86,3.117,2.8841
2000-04-19,0.0,16.86,3.281,2.7472
2000-04-20,0.0,17.0,3.317,2.6605
2000-04-21,0.0,14.16,2.9,2.592
2000-04-22,0.0,11.99,2.583,2.519
2000-04-23,3.43,11.71,2.551,2.4597
2000-04-24,20.43,11.26,2.493,2.5418
2000-04-25,0.0,12.81,2.741,2.989
2000-04-26,0.0,13.77,2.9,2.6924
2000-04-27,7.49,12.42,2.701,2.5053
2000-04-28,0.0,12.64,2.745,2.6194
2000-04-29,0.0,13.84,2.942,2.5555
2000-04-30,0.0,15.02,3.139,2.3867
2000-05-01,0.0,16.23,3.338,2.3091
2000-05-02,0.0,18.46,3.702,2.2543
2000-05-03,15.61,18.82,3.771,2.2269
2000-05-04,3.48,18.73,3.769,5.2936
2000-05-05,0.0,19.16,3.849,3.6097
2000-05-06,0.0,20.2,4.028,2.9662
2000-05-07,0.0,20.61,4.105,2.697
2000-05-08,0.0,20.84,4.154,2.5418
2000-05-09,0.0,20.9,4.175,2.4277
2000-05-10,0.0,20.59,4.136,2.3182
2000-05-11,0.0,19.16,3.916,2.2224
2000-05-12,0.0,21.8,4.354,2.1676
2000-05-13,0.0,22.88,4.539,2.1083
2000-05-14,0.0,20.02,4.084,2.0307
2000-05-15,0.0,16.9,3.582,1.9486
2000-05-16,0.0,16.08,3.456,1.9166
2000-05-17,0.0,17.56,3.707,1.8847
2000-05-18,0.0,21.36,4.34,1.8847
2000-05-19,0.0,22.8,4.588,1.8299
2000-05-20,19.99,23.17,4.658,1.766
2000-05-21,3.57,22.33,4.527,1.8893
2000-05-22,0.0,20.6,4.248,1.9121
2000-05-23,3.32,19.69,4.104,1.7797
2000-05-24,0.0,22.38,4.56,1.7615
2000-05-25,3.61,23.86,4.812,1.725
2000-05-26,0.0,21.65,4.451,1.6474
2000-05-27,0.0,24.1,4.867,1.6155
2000-05-28,0.0,22.61,4.625,1.6337
2000-05-29,0.0,19.56,4.12,1.5561
2000-05-30,0.0,20.24,4.238,1.4877
2000-05-31,0.0,20.52,4.29,1.4694
2000-06-01,0.0,22.38,4.608,1.4284
2000-06-02,0.0,23.99,4.885,1.3782
2000-06-03,0.0,24.21,4.927,1.3416
2000-06-04,0.0,21.89,4.539,1.3234
2000-06-05,3.48,20.45,4.301,1.4375
2000-06-06,0.0,18.7,4.007,1.4649
2000-06-07,0.0,16.6,3.654,1.3097
2000-06-08,0.0,18.08,3.909,1.2458
2000-06-09,0.0,20.88,4.386,1.2321
2000-06-10,0.0,22.48,4.659,1.1956
2000-06-11,0.0,23.61,4.852,1.1545
2000-06-12,0.0,24.34,4.978,1.1272
2000-06-13,0.0,25.02,5.096,1.0998
2000-06-14,4.1,25.68,5.208,1.0998
2000-06-15,5.13,25.16,5.123,1.1272
2000-06-16,10.78,24.24,4.966,1.2914
2000-06-17,2.35,24.5,5.011,1.6155
2000-06-18,5.1,24.53,5.017,1.3736
2000-06-19,0.0,24.4,4.994,1.1774
2000-06-20,6.43,24.32,4.981,1.1956
2000-06-21,4.87,24.87,5.073,1.4101
2000-06-22,0.0,24.12,4.946,1.3599
2000-06-23,0.0,23.38,4.818,1.2184
2000-06-24,0.0,24.54,5.013,1.0861
2000-06-25,5.22,23.63,4.857,1.0861
2000-06-26,11.15,24.76,5.047,1.1317
2000-06-27,2.26,23.74,4.871,1.1043
2000-06-28,11.11,23.62,4.849,1.0405
2000-06-29,9.81,22.58,4.67,1.3006
2000-06-30,0.0,21.26,4.443,1.296
2000-07-01,0.0,22.26,4.607,1.0678
2000-07-02,0.0,22.72,4.681,0.9857
2000-07-03,0.0,24.27,4.94,0.9492
2000-07-04,0.0,25.28,5.105,1.0587
2000-07-05,0.0,25.55,5.146,0.9538
2000-07-06,0.0,26.64,5.323,0.9081
2000-07-07,0.0,26.26,5.254,0.8853
2000-07-08,0.0,25.68,5.15,0.8762
2000-07-09,0.0,25.49,5.112,0.8214
2000-07-10,0.0,27.0,5.359,0.8077
2000-07-11,0.0,26.88,5.33,0.7667
2000-07-12,8.55,26.16,5.202,0.7667
2000-07-13,21.48,25.07,5.013,0.8579
2000-07-14,0.0,26.01,5.161,0.9081
2000-07-15,0.0,24.35,4.877,0.794
2000-07-16,0.0,23.4,4.71,0.7165
2000-07-17,0.0,23.3,4.686,0.6845
2000-07-18,0.0,24.51,4.877,0.6617
2000-07-19,0.0,25.59,5.046,0.648
2000-07-20,0.0,26.26,5.148,0.6571
2000-07-21,0.0,25.88,5.073,0.6298
2000-07-22,0.0,25.38,4.98,0.6024
2000-07-23,5.73,23.26,4.624,0.6389
2000-07-24,21.66,22.81,4.539,0.7393
2000-07-25,0.0,21.09,4.249,1.2367
2000-07-26,0.0,23.1,4.566,0.9081
2000-07-27,5.37,23.81,4.669,0.8579
2000-07-28,6.8,23.77,4.65,0.8442
2000-07-29,0.0,23.39,4.577,0.8488
2000-07-30,20.25,23.51,4.584,0.8351
2000-07-31,27.98,23.14,4.512,1.4694
2000-08-01,2.34,22.96,4.469,1.7843
2000-08-02,14.4,23.22,4.498,1.5196
2000-08-03,9.97,23.67,4.557,1.9805
2000-08-04,3.2,23.48,4.513,2.0307
2000-08-05,0.0,23.68,4.531,1.2686
2000-08-06,0.0,24.91,4.709,1.0176
2000-08-07,19.36,26.08,4.878,0.9218
2000-08-08,0.0,26.59,4.94,0.899
2000-08-09,0.0,26.76,4.949,0.8442
2000-08-10,4.15,26.65,4.915,0.9446
2000-08-11,0.0,25.13,4.662,0.8351
2000-08-12,0.0,22.58,4.251,0.7667
2000-08-13,0.0,21.62,4.088,0.7256
2000-08-14,0.0,22.02,4.133,0.6936
2000-08-15,0.0,23.04,4.272,0.6845
2000-08-16,0.0,25.08,4.565,0.6708
2000-08-17,0.0,25.56,4.618,0.6526
2000-08-18,0.0,26.77,4.781,0.6389
2000-08-19,0.0,24.44,4.41,0.648
2000-08-20,8.4,22.24,4.064,0.6252
2000-08-21,1.71,19.15,3.587,0.9081
2000-08-22,0.0,20.52,3.774,0.826
2000-08-23,0.0,22.59,4.06,0.7028
2000-08-24,1.16,24.11,4.263,0.6617
2000-08-25,0.0,23.7,4.182,0.6343
2000-08-26,0.0,23.2,4.089,0.6115
2000-08-27,2.56,22.48,3.965,0.5932
2000-08-28,0.0,24.15,4.184,0.6024
2000-08-29,0.0,23.37,4.052,0.5841
2000-08-30,8.06,23.1,3.993,0.5613
2000-08-31,7.27,21.96,3.809,0.6115
2000-09-01,9.62,23.09,3.948,0.7028
2000-09-02,3.3,23.48,3.98,0.8944
2000-09-03,10.96,23.86,4.011,1.1774
2000-09-04,0.0,24.07,4.017,0.9538
2000-09-05,0.75,21.8,3.681,0.8214
2000-09-06,4.19,18.28,3.179,0.7073
2000-09-07,1.76,18.72,3.219,0.6754
2000-09-08,0.0,21.12,3.524,0.6845
2000-09-09,0.0,21.86,3.602,0.6891
2000-09-10,0.0,21.47,3.527,0.6617
2000-09-11,0.0,21.88,3.56,0.6298
2000-09-12,0.0,22.72,3.647,0.6115
2000-09-13,0.0,23.44,3.716,0.5887
2000-09-14,0.0,23.72,3.729,0.5887
2000-09-15,0.0,20.59,3.3,0.5796
2000-09-16,0.0,16.11,2.704,0.5248
2000-09-17,0.0,14.36,2.463,0.5065
2000-09-18,8.79,15.83,2.631,0.5202
2000-09-19,0.0,19.62,3.089,0.5932
2000-09-20,55.05,19.99,3.112,0.5522
2000-09-21,4.6,20.72,3.181,2.3365
2000-09-22,12.45,20.08,3.078,1.5926
2000-09-23,0.0,21.6,3.24,1.077
2000-09-24,6.06,23.16,3.406,0.9036
2000-09-25,13.7,21.73,3.208,0.8351
2000-09-26,0.0,16.45,2.555,0.8077
2000-09-27,0.0,13.48,2.184,0.753
2000-09-28,0.0,14.85,2.328,0.6754
2000-09-29,0.0,15.0,2.328,0.6389
2000-09-30,0.0,16.49,2.481,0.6115
2000-10-01,0.0,17.68,2.597,0.6024
2000-10-02,0.0,18.37,2.655,0.5932
2000-10-03,0.0,19.41,2.751,0.5887
2000-10-04,0.0,20.05,2.799,0.5659
2000-10-05,0.0,19.66,2.734,0.5613
2000-10-06,0.0,18.44,2.577,0.5613
2000-10-07,0.0,14.98,2.178,0.5567
2000-10-08,0.0,8.5,1.46,0.5248
2000-10-09,0.0,6.62,1.245,0.502
2000-10-10,0.0,8.49,1.434,0.4974
2000-10-11,0.0,10.9,1.676,0.4974
2000-10-12,0.0,12.18,1.796,0.4974
2000-10-13,0.0,13.75,1.942,0.4974
2000-10-14,0.0,14.82,2.036,0.4974
2000-10-15,0.0,15.14,2.051,0.502
2000-10-16,0.0,16.17,2.137,0.4928
2000-10-17,0.0,16.9,2.191,0.4837
2000-10-18,0.0,17.63,2.245,0.4837
2000-10-19,0.0,15.92,2.057,0.4837
2000-10-20,0.0,14.8,1.929,0.4837
2000-10-21,0.0,17.13,2.138,0.4837
2000-10-22,0.0,17.77,2.18,0.4837
2000-10-23,0.0,17.88,2.171,0.4837
2000-10-24,0.0,17.18,2.086,0.4837
2000-10-25,0.0,17.03,2.055,0.4837
2000-10-26,0.0,17.69,2.097,0.4837
2000-10-27,0.0,18.02,2.109,0.4837
2000-10-28,0.0,18.64,2.148,0.4837
2000-10-29,0.0,15.79,1.873,0.4792
2000-10-30,0.0,14.55,1.746,0.4746
2000-10-31,0.0,15.32,1.798,0.4746
2000-11-01,0.0,15.86,1.83,0.4655
2000-11-02,0.0,16.58,1.878,0.4609
2000-11-03,0.0,17.48,1.939,0.4609
2000-11-04,3.04,15.58,1.761,0.4655
2000-11-05,0.0,14.08,1.619,0.4837
2000-11-06,5.12,11.48,1.387,0.4837
2000-11-07,4.51,12.88,1.492,0.5065
2000-11-08,35.01,15.91,1.731,0.5978
2000-11-09,48.61,16.26,1.746,3.2492
2000-11-10,0.0,11.58,1.351,4.4539
2000-11-11,0.0,9.52,1.174,1.6063
2000-11-12,0.0,9.03,1.125,1.0998
2000-11-13,2.35,8.66,1.088,0.9172
2000-11-14,0.0,8.29,1.05,0.8214
2000-11-15,0.0,5.38,0.814,0.7438
2000-11-16,13.03,4.51,0.741,0.7165
2000-11-17,0.0,6.15,0.862,0.8305
2000-11-18,4.71,1.82,0.524,0.826
2000-11-19,5.36,1.96,0.531,0.7758
2000-11-20,0.0,2.85,0.595,0.8169
2000-11-21,0.0,1.31,0.475,0.7575
2000-11-22,0.0,1.56,0.491,0.7028
2000-11-23,0.0,4.36,0.696,0.6754
2000-11-24,41.24,5.12,0.748,0.7028
2000-11-25,6.54,6.28,0.829,2.6422
2000-11-26,0.0,7.74,0.93,2.9708
2000-11-27,0.0,7.0,0.871,1.725
2000-11-28,0.0,7.5,0.904,1.3599
2000-11-29,0.0,7.43,0.893,1.1591
2000-11-30,0.0,6.26,0.806,1.0496
2000-12-01,0.0,4.17,0.653,0.9583
2000-12-02,4.58,3.1,0.574,0.9036
2000-12-03,0.0,1.64,0.469,0.8899
2000-12-04,0.0,1.09,0.429,0.8716
2000-12-05,0.0,2.23,0.507,0.8305
2000-12-06,0.0,0.98,0.418,0.8123
2000-12-07,0.0,4.24,0.644,0.7849
2000-12-08,0.0,6.53,0.8,0.7667
2000-12-09,0.0,4.96,0.69,0.7575
2000-12-10,0.0,5.24,0.707,0.7438
2000-12-11,0.0,5.81,0.745,0.7301
2000-12-12,0.0,5.52,0.723,0.7165
2000-12-13,16.33,2.01,0.481,0.7028
2000-12-14,0.0,6.46,0.785,0.9538
2000-12-15,13.52,6.3,0.773,1.2778
2000-12-16,26.43,5.18,0.696,1.2276
2000-12-17,1.62,0.86,0.4,3.7648
2000-12-18,8.91,-0.36,0.317,2.3456
2000-12-19,0.0,-2.89,0.144,1.798
2000-12-20,0.0,-5.29,0.0,1.4603
2000-12-21,0.0,-5.09,0.0,1.1865
2000-12-22,0.0,-2.57,0.166,1.0952
2000-12-23,0.0,-3.24,0.12,1.0496
2000-12-24,0.0,0.11,0.35,1.0496
2000-12-25,0.0,0.73,0.393,1.0268
2000-12-26,0.0,-0.66,0.298,1.004
2000-12-27,3.12,0.57,0.384,0.972
2000-12-28,0.0,1.61,0.456,0.9674
2000-12-29,0.0,-1.25,0.259,0.9492
2000-12-30,0.0,-4.67,0.023,0.899
2000-12-31,0.0,-4.67,0.023,0.7073
2001-01-01,0.0,-3.62,0.096,1.0998
2001-01-02,0.0,-2.96,0.142,1.1317
2001-01-03,0.0,-3.07,0.135,1.1135
2001-01-04,0.0,-0.23,0.335,1.0861
2001-01-05,0.0,2.79,0.55,1.0724
2001-01-06,0.0,3.98,0.636,0.9401
2001-01-07,11.68,5.11,0.72,0.8123
2001-01-08,0.0,4.97,0.713,0.9172
2001-01-09,0.0,1.32,0.454,0.9538
2001-01-10,0.0,1.94,0.501,0.7575
2001-01-11,11.55,1.33,0.459,0.7986
2001-01-12,1.27,3.12,0.593,0.9218
2001-01-13,0.0,5.2,0.748,1.0222
2001-01-14,0.56,6.36,0.838,0.899
2001-01-15,0.0,10.14,1.124,0.8716
2001-01-16,0.0,7.14,0.907,0.8534
2001-01-17,9.37,5.8,0.812,0.8305
2001-01-18,44.95,6.28,0.853,1.0268
2001-01-19,29.44,8.08,0.996,4.9741
2001-01-20,0.0,4.23,0.708,5.7043
2001-01-21,0.0,0.82,0.449,2.9662
2001-01-22,0.0,2.44,0.579,2.2452
2001-01-23,0.0,3.59,0.673,1.9166
2001-01-24,0.0,4.49,0.75,1.7204
2001-01-25,0.0,2.96,0.633,1.5516
2001-01-26,0.0,0.55,0.445,1.4192
2001-01-27,0.0,3.72,0.705,1.3508
2001-01-28,0.0,4.66,0.787,1.2778
2001-01-29,20.11,6.67,0.958,1.2276
2001-01-30,0.0,8.36,1.106,1.8984
2001-01-31,0.0,9.82,1.236,1.8527
2001-02-01,0.0,6.35,0.955,1.5059
2001-02-02,0.0,4.95,0.844,1.3873
2001-02-03,0.0,2.58,0.648,1.3006
2001-02-04,0.0,3.37,0.723,1.2458
2001-02-05,0.0,4.4,0.818,1.2002
2001-02-06,0.0,5.78,0.946,1.1682
2001-02-07,0.0,8.48,1.193,1.1317
2001-02-08,0.0,9.52,1.297,1.0998
2001-02-09,8.42,10.17,1.366,1.077
2001-02-10,0.0,11.06,1.459,1.2047
2001-02-11,3.14,4.77,0.896,1.1682
2001-02-12,2.73,4.19,0.85,1.1135
2001-02-13,5.41,6.18,1.043,1.1545
2001-02-14,1.81,10.24,1.435,1.2093
2001-02-15,0.0,14.6,1.863,1.2549
2001-02-16,12.82,17.0,2.109,1.1911
2001-02-17,0.0,8.9,1.344,1.5059
2001-02-18,0.0,3.68,0.847,1.4466
2001-02-19,0.0,5.6,1.043,1.2732
2001-02-20,0.0,7.37,1.229,1.2093
2001-02-21,19.42,10.18,1.522,1.1728
2001-02-22,0.0,7.28,1.241,1.547
2001-02-23,0.0,6.54,1.177,1.7889
2001-02-24,27.58,7.12,1.247,1.4649
2001-02-25,11.01,10.72,1.631,4.4083
2001-02-26,0.0,12.92,1.877,5.111
2001-02-27,0.0,10.06,1.591,2.9708
2001-02-28,0.0,9.88,1.585,2.4004
2001-03-01,0.0,11.3,1.752,2.09
2001-03-02,1.48,12.66,1.914,1.9029
2001-03-03,16.66,12.34,1.895,1.8071
2001-03-04,3.3,11.42,1.811,2.0946
2001-03-05,0.0,6.48,1.276,2.0672
2001-03-06,0.0,2.92,0.887,1.7934
2001-03-07,0.0,4.2,1.041,1.6793
2001-03-08,0.0,5.95,1.248,1.5881
2001-03-09,0.0,6.41,1.311,1.5196
2001-03-10,0.0,5.24,1.186,1.4466
2001-03-11,0.0,7.39,1.447,1.401
2001-03-12,36.4,8.4,1.578,1.5379
2001-03-13,0.0,13.18,2.157,2.9297
2001-03-14,24.65,12.82,2.132,2.1402
2001-03-15,6.63,10.53,1.872,2.7563
2001-03-16,0.0,11.12,1.958,3.199
2001-03-17,0.0,9.54,1.779,2.4962
2001-03-18,0.0,8.5,1.664,2.1859
2001-03-19,20.35,6.74,1.458,1.9988
2001-03-20,27.6,4.55,1.195,3.1214
2001-03-21,0.0,6.9,1.5,3.9063
2001-03-22,0.0,10.4,1.955,3.0347
2001-03-23,0.0,10.64,2.0,2.8293
2001-03-24,0.0,10.34,1.975,2.624
2001-03-25,0.0,9.52,1.883,2.4688
2001-03-26,0.0,5.63,1.387,2.2771
2001-03-27,0.0,3.65,1.136,2.122
2001-03-28,9.18,4.2,1.217,2.0262
2001-03-29,37.6,6.3,1.504,2.7381
2001-03-30,0.66,9.17,1.898,5.7499
2001-03-31,0.0,11.62,2.241,3.6325
2001-04-01,0.0,9.28,1.938,2.9936
2001-04-02,0.99,9.32,1.955,2.6559
2001-04-03,6.83,9.78,2.029,2.5236
2001-04-04,0.0,13.06,2.495,2.4551
2001-04-05,0.0,12.8,2.475,2.2908
2001-04-06,0.0,16.06,2.945,2.2087
2001-04-07,0.0,19.11,3.39,2.1266
2001-04-08,0.0,20.76,3.642,2.0535
2001-04-09,0.0,21.34,3.744,1.9714
2001-04-10,0.0,22.39,3.915,1.9029
2001-04-11,0.0,21.66,3.83,1.8345
2001-04-12,0.0,20.31,3.656,1.7752
2001-04-13,2.42,20.08,3.641,1.8117
2001-04-14,0.0,17.13,3.229,1.8801
2001-04-15,6.55,16.2,3.108,1.766
2001-04-16,0.0,15.1,2.962,1.8117
2001-04-17,0.0,9.13,2.092,1.6155
2001-04-18,0.0,7.82,1.906,1.5333
2001-04-19,0.0,8.7,2.048,1.4922
2001-04-20,0.0,11.96,2.545,1.4603
2001-04-21,0.0,15.2,3.045,1.4375
2001-04-22,0.0,18.26,3.522,1.4192
2001-04-23,0.0,18.42,3.562,1.3964
2001-04-24,2.82,17.52,3.439,1.369
2001-04-25,1.54,14.68,3.016,1.3918
2001-04-26,0.0,14.34,2.975,1.3599
2001-04-27,0.0,15.23,3.125,1.3006
2001-04-28,0.0,17.36,3.467,1.2504
2001-04-29,0.0,16.92,3.411,1.2276
2001-04-30,0.0,17.81,3.563,1.1911
2001-05-01,0.0,17.46,3.521,1.2139
2001-05-02,0.0,18.08,3.63,1.2276
2001-05-03,0.0,17.88,3.611,1.1774
2001-05-04,0.0,18.06,3.65,1.1272
2001-05-05,0.0,19.29,3.858,1.0998
2001-05-06,11.21,19.54,3.911,1.1043
2001-05-07,0.0,15.76,3.318,1.0907
2001-05-08,0.0,15.7,3.318,1.0815
2001-05-09,0.0,17.34,3.59,1.0724
2001-05-10,0.0,19.38,3.929,1.0587
2001-05-11,0.0,19.68,3.989,1.1865
2001-05-12,0.0,19.16,3.915,1.1728
2001-05-13,0.0,16.9,3.558,1.0496
2001-05-14,0.0,16.26,3.461,0.9629
2001-05-15,0.0,18.94,3.909,0.9264
2001-05-16,0.0,21.72,4.373,0.899
2001-05-17,0.0,22.23,4.465,0.8899
2001-05-18,0.0,22.16,4.464,0.8762
2001-05-19,12.97,21.15,4.306,0.8534
2001-05-20,6.39,20.36,4.185,1.0268
2001-05-21,15.93,21.18,4.328,1.2093
2001-05-22,10.18,19.0,3.975,1.6474
2001-05-23,0.0,14.63,3.257,1.6976
2001-05-24,17.87,15.4,3.391,1.1865
2001-05-25,6.36,14.93,3.318,1.8345
2001-05-26,0.0,15.4,3.403,2.0672
2001-05-27,12.49,16.42,3.577,1.3371
2001-05-28,12.83,16.65,3.621,1.2595
2001-05-29,0.0,19.9,4.171,1.3782
2001-05-30,0.0,19.72,4.146,1.1774
2001-05-31,12.88,19.09,4.045,1.0542
2001-06-01,20.26,18.24,3.907,1.3964
2001-06-02,0.0,18.64,3.978,1.944
2001-06-03,2.28,20.54,4.304,1.369
2001-06-04,0.0,21.8,4.521,1.1774
2001-06-05,0.0,22.58,4.656,1.0815
2001-06-06,11.83,22.86,4.706,1.0222
2001-06-07,2.91,21.91,4.55,1.077
2001-06-08,3.11,22.58,4.666,1.077
2001-06-09,0.0,21.18,4.433,1.0998
2001-06-10,0.0,21.08,4.418,0.9994
2001-06-11,0.0,21.52,4.497,1.0176
2001-06-12,0.0,22.3,4.629,0.9218
2001-06-13,0.0,23.69,4.868,0.8899
2001-06-14,0.0,23.73,4.877,0.8488
2001-06-15,0.0,23.99,4.922,0.8351
2001-06-16,0.0,23.9,4.909,0.7986
2001-06-17,0.0,22.44,4.661,0.7484
2001-06-18,0.0,22.48,4.667,0.7165
2001-06-19,0.0,22.66,4.7,0.6936
2001-06-20,0.0,22.63,4.694,0.6845
2001-06-21,0.0,22.8,4.722,0.6708
2001-06-22,7.16,21.92,4.572,0.6754
2001-06-23,0.0,20.27,4.291,0.8944
2001-06-24,0.0,19.92,4.23,0.7803
2001-06-25,11.58,20.41,4.312,0.7758
2001-06-26,11.46,20.8,4.378,0.9766
2001-06-27,22.72,21.99,4.578,1.5744
2001-06-28,0.0,23.28,4.792,1.7569
2001-06-29,12.26,23.32,4.798,1.2139
2001-06-30,5.13,23.08,4.753,2.7837
2001-07-01,0.0,23.51,4.823,2.3684
2001-07-02,11.48,23.7,4.851,1.5242
2001-07-03,13.53,23.74,4.855,1.4329
2001-07-04,8.02,23.72,4.846,2.6696
2001-07-05,0.0,23.5,4.805,1.9531
2001-07-06,0.0,22.66,4.659,1.4649
2001-07-07,0.0,22.61,4.645,1.1911
2001-07-08,4.67,23.74,4.83,1.1135
2001-07-09,0.0,24.97,5.031,1.0861
2001-07-10,0.0,25.28,5.076,1.0268
2001-07-11,0.0,25.38,5.087,0.9492
2001-07-12,0.0,24.6,4.95,0.8762
2001-07-13,0.0,23.1,4.692,0.826
2001-07-14,0.0,21.37,4.396,0.8169
2001-07-15,0.0,22.06,4.503,0.7758
2001-07-16,0.0,22.69,4.601,0.7347
2001-07-17,0.0,23.36,4.705,0.7256
2001-07-18,0.0,23.9,4.786,0.7301
2001-07-19,6.45,24.16,4.82,0.7256
2001-07-20,0.0,23.2,4.652,0.753
2001-07-21,0.0,22.66,4.553,0.7803
2001-07-22,0.0,22.56,4.527,0.721
2001-07-23,21.02,23.7,4.705,0.6799
2001-07-24,18.68,23.26,4.624,0.6754
2001-07-25,3.56,23.85,4.709,1.3371
2001-07-26,9.46,24.68,4.834,1.3736
2001-07-27,14.87,24.34,4.767,1.3964
2001-07-28,15.81,22.48,4.454,1.6383
2001-07-29,7.84,23.44,4.598,1.1591
2001-07-30,26.76,24.64,4.779,1.1728
2001-07-31,4.22,24.66,4.769,2.0627
2001-08-01,7.1,23.98,4.647,1.4922
2001-08-02,21.08,23.52,4.559,1.3964
2001-08-03,7.39,23.14,4.487,1.4055
2001-08-04,13.94,23.9,4.592,1.8254
2001-08-05,1.6,24.6,4.69,1.8117
2001-08-06,0.0,24.72,4.695,1.5242
2001-08-07,0.0,24.85,4.7,1.2458
2001-08-08,0.0,25.54,4.793,1.5789
2001-08-09,0.0,26.18,4.877,1.3599
2001-08-10,0.0,25.68,4.781,1.2093
2001-08-11,0.0,24.82,4.632,1.3006
2001-08-12,12.15,24.31,4.535,1.1135
2001-08-13,17.71,24.36,4.527,1.9303
2001-08-14,0.0,23.99,4.452,2.9252
2001-08-15,0.0,24.15,4.459,2.0216
2001-08-16,0.0,24.04,4.425,1.5014
2001-08-17,0.0,24.56,4.486,1.296
2001-08-18,0.0,24.99,4.532,1.1956
2001-08-19,0.0,24.2,4.395,1.0724
2001-08-20,0.0,23.28,4.238,0.9903
2001-08-21,0.0,22.18,4.055,0.9218
2001-08-22,0.0,22.59,4.097,0.867
2001-08-23,0.0,23.64,4.235,0.8397
2001-08-24,0.0,23.96,4.262,0.8488
2001-08-25,0.0,24.43,4.31,0.8169
2001-08-26,1.47,24.36,4.278,0.8077
2001-08-27,5.41,24.39,4.262,0.8762
2001-08-28,4.86,23.02,4.044,0.7849
2001-08-29,2.76,23.86,4.143,0.7758
2001-08-30,5.01,22.88,3.983,0.7667
2001-08-31,6.91,22.31,3.88,0.826
2001-09-01,5.56,21.5,3.745,0.8534
2001-09-02,10.86,21.26,3.691,0.8853
2001-09-03,11.88,21.63,3.722,1.0633
2001-09-04,1.06,23.1,3.905,1.4831
2001-09-05,0.0,23.9,3.993,1.2778
2001-09-06,0.0,23.68,3.941,0.972
2001-09-07,0.0,23.33,3.869,0.8625
2001-09-08,0.0,22.66,3.755,0.8032
2001-09-09,7.3,22.42,3.7,0.7758
2001-09-10,0.0,23.46,3.816,2.3
2001-09-11,0.0,23.13,3.748,1.8162
2001-09-12,0.0,21.8,3.548,1.2184
2001-09-13,0.0,20.6,3.367,1.0405
2001-09-14,0.0,20.04,3.272,0.9401
2001-09-15,0.0,17.48,2.918,0.8807
2001-09-16,0.0,15.17,2.601,0.8169
2001-09-17,0.0,16.44,2.745,0.7803
2001-09-18,0.0,17.21,2.825,0.753
2001-09-19,26.38,16.24,2.682,0.7986
2001-09-20,0.0,19.88,3.121,1.8893
2001-09-21,0.0,20.58,3.185,1.7797
2001-09-22,0.0,21.23,3.243,1.1728
2001-09-23,34.4,20.54,3.134,0.9994
2001-09-24,10.86,17.57,2.749,5.7955
2001-09-25,0.0,13.52,2.24,3.9976
2001-09-26,0.0,12.94,2.152,2.3319
2001-09-27,0.0,13.91,2.252,1.8436
2001-09-28,0.0,14.4,2.293,1.5561
2001-09-29,0.0,14.38,2.273,1.369
2001-09-30,0.0,14.08,2.22,1.2504
2001-10-01,0.0,14.13,2.208,1.1637
2001-10-02,0.0,15.32,2.327,1.0952
2001-10-03,0.0,16.61,2.455,1.0313
2001-10-04,0.0,16.7,2.445,0.9857
2001-10-05,15.3,15.34,2.273,0.9538
2001-10-06,7.33,14.14,2.122,1.1728
2001-10-07,0.0,11.32,1.794,1.1089
2001-10-08,0.0,10.02,1.638,0.9401
2001-10-09,0.0,10.04,1.625,0.899
2001-10-10,0.0,11.63,1.783,0.8807
2001-10-11,2.77,14.56,2.079,0.8807
2001-10-12,5.47,17.4,2.36,0.9218
2001-10-13,24.84,18.84,2.491,1.2595
2001-10-14,4.46,19.51,2.539,3.7968
2001-10-15,0.0,13.86,1.937,3.3861
2001-10-16,0.0,11.8,1.711,2.1083
2001-10-17,0.0,8.66,1.378,1.7295
2001-10-18,0.0,8.56,1.356,1.5561
2001-10-19,0.0,10.26,1.514,1.4512
2001-10-20,0.0,12.78,1.749,1.3782
2001-10-21,0.0,15.24,1.972,1.3097
2001-10-22,0.0,16.74,2.1,1.2641
2001-10-23,0.0,17.79,2.182,1.223
2001-10-24,9.49,17.14,2.102,1.1774
2001-10-25,0.0,15.73,1.95,1.2139
2001-10-26,0.0,10.96,1.489,1.1043
2001-10-27,0.0,6.33,1.048,1.0587
2001-10-28,0.0,5.42,0.955,1.045
2001-10-29,0.0,7.78,1.162,1.0313
2001-10-30,0.0,10.22,1.371,1.0313
2001-10-31,0.0,10.7,1.402,1.0176
2001-11-01,0.0,12.11,1.515,1.0085
2001-11-02,0.0,16.16,1.857,1.0085
2001-11-03,0.0,16.55,1.875,0.9948
2001-11-04,0.0,15.9,1.803,0.972
2001-11-05,0.0,12.96,1.537,0.9401
2001-11-06,0.0,10.11,1.282,0.9172
2001-11-07,0.0,11.23,1.366,0.9081
2001-11-08,0.0,12.48,1.459,0.899
2001-11-09,0.0,12.81,1.475,0.8899
2001-11-10,0.0,13.12,1.488,0.8807
2001-11-11,0.0,12.77,1.448,0.8625
2001-11-12,0.0,10.36,1.241,0.8488
2001-11-13,0.0,7.71,1.02,0.8397
2001-11-14,0.0,9.06,1.119,0.8305
2001-11-15,0.0,10.5,1.225,0.8351
2001-11-16,0.0,12.12,1.343,0.8305
2001-11-17,0.0,12.74,1.381,0.8214
2001-11-18,0.0,11.94,1.309,0.8123
2001-11-19,0.0,11.32,1.253,0.8123
2001-11-20,0.0,10.14,1.154,0.8123
2001-11-21,0.0,6.46,0.868,0.794
2001-11-22,0.0,6.89,0.895,0.7803
2001-11-23,41.34,7.61,0.943,0.8214
2001-11-24,8.1,13.32,1.361,2.4551
2001-11-25,0.0,16.24,1.569,2.195
2001-11-26,2.59,13.16,1.334,1.9531
2001-11-27,0.0,14.72,1.44,1.5151
2001-11-28,0.0,16.07,1.53,1.3645
2001-11-29,10.99,16.21,1.533,1.2367
2001-11-30,0.0,16.23,1.526,1.4375
2001-12-01,0.0,12.36,1.242,1.8482
2001-12-02,0.0,12.37,1.237,1.4512
2001-12-03,0.0,10.28,1.084,1.3051
2001-12-04,0.0,10.93,1.125,1.2276
2001-12-05,0.0,10.9,1.118,1.1774
2001-12-06,0.0,12.88,1.253,1.1409
2001-12-07,0.0,14.7,1.375,1.1089
2001-12-08,0.0,14.68,1.37,1.0861
2001-12-09,3.34,13.95,1.315,1.0724
2001-12-10,27.81,8.07,0.905,1.15
2001-12-11,0.0,8.51,0.933,2.2589
2001-12-12,4.07,9.65,1.009,1.7204
2001-12-13,7.07,11.45,1.131,1.5607
2001-12-14,1.35,13.92,1.298,1.8117
2001-12-15,0.0,9.76,1.011,1.8071
2001-12-16,0.0,8.82,0.946,1.5926
2001-12-17,25.75,9.54,0.995,1.6474
2001-12-18,0.0,11.72,1.142,3.4454
2001-12-19,0.0,7.24,0.836,2.4095
2001-12-20,0.0,6.16,0.762,2.0216
2001-12-21,0.0,5.19,0.696,1.7889
2001-12-22,0.0,4.41,0.643,1.652
2001-12-23,13.47,4.2,0.629,1.6793
2001-12-24,0.0,3.3,0.568,2.7791
2001-12-25,0.0,0.96,0.409,2.1357
2001-12-26,0.0,-0.58,0.303,1.9029
2001-12-27,0.0,0.39,0.37,1.7569
2001-12-28,0.0,3.75,0.602,1.6565
2001-12-29,0.0,5.15,0.701,1.5881
2001-12-30,0.0,2.5,0.519,1.5105
2001-12-31,0.0,1.39,0.443,1.4512
2002-01-01,0.0,-0.66,0.302,1.4101
2002-01-02,3.19,-2.39,0.182,1.3599
2002-01-03,0.0,-1.06,0.276,1.3553
2002-01-04,0.0,-0.95,0.285,1.3234
2002-01-05,13.77,1.02,0.424,1.2732
2002-01-06,9.74,1.44,0.457,1.6109
2002-01-07,0.0,2.42,0.528,2.1174
2002-01-08,0.0,1.2,0.443,1.6018
2002-01-09,0.0,5.88,0.781,1.4831
2002-01-10,0.0,9.82,1.07,1.4466
2002-01-11,0.0,9.46,1.049,1.4329
2002-01-12,0.0,3.66,0.631,1.3827
2002-01-13,0.0,5.14,0.744,1.3371
2002-01-14,0.0,3.26,0.609,1.3188
2002-01-15,0.0,5.71,0.795,1.3006
2002-01-16,0.0,3.88,0.664,1.2458
2002-01-17,0.0,5.3,0.774,1.2139
2002-01-18,9.3,8.7,1.037,1.2139
2002-01-19,42.09,5.62,0.809,1.7524
2002-01-20,15.05,3.84,0.678,4.0249
2002-01-21,0.0,6.96,0.924,2.9206
2002-01-22,24.4,5.57,0.822,2.8248
2002-01-23,3.2,6.6,0.909,4.3307
2002-01-24,31.69,11.31,1.288,4.5634
2002-01-25,0.0,9.94,1.189,6.0237
2002-01-26,0.0,5.99,0.881,4.2942
2002-01-27,0.0,6.99,0.969,3.4043
2002-01-28,0.0,10.39,1.253,2.9617
2002-01-29,0.0,14.35,1.589,2.6879
2002-01-30,1.61,15.58,1.703,2.4916
2002-01-31,1.24,15.84,1.739,2.3912
2002-02-01,0.0,14.73,1.66,2.3137
2002-02-02,0.0,6.48,0.973,2.1859
2002-02-03,1.08,3.56,0.732,2.0627
2002-02-04,0.0,3.69,0.75,2.0125
2002-02-05,0.0,0.43,0.472,1.9121
2002-02-06,32.81,0.47,0.48,2.0079
2002-02-07,4.84,3.6,0.762,3.6097
2002-02-08,0.0,6.34,1.013,3.0027
2002-02-09,3.64,6.75,1.059,2.5601
2002-02-10,0.0,8.49,1.226,2.4004
2002-02-11,0.0,8.23,1.213,2.3182
2002-02-12,0.0,5.18,0.941,2.1448
2002-02-13,0.0,6.49,1.072,2.0764
2002-02-14,0.0,6.32,1.065,1.9942
2002-02-15,0.0,6.47,1.09,1.9303
2002-02-16,0.0,8.49,1.293,1.8984
2002-02-17,0.0,6.32,1.094,1.8299
2002-02-18,0.0,4.38,0.915,1.7615
2002-02-19,0.0,5.32,1.016,1.7295
2002-02-20,10.0,6.96,1.188,1.8162
2002-02-21,0.0,9.54,1.457,2.0216
2002-02-22,0.0,8.37,1.352,1.7934
2002-02-23,0.0,6.43,1.166,1.7204
2002-02-24,0.0,6.57,1.191,1.6748
2002-02-25,0.0,7.72,1.32,1.6246
2002-02-26,0.0,6.62,1.217,1.6109
2002-02-27,0.0,-2.42,0.273,1.5607
2002-02-28,0.0,-2.34,0.283,1.5151
2002-03-01,9.44,0.7,0.612,1.4968
2002-03-02,43.14,2.98,0.865,2.2954
2002-03-03,0.0,6.15,1.219,4.5315
2002-03-04,0.0,-1.92,0.34,2.7472
2002-03-05,0.0,1.64,0.738,2.3228
2002-03-06,0.0,5.3,1.154,2.1631
2002-03-07,0.0,8.32,1.506,2.0535
2002-03-08,4.46,10.43,1.759,1.9668
2002-03-09,7.2,11.18,1.859,1.9349
2002-03-10,0.0,8.78,1.597,2.0992
2002-03-11,16.57,5.94,1.277,1.8801
2002-03-12,25.08,7.02,1.416,2.1266
2002-03-13,0.0,12.47,2.073,4.746
2002-03-14,0.0,13.63,2.228,3.7511
2002-03-15,0.0,15.74,2.5,2.9662
2002-03-16,4.02,17.38,2.717,2.6787
2002-03-17,2.48,17.76,2.785,2.5555
2002-03-18,0.0,14.89,2.452,2.5692
2002-03-19,2.69,13.48,2.295,2.414
2002-03-20,19.35,14.38,2.425,2.3821
2002-03-21,0.0,15.21,2.547,2.948
2002-03-22,0.0,4.74,1.236,2.7289
2002-03-23,0.0,5.38,1.328,2.446
2002-03-24,0.0,9.17,1.823,2.3365
2002-03-25,0.0,13.22,2.361,2.2315
2002-03-26,5.83,12.62,2.3,2.1813
2002-03-27,0.0,12.23,2.264,2.4825
2002-03-28,0.0,9.18,1.875,2.2087
2002-03-29,25.04,11.69,2.222,2.122
2002-03-30,23.36,12.89,2.397,2.8248
2002-03-31,10.01,16.64,2.918,3.6781
2002-04-01,0.0,14.58,2.657,3.3222
2002-04-02,0.0,14.42,2.65,2.843
2002-04-03,0.0,16.06,2.893,2.6103
2002-04-04,0.0,11.29,2.251,2.4277
2002-04-05,0.0,10.33,2.131,2.3045
2002-04-06,0.0,9.29,1.998,2.2041
2002-04-07,0.0,9.4,2.024,2.1311
2002-04-08,6.28,13.05,2.552,2.1083
2002-04-09,14.16,15.62,2.931,2.7974
2002-04-10,4.34,17.88,3.269,4.3124
2002-04-11,0.0,17.56,3.242,3.272
2002-04-12,6.4,15.7,2.989,2.916
2002-04-13,3.52,16.64,3.141,2.9571
2002-04-14,2.68,18.92,3.49,2.8795
2002-04-15,0.0,20.21,3.697,2.8248
2002-04-16,0.0,20.84,3.807,2.6924
2002-04-17,0.0,21.01,3.851,2.5464
2002-04-18,0.0,22.15,4.038,2.5373
2002-04-19,0.0,22.3,4.078,2.6011
2002-04-20,0.0,22.94,4.194,2.3775
2002-04-21,0.0,22.88,4.203,2.2726
2002-04-22,0.0,21.08,3.949,2.1904
2002-04-23,0.0,15.21,3.073,2.0718
2002-04-24,9.75,15.0,3.054,2.0262
2002-04-25,0.0,16.8,3.342,2.2041
2002-04-26,0.89,11.69,2.568,2.0809
2002-04-27,2.75,13.58,2.871,1.9988
2002-04-28,2.36,18.53,3.649,1.9897
2002-04-29,0.0,19.81,3.861,1.944
2002-04-30,20.89,15.44,3.193,1.8071
2002-05-01,11.32,16.64,3.391,2.4506
2002-05-02,8.63,20.92,4.078,2.446
2002-05-03,50.21,19.77,3.909,2.1037
2002-05-04,13.94,13.56,2.939,4.8372
2002-05-05,0.0,15.87,3.315,4.1938
2002-05-06,0.0,16.62,3.445,3.0347
2002-05-07,0.0,20.32,4.046,2.6559
2002-05-08,0.0,22.21,4.361,2.4277
2002-05-09,2.98,22.56,4.43,2.2863
2002-05-10,10.35,20.34,4.084,2.2498
2002-05-11,0.0,19.04,3.884,2.1904
2002-05-12,0.0,20.08,4.065,2.1083
2002-05-13,8.53,20.01,4.063,2.1129
2002-05-14,0.0,14.14,3.116,2.3228
2002-05-15,0.0,14.24,3.141,1.9942
2002-05-16,0.0,15.68,3.384,1.8984
2002-05-17,7.17,18.53,3.858,1.8527
2002-05-18,0.0,17.28,3.661,2.0079
2002-05-19,0.0,12.29,2.847,1.871
2002-05-20,0.0,12.54,2.893,1.7432
2002-05-21,0.0,12.18,2.841,1.6839
2002-05-22,0.0,11.68,2.764,1.6702
2002-05-23,0.0,13.58,3.082,1.62
2002-05-24,0.0,16.85,3.632,1.5881
2002-05-25,0.0,18.88,3.976,1.5333
2002-05-26,0.0,20.07,4.18,1.4968
2002-05-27,4.41,20.74,4.299,1.4968
2002-05-28,0.0,21.05,4.357,1.547
2002-05-29,0.0,20.67,4.3,1.442
2002-05-30,0.0,20.62,4.297,1.3964
2002-05-31,0.0,22.54,4.626,1.3873
2002-06-01,0.0,24.16,4.903,1.547
2002-06-02,0.0,25.57,5.145,1.4147
2002-06-03,0.0,26.01,5.225,1.3006
2002-06-04,32.71,25.5,5.143,1.2686
2002-06-05,12.26,24.38,4.959,1.7569
2002-06-06,2.73,23.68,4.846,1.9121
2002-06-07,0.0,22.27,4.611,1.652
2002-06-08,0.0,21.42,4.47,1.3827
2002-06-09,0.0,19.48,4.145,1.2869
2002-06-10,0.0,20.97,4.4,1.223
2002-06-11,0.0,21.6,4.509,1.1728
2002-06-12,0.0,22.82,4.718,1.1317
2002-06-13,0.0,23.94,4.911,1.1043
2002-06-14,0.0,21.66,4.525,1.0952
2002-06-15,0.0,19.17,4.104,1.1089
2002-06-16,0.0,19.42,4.147,1.0496
2002-06-17,0.0,21.04,4.423,1.0176
2002-06-18,0.0,21.78,4.549,0.9994
2002-06-19,0.0,21.88,4.567,0.972
2002-06-20,0.0,23.12,4.777,0.9401
2002-06-21,0.0,21.82,4.557,0.9172
2002-06-22,5.88,22.0,4.587,0.8807
2002-06-23,3.36,23.36,4.816,0.9538
2002-06-24,0.0,24.07,4.935,1.1911
2002-06-25,6.18,24.49,5.005,1.0678
2002-06-26,21.04,24.02,4.923,1.9166
2002-06-27,1.3,24.36,4.978,1.976
2002-06-28,1.55,23.4,4.813,1.4238
2002-06-29,0.0,23.67,4.857,1.2184
2002-06-30,0.0,24.84,5.051,1.2093
2002-07-01,0.0,25.54,5.167,1.15
2002-07-02,0.0,24.9,5.054,1.474
2002-07-03,7.61,25.15,5.092,1.6656
2002-07-04,0.0,24.75,5.021,1.328
2002-07-05,0.0,26.3,5.278,1.1865
2002-07-06,14.59,26.33,5.276,1.0724
2002-07-07,0.0,25.67,5.16,1.15
2002-07-08,0.0,24.74,4.998,1.0085
2002-07-09,0.0,23.98,4.866,0.9629
2002-07-10,9.65,25.15,5.055,0.9309
2002-07-11,4.44,24.43,4.928,1.0359
2002-07-12,2.78,19.87,4.158,1.2276
2002-07-13,18.66,20.24,4.214,1.2002
2002-07-14,0.08,23.53,4.756,2.0307
2002-07-15,0.0,24.76,4.953,1.442
2002-07-16,0.0,25.36,5.045,1.1956
2002-07-17,0.0,25.78,5.106,1.0542
2002-07-18,0.0,25.64,5.073,0.972
2002-07-19,0.0,25.44,5.031,0.9218
2002-07-20,0.0,25.72,5.068,0.8944
2002-07-21,5.49,25.79,5.069,0.8579
2002-07-22,0.0,24.94,4.918,0.8944
2002-07-23,4.37,24.98,4.915,0.899
2002-07-24,3.66,25.07,4.919,1.0131
2002-07-25,8.24,24.38,4.795,1.2641
2002-07-26,0.0,24.8,4.853,1.1865
2002-07-27,0.0,25.82,5.007,1.0313
2002-07-28,0.0,26.48,5.101,0.9036
2002-07-29,0.0,26.66,5.117,0.8488
2002-07-30,0.0,26.98,5.156,0.794
2002-07-31,0.0,26.28,5.029,0.7667
2002-08-01,0.0,25.55,4.898,0.7986
2002-08-02,0.0,25.99,4.955,0.7621
2002-08-03,0.0,25.78,4.906,0.7256
2002-08-04,0.0,25.56,4.858,0.6936
2002-08-05,0.0,25.82,4.884,0.6708
2002-08-06,0.0,26.65,4.999,0.6754
2002-08-07,0.0,24.5,4.644,0.648
2002-08-08,0.0,22.42,4.303,0.6115
2002-08-09,0.0,22.22,4.257,0.5978
2002-08-10,0.0,23.28,4.407,0.5887
2002-08-11,0.0,23.96,4.496,0.5841
2002-08-12,0.0,24.72,4.598,0.5704
2002-08-13,0.0,24.29,4.515,0.5567
2002-08-14,0.0,24.96,4.6,0.5476
2002-08-15,13.39,25.28,4.632,0.5704
2002-08-16,6.38,25.02,4.575,0.9401
2002-08-17,9.99,25.27,4.593,0.8214
2002-08-18,3.1,24.78,4.5,0.8442
2002-08-19,18.51,25.56,4.599,0.7347
2002-08-20,0.0,25.73,4.605,0.721
2002-08-21,0.0,26.17,4.651,0.6799
2002-08-22,0.0,25.9,4.589,0.6069
2002-08-23,0.0,26.77,4.697,0.5887
2002-08-24,0.0,26.82,4.683,0.6298
2002-08-25,36.49,24.94,4.385,0.6891
2002-08-26,47.16,23.4,4.138,1.0907
2002-08-27,2.01,22.09,3.929,2.4642
2002-08-28,0.0,21.88,3.88,1.1956
2002-08-29,0.0,22.26,3.914,0.8625
2002-08-30,0.0,21.82,3.831,0.7667
2002-08-31,2.51,22.26,3.873,0.7347
2002-09-01,0.0,22.41,3.873,0.7347
2002-09-02,0.0,22.98,3.932,0.7073
2002-09-03,0.0,23.22,3.944,0.6799
2002-09-04,0.0,24.62,4.116,0.6663
2002-09-05,0.0,24.75,4.111,0.6526
2002-09-06,0.0,23.52,3.919,0.6252
2002-09-07,0.0,21.96,3.682,0.5932
2002-09-08,0.0,21.98,3.662,0.5796
2002-09-09,0.0,21.98,3.641,0.5659
2002-09-10,0.0,23.18,3.779,0.5522
2002-09-11,0.0,23.53,3.802,0.5339
2002-09-12,24.48,21.64,3.527,0.5111
2002-09-13,23.95,20.75,3.387,0.575
2002-09-14,64.36,20.42,3.322,1.1135
2002-09-15,64.95,20.48,3.308,5.8868
2002-09-16,1.02,22.52,3.549,3.8698
2002-09-17,3.91,22.25,3.49,1.7341
2002-09-18,4.14,22.15,3.454,1.3371
2002-09-19,11.39,22.39,3.46,1.2093
2002-09-20,28.38,22.14,3.403,1.1317
2002-09-21,21.41,21.14,3.255,3.815
2002-09-22,9.89,21.69,3.3,5.2479
2002-09-23,0.0,21.93,3.305,3.3997
2002-09-24,6.26,20.82,3.146,2.2908
2002-09-25,44.08,17.72,2.747,1.9805
2002-09-26,40.62,18.92,2.871,5.7499
2002-09-27,16.66,20.37,3.022,15.5156
2002-09-28,1.96,21.35,3.115,7.986
2002-09-29,0.0,20.78,3.023,4.4813
2002-09-30,0.0,20.46,2.963,3.3176
2002-10-01,0.0,21.66,3.078,2.7654
2002-10-02,0.0,22.48,3.148,2.3958
2002-10-03,0.0,22.67,3.143,2.1311
2002-10-04,2.34,21.86,3.027,1.9577
2002-10-05,0.0,22.92,3.121,1.9212
2002-10-06,5.72,21.32,2.917,1.7615
2002-10-07,0.0,21.51,2.914,1.6383
2002-10-08,0.0,18.93,2.609,1.5698
2002-10-09,3.19,15.8,2.249,1.5014
2002-10-10,11.61,16.93,2.351,1.5196
2002-10-11,2.89,20.43,2.704,1.6246
2002-10-12,11.75,21.26,2.768,1.5287
2002-10-13,0.0,20.39,2.653,1.5835
2002-10-14,8.99,16.0,2.176,1.4649
2002-10-15,61.79,13.12,1.861,2.1676
2002-10-16,0.0,14.08,1.942,6.1606
2002-10-17,0.0,11.08,1.622,3.0621
2002-10-18,0.0,11.0,1.6,2.341
2002-10-19,0.0,12.32,1.717,2.0672
2002-10-20,2.54,14.72,1.939,1.9303
2002-10-21,0.45,15.86,2.033,1.8345
2002-10-22,0.0,15.58,1.988,1.7843
2002-10-23,0.0,14.22,1.84,1.693
2002-10-24,0.0,13.52,1.758,1.6155
2002-10-25,7.32,13.34,1.725,1.5972
2002-10-26,0.0,15.18,1.882,1.7295
2002-10-27,5.67,16.36,1.974,1.6155
2002-10-28,23.73,16.7,1.989,1.7432
2002-10-29,7.51,14.32,1.755,2.2771
2002-10-30,0.0,14.11,1.721,2.2315
2002-10-31,0.0,11.41,1.465,2.0307
2002-11-01,0.0,9.41,1.276,1.8254
2002-11-02,0.0,7.44,1.092,1.7158
2002-11-03,0.0,8.23,1.151,1.6383
2002-11-04,0.0,10.52,1.34,1.6109
2002-11-05,39.77,10.46,1.323,1.7889
2002-11-06,0.0,9.88,1.262,2.9845
2002-11-07,0.0,8.25,1.115,2.3228
2002-11-08,0.0,9.58,1.217,2.0444
2002-11-09,11.49,11.66,1.379,1.9258
2002-11-10,45.06,14.53,1.604,2.551
2002-11-11,10.93,16.81,1.777,7.484
2002-11-12,0.0,13.45,1.492,5.4761
2002-11-13,0.0,9.0,1.123,4.0295
2002-11-14,0.0,7.83,1.021,3.3085
2002-11-15,32.54,7.38,0.978,2.9708
2002-11-16,13.55,6.9,0.934,5.2479
2002-11-17,0.0,6.48,0.894,5.4305
2002-11-18,0.0,5.8,0.835,3.9976
2002-11-19,0.92,6.62,0.893,3.4773
2002-11-20,16.2,7.96,0.989,3.1761
2002-11-21,0.0,9.22,1.077,3.4728
2002-11-22,0.0,5.56,0.795,3.3085
2002-11-23,0.0,5.57,0.79,2.9434
2002-11-24,0.0,9.58,1.084,2.77
2002-11-25,0.0,10.53,1.147,2.6559
2002-11-26,0.0,9.38,1.056,2.5418
2002-11-27,0.0,5.08,0.736,2.4551
2002-11-28,0.0,1.62,0.481,2.3502
2002-11-29,0.0,3.51,0.615,2.2863
2002-11-30,0.0,6.08,0.797,2.2543
2002-12-01,0.0,2.7,0.551,2.1859
2002-12-02,0.0,3.78,0.626,2.122
2002-12-03,0.0,7.14,0.861,2.1037
2002-12-04,63.7,3.1,0.572,2.1768
2002-12-05,0.0,3.18,0.576,4.7916
2002-12-06,0.0,3.28,0.58,3.5732
2002-12-07,0.0,3.44,0.59,2.9115
2002-12-08,0.0,4.62,0.669,2.6742
2002-12-09,0.0,3.86,0.615,2.5327
2002-12-10,34.37,5.5,0.726,2.4779
2002-12-11,3.02,5.47,0.723,3.2355
2002-12-12,13.92,5.64,0.733,2.8886
2002-12-13,11.11,3.61,0.592,3.167
2002-12-14,0.0,4.63,0.661,3.9747
2002-12-15,0.0,5.66,0.731,3.3176
2002-12-16,0.0,9.3,0.978,3.0119
2002-12-17,0.0,6.93,0.815,2.8065
2002-12-18,0.0,6.12,0.759,2.665
2002-12-19,38.64,7.51,0.854,2.6285
2002-12-20,0.0,7.44,0.85,6.2063
2002-12-21,0.0,6.66,0.797,4.4356
2002-12-22,0.0,8.21,0.902,3.7101
2002-12-23,30.24,7.57,0.859,3.3313
2002-12-24,40.24,5.22,0.699,6.7082
2002-12-25,0.0,2.67,0.525,6.5713
2002-12-26,0.0,2.1,0.487,4.9285
2002-12-27,0.0,2.46,0.512,4.3352
2002-12-28,0.0,4.59,0.66,3.9702
2002-12-29,0.0,9.32,0.988,3.7146
2002-12-30,0.0,8.8,0.955,3.4865
2002-12-31,18.39,7.93,0.897,3.3632
2003-01-01,22.66,10.04,1.046,4.5543
2003-01-02,13.89,9.91,1.04,4.1299
2003-01-03,0.0,5.74,0.752,4.0204
2003-01-04,0.0,3.69,0.611,3.7648
2003-01-05,0.0,6.18,0.789,3.523
2003-01-06,0.0,3.9,0.631,3.3359
2003-01-07,0.0,3.62,0.613,3.1853
2003-01-08,0.0,7.31,0.88,3.0986
2003-01-09,4.55,11.02,1.151,3.0164
2003-01-10,0.0,7.83,0.926,2.9206
2003-01-11,0.0,2.88,0.572,2.7746
2003-01-12,0.0,0.68,0.414,2.7107
2003-01-13,0.0,2.29,0.535,2.665
2003-01-14,0.0,4.88,0.729,2.6468
2003-01-15,0.0,2.79,0.578,2.5783
2003-01-16,18.92,-0.58,0.33,2.5236
2003-01-17,0.0,-2.24,0.208,2.5646
2003-01-18,0.0,-5.3,0.0,2.4049
2003-01-19,0.0,-2.12,0.219,2.3867
2003-01-20,0.0,4.74,0.747,2.3912
2003-01-21,0.64,8.96,1.078,2.4095
2003-01-22,0.0,6.54,0.898,2.3958
2003-01-23,0.0,-4.34,0.052,2.3137
2003-01-24,0.0,-3.78,0.097,2.09
2003-01-25,0.0,0.44,0.433,2.2635
2003-01-26,0.0,2.57,0.607,2.1904
2003-01-27,0.0,0.14,0.415,2.1539
2003-01-28,0.0,2.38,0.601,2.1083
2003-01-29,25.97,4.88,0.811,2.3137
2003-01-30,10.84,5.72,0.887,2.7152
2003-01-31,0.0,4.68,0.808,2.4779
2003-02-01,0.0,7.01,1.01,2.3091
2003-02-02,0.0,10.18,1.287,2.2178
2003-02-03,15.68,11.52,1.413,2.1585
2003-02-04,0.0,7.15,1.048,2.6194
2003-02-05,0.0,4.62,0.837,2.5373
2003-02-06,17.75,2.62,0.669,2.3182
2003-02-07,0.0,3.16,0.723,2.5966
2003-02-08,0.0,0.62,0.501,2.5144
2003-02-09,12.57,3.04,0.725,2.3319
2003-02-10,0.0,3.75,0.795,2.3547
2003-02-11,0.0,4.0,0.826,2.3182
2003-02-12,0.0,5.39,0.961,2.2224
2003-02-13,0.0,6.14,1.039,2.1585
2003-02-14,12.84,5.48,0.987,2.1676
2003-02-15,8.3,9.2,1.349,2.5692
2003-02-16,23.28,4.14,0.876,2.8658
2003-02-17,0.0,1.41,0.62,4.1025
2003-02-18,0.0,5.42,1.016,3.272
2003-02-19,0.68,6.3,1.112,2.8841
2003-02-20,0.52,7.82,1.273,2.7061
2003-02-21,41.82,8.64,1.367,2.6057
2003-02-22,32.18,11.18,1.635,8.6705
2003-02-23,0.0,8.59,1.387,8.1229
2003-02-24,0.0,8.9,1.43,5.2479
2003-02-25,3.25,7.6,1.309,4.3398
2003-02-26,22.48,5.12,1.059,4.0295
2003-02-27,14.4,4.06,0.957,4.5634
2003-02-28,0.0,6.87,1.265,4.422
2003-03-01,0.0,7.54,1.348,3.9109
2003-03-02,0.0,9.43,1.564,3.7192
2003-03-03,0.0,7.44,1.359,3.4317
2003-03-04,0.31,7.54,1.382,3.2492
2003-03-05,41.57,10.86,1.764,3.2126
2003-03-06,0.0,12.54,1.967,5.0198
2003-03-07,0.0,11.13,1.824,4.5132
2003-03-08,0.0,9.99,1.709,3.8835
2003-03-09,0.0,13.79,2.159,3.6325
2003-03-10,0.0,12.49,2.026,3.4043
2003-03-11,0.0,11.0,1.869,3.24
2003-03-12,0.0,13.15,2.137,3.1214
2003-03-13,1.9,14.14,2.27,3.0438
2003-03-14,4.39,12.52,2.096,2.9662
2003-03-15,9.34,11.26,1.96,2.9708
2003-03-16,6.72,12.85,2.168,3.3861
2003-03-17,11.7,12.82,2.181,3.2172
2003-03-18,15.76,13.0,2.219,3.2537
2003-03-19,45.23,12.54,2.179,4.1755
2003-03-20,2.14,11.96,2.121,9.0356
2003-03-21,0.0,13.58,2.341,6.6626
2003-03-22,0.0,12.34,2.2,5.111
2003-03-23,0.0,12.05,2.179,4.463
2003-03-24,0.0,13.24,2.347,4.1116
2003-03-25,0.0,13.8,2.437,3.8333
2003-03-26,0.0,14.14,2.498,3.6736
2003-03-27,0.0,14.68,2.586,3.5138
2003-03-28,0.0,16.12,2.793,3.3952
2003-03-29,8.2,15.56,2.736,3.3176
2003-03-30,1.71,6.76,1.576,3.4363
2003-03-31,0.0,5.44,1.408,3.2583
2003-04-01,0.0,9.86,2.016,3.1123
2003-04-02,0.0,14.04,2.599,3.0301
2003-04-03,0.0,16.4,2.938,2.9525
2003-04-04,7.18,16.34,2.949,2.8978
2003-04-05,20.08,17.46,3.122,3.2994
2003-04-06,33.4,13.54,2.591,3.2811
2003-04-07,5.08,11.32,2.294,5.8868
2003-04-08,10.8,9.8,2.092,4.9741
2003-04-09,17.05,8.15,1.869,4.7003
2003-04-10,13.72,7.1,1.729,5.2936
2003-04-11,0.0,9.06,2.021,5.7499
2003-04-12,0.0,13.37,2.653,4.7003
2003-04-13,0.0,15.55,2.983,4.1801
2003-04-14,0.0,16.73,3.171,3.8652
2003-04-15,0.0,17.23,3.26,3.6553
2003-04-16,0.0,16.94,3.233,3.5184
2003-04-17,22.52,16.19,3.136,3.4499
2003-04-18,4.2,14.19,2.854,4.6547
2003-04-19,0.06,15.14,3.009,4.2851
2003-04-20,1.18,14.84,2.979,3.8424
2003-04-21,17.28,15.91,3.152,3.961
2003-04-22,0.0,14.6,2.968,4.0888
2003-04-23,0.0,11.85,2.562,3.6416
2003-04-24,5.79,11.3,2.488,3.4545
2003-04-25,13.15,12.13,2.626,3.4956
2003-04-26,0.0,15.74,3.191,3.6416
2003-04-27,0.0,17.0,3.399,3.3222
2003-04-28,0.0,18.02,3.569,3.1761
2003-04-29,7.27,19.29,3.78,3.1031
2003-04-30,1.06,19.58,3.839,3.0986
2003-05-01,0.52,19.7,3.872,3.1442
2003-05-02,0.0,19.26,3.817,3.0666
2003-05-03,0.0,18.75,3.748,2.9754
2003-05-04,0.45,17.32,3.533,3.094
2003-05-05,51.36,14.64,3.119,3.8196
2003-05-06,34.43,17.36,3.562,11.7736
2003-05-07,3.16,19.27,3.878,11.4998
2003-05-08,0.0,22.26,4.37,8.1229
2003-05-09,0.0,23.4,4.565,6.2063
2003-05-10,0.0,23.42,4.58,5.2936
2003-05-11,1.79,20.84,4.175,4.8829
2003-05-12,0.0,17.49,3.644,4.5452
2003-05-13,0.0,17.71,3.688,4.1847
2003-05-14,1.53,16.72,3.536,4.0067
2003-05-15,0.0,17.12,3.61,3.9337
2003-05-16,8.55,20.44,4.163,3.8424
2003-05-17,16.76,18.02,3.774,3.8972
2003-05-18,2.34,15.24,3.327,4.3216
2003-05-19,6.06,15.3,3.343,4.1481
2003-05-20,0.0,16.77,3.592,3.8789
2003-05-21,35.12,16.65,3.579,3.9245
2003-05-22,15.57,17.5,3.727,7.7122
2003-05-23,4.33,18.88,3.962,6.3432
2003-05-24,0.0,19.43,4.061,5.3392
2003-05-25,0.87,18.94,3.987,4.6547
2003-05-26,0.0,19.88,4.149,4.2622
2003-05-27,0.0,18.02,3.845,3.9519
2003-05-28,0.0,17.74,3.804,3.7329
2003-05-29,0.0,17.7,3.802,3.5777
2003-05-30,0.0,18.21,3.893,3.4454
2003-05-31,0.0,19.5,4.114,3.3085
2003-06-01,0.0,18.44,3.94,3.1853
2003-06-02,12.54,16.63,3.641,3.0575
2003-06-03,11.14,18.21,3.911,3.4317
2003-06-04,0.0,20.09,4.232,3.9291
2003-06-05,0.0,18.52,3.97,3.2948
2003-06-06,56.48,18.82,4.024,3.0894
2003-06-07,24.45,20.78,4.359,10.5871
2003-06-08,0.0,23.8,4.873,8.2598
2003-06-09,0.0,21.66,4.514,5.5217
2003-06-10,0.0,20.88,4.384,4.5497
2003-06-11,4.05,21.94,4.568,4.1345
2003-06-12,15.87,22.89,4.73,4.098
2003-06-13,3.9,22.71,4.702,5.0654
2003-06-14,4.63,22.88,4.731,4.3398
2003-06-15,7.86,24.12,4.943,4.3672
2003-06-16,15.09,23.29,4.804,4.066
2003-06-17,2.61,21.83,4.556,5.0198
2003-06-18,16.05,21.28,4.464,4.4448
2003-06-19,2.74,23.28,4.804,4.5634
2003-06-20,0.0,22.92,4.744,4.0614
2003-06-21,0.0,19.54,4.168,3.6918
2003-06-22,0.0,19.51,4.163,3.4682
2003-06-23,0.0,21.48,4.497,3.3267
2003-06-24,0.0,22.77,4.714,3.2035
2003-06-25,0.0,23.64,4.861,3.094
2003-06-26,0.0,23.7,4.868,3.0119
2003-06-27,0.0,23.06,4.757,2.9388
2003-06-28,6.22,21.84,4.55,3.0347
2003-06-29,0.0,22.88,4.723,2.9754
2003-06-30,12.88,21.54,4.494,2.9023
2003-07-01,119.41,20.1,4.247,4.0067
2003-07-02,2.04,21.26,4.438,14.3748
2003-07-03,0.0,22.82,4.699,6.9364
2003-07-04,0.0,23.97,4.889,5.7499
2003-07-05,8.57,23.88,4.869,5.1567
2003-07-06,8.79,24.07,4.896,6.4344
2003-07-07,4.85,24.06,4.889,5.4305
2003-07-08,0.0,25.28,5.089,4.7003
2003-07-09,6.06,25.55,5.128,4.2896
2003-07-10,4.6,23.38,4.759,4.2166
2003-07-11,0.0,23.79,4.82,4.1025
2003-07-12,0.0,23.02,4.685,3.8378
2003-07-13,8.85,23.12,4.694,4.0386
2003-07-14,4.64,22.76,4.629,4.6091
2003-07-15,0.0,23.48,4.741,4.1025
2003-07-16,0.0,24.3,4.868,3.7694
2003-07-17,39.36,24.74,4.934,3.6507
2003-07-18,0.0,24.52,4.889,4.8829
2003-07-19,2.92,24.9,4.942,3.6872
2003-07-20,1.87,24.78,4.913,3.5595
2003-07-21,5.96,24.94,4.929,3.4956
2003-07-22,6.92,22.74,4.559,3.9291
2003-07-23,6.9,22.4,4.493,3.5549
2003-07-24,0.0,20.64,4.195,3.2674
2003-07-25,0.0,21.63,4.347,3.0986
2003-07-26,0.0,23.74,4.681,3.0073
2003-07-27,0.0,24.43,4.781,2.989
2003-07-28,0.0,25.02,4.864,3.0164
2003-07-29,4.8,24.73,4.806,2.9069
2003-07-30,13.68,23.41,4.58,3.2765
2003-07-31,3.93,23.58,4.596,3.9109
2003-08-01,4.77,24.69,4.76,3.7922
2003-08-02,28.1,24.42,4.705,3.993
2003-08-03,5.19,23.9,4.608,4.7003
2003-08-04,4.13,23.28,4.495,4.4493
2003-08-05,5.82,23.33,4.489,3.8059
2003-08-06,4.58,23.42,4.489,3.5275
2003-08-07,14.44,23.12,4.427,3.4317
2003-08-08,8.23,22.92,4.381,3.7968
2003-08-09,13.75,22.84,4.354,3.8698
2003-08-10,17.08,23.1,4.378,4.0204
2003-08-11,7.42,22.17,4.219,4.0112
2003-08-12,7.1,21.88,4.158,4.4037
2003-08-13,1.85,22.94,4.306,4.2485
2003-08-14,13.22,24.92,4.596,4.0249
2003-08-15,2.37,25.26,4.628,4.6547
2003-08-16,4.4,25.32,4.62,4.1892
2003-08-17,4.58,24.74,4.514,4.3535
2003-08-18,0.0,24.48,4.454,4.2394
2003-08-19,0.0,23.64,4.309,3.8698
2003-08-20,0.0,24.79,4.464,3.6279
2003-08-21,4.45,24.83,4.449,3.6872
2003-08-22,0.0,24.52,4.385,3.7785
2003-08-23,0.64,25.18,4.462,3.7101
2003-08-24,0.0,24.12,4.286,3.3039
2003-08-25,0.0,25.24,4.429,3.0712
2003-08-26,0.0,25.51,4.447,2.9982
2003-08-27,0.0,25.05,4.358,2.9708
2003-08-28,29.87,25.26,4.367,3.0164
2003-08-29,7.76,25.38,4.362,2.9799
2003-08-30,6.28,24.95,4.278,2.9662
2003-08-31,34.88,24.61,4.207,3.669
2003-09-01,0.0,24.6,4.183,11.3629
2003-09-02,3.15,24.39,4.13,6.7995
2003-09-03,1.79,24.03,4.057,6.2975
2003-09-04,1.0,24.4,4.086,4.9285
2003-09-05,0.0,21.66,3.683,4.5634
2003-09-06,0.0,20.87,3.554,4.0204
2003-09-07,3.02,20.23,3.445,3.7374
2003-09-08,1.22,19.6,3.339,3.5686
2003-09-09,0.0,20.69,3.466,3.4271
2003-09-10,0.0,21.11,3.501,3.2674
2003-09-11,0.0,19.38,3.249,3.1259
2003-09-12,0.0,19.1,3.191,2.9982
2003-09-13,0.0,20.23,3.319,2.875
2003-09-14,4.39,20.02,3.27,2.7837
2003-09-15,0.0,21.58,3.45,2.8156
2003-09-16,0.0,20.56,3.296,2.7791
2003-09-17,0.0,19.01,3.075,2.6148
2003-09-18,0.0,19.01,3.054,2.5236
2003-09-19,0.0,20.16,3.178,2.4551
2003-09-20,0.0,20.98,3.258,2.3684
2003-09-21,26.77,20.42,3.166,2.3273
2003-09-22,90.43,18.97,2.964,6.982
2003-09-23,0.0,18.56,2.891,11.8193
2003-09-24,0.0,17.59,2.752,5.0198
2003-09-25,0.0,19.42,2.952,3.8652
2003-09-26,0.0,19.42,2.93,3.418
2003-09-27,14.3,19.8,2.953,3.199
2003-09-28,0.0,16.25,2.512,3.094
2003-09-29,0.0,11.74,1.963,2.7107
2003-09-30,0.0,12.64,2.053,2.5281
2003-10-01,0.0,13.83,2.174,2.4323
2003-10-02,0.0,13.15,2.079,2.3593
2003-10-03,0.0,10.22,1.73,2.2817
2003-10-04,0.0,12.72,1.996,2.2406
2003-10-05,0.0,14.66,2.197,2.2087
2003-10-06,0.0,15.21,2.24,2.1722
2003-10-07,0.56,17.6,2.485,2.1357
2003-10-08,19.18,15.63,2.249,2.1904
2003-10-09,1.54,16.98,2.376,2.4323
2003-10-10,6.46,18.45,2.514,2.2771
2003-10-11,0.0,17.1,2.35,2.3045
2003-10-12,0.0,18.58,2.485,2.3365
2003-10-13,0.0,18.52,2.458,2.2087
2003-10-14,4.35,17.51,2.331,2.1539
2003-10-15,0.0,14.57,2.01,2.1722
2003-10-16,0.0,12.31,1.762,2.0627
2003-10-17,0.0,11.81,1.697,2.0353
2003-10-18,0.0,13.34,1.836,2.0125
2003-10-19,0.0,14.98,1.982,1.9714
2003-10-20,0.0,16.02,2.066,1.9166
2003-10-21,0.0,17.76,2.219,1.8756
2003-10-22,0.0,16.08,2.037,1.8391
2003-10-23,0.0,13.1,1.734,1.7752
2003-10-24,0.0,12.38,1.65,1.7295
2003-10-25,17.65,13.1,1.703,1.6428
2003-10-26,31.85,12.57,1.639,2.0718
2003-10-27,0.0,14.83,1.833,3.596
2003-10-28,0.0,8.63,1.249,2.4049
2003-10-29,0.0,12.42,1.583,2.09
2003-10-30,0.0,14.66,1.771,1.9349
2003-10-31,0.0,16.06,1.88,1.8573
2003-11-01,0.0,17.44,1.987,1.8071
2003-11-02,0.0,18.54,2.066,1.766
2003-11-03,0.0,18.16,2.015,1.725
2003-11-04,13.63,17.5,1.941,1.7022
2003-11-05,17.22,19.56,2.101,2.1539
2003-11-06,0.0,22.35,2.321,3.2492
2003-11-07,0.0,19.12,2.029,3.2492
2003-11-08,0.0,15.84,1.74,2.4642
2003-11-09,0.0,10.4,1.275,2.195
2003-11-10,0.0,8.22,1.085,2.0444
2003-11-11,0.0,11.96,1.382,1.9805
2003-11-12,0.48,15.59,1.665,1.9258
2003-11-13,0.0,11.14,1.295,1.8482
2003-11-14,0.0,6.42,0.909,1.7478
2003-11-15,0.0,9.22,1.124,1.7295
2003-11-16,3.82,12.92,1.405,1.7158
2003-11-17,0.0,14.89,1.549,1.725
2003-11-18,99.82,17.4,1.732,1.7615
2003-11-19,6.08,15.57,1.579,20.3529
2003-11-20,0.0,13.03,1.375,8.1685
2003-11-21,0.0,13.71,1.417,5.4305
2003-11-22,0.0,13.64,1.403,4.422
2003-11-23,6.69,13.12,1.355,3.8926
2003-11-24,7.54,8.63,1.013,4.066
2003-11-25,0.0,4.67,0.714,4.139
2003-11-26,0.0,6.12,0.817,3.5732
2003-11-27,19.87,8.36,0.976,3.3906
2003-11-28,1.25,8.66,0.992,5.2023
2003-11-29,0.0,1.72,0.485,4.9741
2003-11-30,0.0,6.6,0.834,4.0614
2003-12-01,0.0,9.55,1.041,3.6918
2003-12-02,0.0,7.41,0.884,3.3906
2003-12-03,11.61,3.06,0.572,3.1898
2003-12-04,12.17,1.87,0.485,3.5777
2003-12-05,0.0,3.22,0.579,4.1573
2003-12-06,0.0,3.65,0.606,3.6097
2003-12-07,0.0,3.86,0.619,3.3678
2003-12-08,0.0,5.32,0.718,3.1898
2003-12-09,19.98,6.4,0.791,3.0757
2003-12-10,34.34,6.03,0.763,6.2975
2003-12-11,0.0,5.2,0.704,7.3015
2003-12-12,0.0,4.34,0.643,5.0198
2003-12-13,16.98,2.24,0.497,4.3261
2003-12-14,0.0,3.49,0.583,4.8372
2003-12-15,0.0,4.8,0.672,4.4265
2003-12-16,14.64,5.1,0.692,4.0158
2003-12-17,0.0,2.5,0.513,4.746
2003-12-18,5.17,2.93,0.542,4.2577
2003-12-19,0.0,1.69,0.457,3.9382
2003-12-20,0.0,0.04,0.345,3.7009
2003-12-21,0.0,0.46,0.373,3.5093
2003-12-22,0.0,4.47,0.647,3.4089
2003-12-23,0.0,5.88,0.744,3.3222
2003-12-24,0.0,3.56,0.585,3.8926
2003-12-25,0.0,2.15,0.49,3.5001
2003-12-26,0.0,3.9,0.611,3.272
2003-12-27,0.0,8.1,0.9,3.167
2003-12-28,0.0,8.64,0.939,3.0849
2003-12-29,11.55,7.44,0.859,3.0301
2003-12-30,0.0,6.96,0.828,3.4089
2003-12-31,0.0,6.66,0.809,3.167
2004-01-01,0.0,8.47,0.937,2.9982
2004-01-02,0.0,10.2,1.061,2.9115
2004-01-03,0.0,13.62,1.304,2.8658
2004-01-04,5.53,15.68,1.453,2.8065
2004-01-05,9.74,13.77,1.324,2.9708
2004-01-06,0.0,2.68,0.544,3.2309
2004-01-07,0.0,-2.02,0.212,2.8476
2004-01-08,5.39,-1.23,0.27,2.7746
2004-01-09,1.72,0.12,0.368,2.7654
2004-01-10,0.0,1.06,0.437,2.7061
2004-01-11,0.0,1.03,0.438,2.6148
2004-01-12,0.0,6.09,0.809,2.5738
2004-01-13,0.0,9.09,1.034,2.5373
2004-01-14,0.0,8.04,0.962,2.4916
2004-01-15,0.0,5.96,0.814,2.4597
2004-01-16,0.0,5.44,0.78,2.3867
2004-01-17,10.55,4.36,0.704,2.3593
2004-01-18,1.2,5.81,0.818,2.6742
2004-01-19,0.0,3.51,0.648,2.6148
2004-01-20,0.0,0.52,0.423,2.4232
2004-01-21,0.0,1.34,0.49,2.3639
2004-01-22,0.0,3.59,0.668,2.3228
2004-01-23,0.0,3.9,0.698,2.2817
2004-01-24,8.59,6.28,0.89,2.2406
2004-01-25,20.91,3.76,0.696,2.551
2004-01-26,0.0,0.76,0.462,2.948
2004-01-27,0.0,0.8,0.468,2.9206
2004-01-28,0.0,1.01,0.489,2.7381
2004-01-29,0.0,2.48,0.614,2.5555
2004-01-30,0.0,3.26,0.683,2.4825
2004-01-31,0.0,1.99,0.583,2.4049
2004-02-01,0.0,2.96,0.67,2.3228
2004-02-02,29.69,0.45,0.463,2.4049
2004-02-03,0.0,4.92,0.848,4.6547
2004-02-04,0.0,3.91,0.769,3.5732
2004-02-05,19.58,2.33,0.637,3.1168
2004-02-06,37.08,7.13,1.065,10.1764
2004-02-07,0.0,2.09,0.628,9.4919
2004-02-08,0.0,1.33,0.565,5.7499
2004-02-09,0.0,1.72,0.605,4.746
2004-02-10,0.0,5.54,0.958,4.2394
2004-02-11,12.44,6.41,1.046,3.9017
2004-02-12,5.15,3.8,0.814,4.0386
2004-02-13,2.04,6.68,1.09,3.8926
2004-02-14,4.0,5.06,0.947,3.6051
2004-02-15,13.65,5.22,0.971,3.6188
2004-02-16,0.0,2.17,0.687,3.6872
2004-02-17,0.0,2.11,0.688,3.3906
2004-02-18,0.0,5.78,1.052,3.2537
2004-02-19,0.0,8.3,1.309,3.1442
2004-02-20,0.0,7.82,1.273,3.0666
2004-02-21,0.0,9.12,1.415,3.0255
2004-02-22,0.0,7.5,1.264,2.8886
2004-02-23,0.0,6.34,1.157,2.8293
2004-02-24,0.0,8.2,1.359,2.8156
2004-02-25,10.74,7.46,1.293,2.7517
2004-02-26,3.75,1.19,0.649,2.7061
2004-02-27,0.0,3.59,0.907,2.7198
2004-02-28,0.0,6.32,1.206,2.6742
2004-02-29,0.0,7.45,1.339,2.6057
2004-03-01,4.33,10.76,1.708,2.5692
2004-03-02,7.74,12.99,1.967,2.6194
2004-03-03,0.0,16.33,2.352,2.7335
2004-03-04,0.0,16.77,2.421,2.6148
2004-03-05,10.7,16.63,2.426,2.5646
2004-03-06,0.0,16.34,2.413,2.7107
2004-03-07,2.82,12.47,1.991,2.7289
2004-03-08,0.0,8.78,1.584,2.551
2004-03-09,1.9,4.3,1.078,2.4825
2004-03-10,0.0,5.62,1.241,2.4734
2004-03-11,0.0,7.45,1.466,2.4095
2004-03-12,0.0,9.16,1.68,2.3593
2004-03-13,0.0,8.12,1.57,2.3137
2004-03-14,2.27,10.27,1.84,2.2726
2004-03-15,3.51,13.35,2.228,2.2771
2004-03-16,5.88,15.1,2.459,2.3821
2004-03-17,0.0,9.73,1.816,2.3182
2004-03-18,1.4,9.88,1.849,2.2406
2004-03-19,0.0,14.48,2.437,2.2224
2004-03-20,6.41,13.37,2.315,2.1631
2004-03-21,0.0,10.43,1.959,2.3045
2004-03-22,0.0,4.0,1.15,2.1402
2004-03-23,0.0,3.95,1.152,2.09
2004-03-24,0.0,7.81,1.66,2.0764
2004-03-25,0.0,12.24,2.25,2.0535
2004-03-26,0.0,15.2,2.654,2.0398
2004-03-27,0.0,16.3,2.817,2.0262
2004-03-28,0.0,17.84,3.041,2.0079
2004-03-29,9.22,16.88,2.931,1.9851
2004-03-30,12.39,14.01,2.563,2.2133
2004-03-31,0.0,8.46,1.826,2.3821
2004-04-01,0.0,7.9,1.762,2.1676
2004-04-02,0.0,7.94,1.777,2.0535
2004-04-03,0.0,12.12,2.365,1.9942
2004-04-04,0.0,11.32,2.269,1.9349
2004-04-05,0.0,10.12,2.113,1.8847
2004-04-06,0.0,11.83,2.366,1.8527
2004-04-07,0.0,15.04,2.832,1.8436
2004-04-08,0.0,14.99,2.841,1.8208
2004-04-09,0.0,15.7,2.959,1.8071
2004-04-10,0.0,14.81,2.846,1.7615
2004-04-11,2.21,14.48,2.813,1.7615
2004-04-12,40.18,11.9,2.453,1.8482
2004-04-13,7.33,11.94,2.472,5.111
2004-04-14,0.0,8.06,1.915,3.8926
2004-04-15,0.0,11.74,2.467,2.7791
2004-04-16,0.0,14.08,2.824,2.4597
2004-04-17,0.0,16.88,3.254,2.2908
2004-04-18,0.0,19.1,3.602,2.1859
2004-04-19,0.0,19.74,3.714,2.0992
2004-04-20,0.0,19.8,3.739,2.0444
2004-04-21,0.0,18.7,3.587,1.9897
2004-04-22,0.0,19.44,3.716,1.9303
2004-04-23,0.0,20.4,3.877,1.8893
2004-04-24,0.0,20.48,3.906,1.8619
2004-04-25,9.42,20.51,3.926,1.8254
2004-04-26,10.2,16.4,3.306,2.1722
2004-04-27,0.0,12.6,2.729,2.5144
2004-04-28,0.0,12.25,2.685,1.9805
2004-04-29,0.0,14.04,2.974,1.871
2004-04-30,4.64,16.26,3.332,1.8527
2004-05-01,18.83,18.73,3.732,1.9166
2004-05-02,0.0,17.86,3.607,2.5327
2004-05-03,0.0,11.5,2.612,2.7609
2004-05-04,0.0,10.8,2.509,2.2041
2004-05-05,0.0,15.82,3.318,2.0581
2004-05-06,0.0,19.96,3.989,1.9668
2004-05-07,0.0,21.36,4.226,1.8664
2004-05-08,0.0,22.08,4.352,1.8117
2004-05-09,0.0,20.91,4.176,1.7341
2004-05-10,0.0,20.76,4.163,1.7295
2004-05-11,1.35,20.18,4.081,1.6839
2004-05-12,15.61,20.02,4.064,1.8664
2004-05-13,10.05,20.66,4.179,2.6377
2004-05-14,0.0,20.42,4.15,3.1944
2004-05-15,0.0,20.31,4.141,2.341
2004-05-16,9.62,20.56,4.191,2.0855
2004-05-17,2.55,21.53,4.36,2.7335
2004-05-18,4.54,21.18,4.311,2.5829
2004-05-19,0.0,21.44,4.363,2.9343
2004-05-20,0.0,22.42,4.533,2.3912
2004-05-21,0.0,23.46,4.713,2.1676
2004-05-22,1.25,23.74,4.768,2.0353
2004-05-23,0.0,22.84,4.629,2.2224
2004-05-24,0.0,22.35,4.554,2.1631
2004-05-25,0.0,23.74,4.794,1.9395
2004-05-26,0.0,23.34,4.734,1.8162
2004-05-27,0.0,23.44,4.756,1.7432
2004-05-28,0.0,23.44,4.763,1.6656
2004-05-29,6.92,21.99,4.528,1.62
2004-05-30,31.33,22.8,4.668,1.9577
2004-05-31,7.38,21.72,4.492,2.2178
2004-06-01,0.0,19.84,4.18,1.9988
2004-06-02,0.0,20.16,4.238,1.6748
2004-06-03,0.0,20.23,4.254,1.5653
2004-06-04,0.0,20.86,4.366,1.5196
2004-06-05,0.0,19.7,4.172,1.474
2004-06-06,0.0,20.83,4.368,1.4466
2004-06-07,7.56,22.07,4.581,1.4375
2004-06-08,9.59,21.8,4.539,1.4968
2004-06-09,4.15,22.48,4.657,1.8801
2004-06-10,6.41,23.26,4.791,1.6246
2004-06-11,0.0,24.6,5.021,1.7022
2004-06-12,17.57,24.3,4.972,1.7158
2004-06-13,3.14,22.75,4.71,1.8756
2004-06-14,25.47,23.67,4.868,1.6428
2004-06-15,26.87,24.99,5.093,4.746
2004-06-16,2.04,24.99,5.094,5.4305
2004-06-17,0.0,25.53,5.186,3.2811
2004-06-18,0.0,24.92,5.084,2.5464
2004-06-19,0.0,24.94,5.086,2.195
2004-06-20,0.0,23.28,4.803,1.9577
2004-06-21,15.69,22.34,4.643,1.8756
2004-06-22,12.64,24.26,4.968,3.9154
2004-06-23,15.98,23.32,4.807,2.8978
2004-06-24,3.81,23.4,4.819,2.5646
2004-06-25,43.91,22.8,4.716,2.6103
2004-06-26,0.0,23.52,4.835,3.6964
2004-06-27,11.2,21.66,4.519,2.7472
2004-06-28,5.86,21.8,4.539,2.5555
2004-06-29,0.0,21.19,4.434,2.4323
2004-06-30,23.08,20.86,4.376,2.8384
2004-07-01,13.43,22.42,4.635,3.1898
2004-07-02,16.17,23.52,4.816,3.4865
2004-07-03,11.17,23.37,4.788,3.5686
2004-07-04,10.48,23.93,4.878,3.1031
2004-07-05,2.1,24.88,5.032,2.7837
2004-07-06,0.0,24.38,4.942,2.4277
2004-07-07,0.0,25.28,5.089,2.3137
2004-07-08,0.0,24.72,4.989,2.1037
2004-07-09,0.0,24.56,4.956,1.9988
2004-07-10,0.0,25.41,5.092,1.8938
2004-07-11,4.09,25.12,5.037,1.8801
2004-07-12,7.53,24.86,4.985,1.9258
2004-07-13,0.0,25.44,5.075,2.0718
2004-07-14,0.0,25.1,5.01,1.7524
2004-07-15,0.0,22.3,4.536,1.6565
2004-07-16,0.0,20.95,4.305,1.5653
2004-07-17,9.06,22.1,4.488,1.5607
2004-07-18,6.51,22.48,4.543,2.3502
2004-07-19,0.0,22.4,4.519,1.7341
2004-07-20,0.0,23.06,4.619,1.6611
2004-07-21,0.0,23.75,4.724,1.547
2004-07-22,0.0,24.72,4.873,1.4785
2004-07-23,0.0,25.28,4.953,1.4649
2004-07-24,17.22,25.34,4.952,1.4055
2004-07-25,7.7,25.05,4.894,1.5561
2004-07-26,18.15,24.49,4.792,1.4512
2004-07-27,3.92,23.98,4.696,3.1853
2004-07-28,0.0,24.4,4.752,2.8932
2004-07-29,23.93,23.12,4.533,2.1722
2004-07-30,20.76,24.33,4.716,6.982
2004-07-31,0.0,24.47,4.725,6.2519
2004-08-01,5.29,25.28,4.841,3.742
2004-08-02,5.23,25.08,4.796,4.4676
2004-08-03,0.0,24.62,4.708,4.0797
2004-08-04,0.0,24.64,4.696,2.9525
2004-08-05,2.78,23.3,4.47,2.4962
2004-08-06,0.0,22.16,4.276,2.3
2004-08-07,0.0,18.65,3.711,2.0353
2004-08-08,0.0,19.0,3.753,1.9166
2004-08-09,0.0,20.53,3.979,1.8026
2004-08-10,0.0,20.99,4.036,1.7387
2004-08-11,13.78,22.08,4.189,1.7067
2004-08-12,18.95,20.62,3.949,2.1539
2004-08-13,0.0,20.42,3.903,2.0262
2004-08-14,0.0,20.1,3.84,1.7295
2004-08-15,0.0,21.26,4.0,1.6246
2004-08-16,0.0,22.06,4.106,1.5607
2004-08-17,11.34,22.21,4.112,1.6155
2004-08-18,0.0,23.3,4.259,1.6565
2004-08-19,0.0,23.74,4.306,1.474
2004-08-20,12.06,23.35,4.229,1.4147
2004-08-21,4.53,23.05,4.166,1.5835
2004-08-22,0.0,21.5,3.918,1.4512
2004-08-23,7.5,22.8,4.091,1.4512
2004-08-24,19.17,23.59,4.187,1.7889
2004-08-25,0.0,23.44,4.145,1.7204
2004-08-26,0.0,22.9,4.046,1.474
2004-08-27,5.58,24.06,4.193,1.3508
2004-08-28,0.0,24.67,4.26,1.4603
2004-08-29,1.88,23.88,4.125,1.6018
2004-08-30,0.0,24.38,4.174,1.6885
2004-08-31,0.0,24.07,4.108,1.4968
2004-09-01,21.38,22.79,3.906,1.9075
2004-09-02,6.99,21.28,3.672,3.4728
2004-09-03,0.0,21.52,3.686,2.7517
2004-09-04,0.0,21.98,3.727,1.9897
2004-09-05,0.0,21.94,3.7,1.7295
2004-09-06,25.95,22.3,3.728,1.5744
2004-09-07,129.17,21.52,3.601,20.7179
2004-09-08,24.28,22.09,3.655,63.8879
2004-09-09,0.0,21.93,3.611,15.8807
2004-09-10,0.0,21.82,3.574,9.6288
2004-09-11,0.0,21.56,3.517,7.3015
2004-09-12,0.0,20.98,3.418,6.115
2004-09-13,0.0,19.38,3.186,5.2479
2004-09-14,0.0,19.6,3.193,4.7003
2004-09-15,35.18,19.95,3.218,4.2668
2004-09-16,164.37,19.61,3.152,6.7539
2004-09-17,19.74,20.95,3.301,84.4233
2004-09-18,0.0,20.4,3.209,19.4858
2004-09-19,0.0,17.61,2.836,13.0514
2004-09-20,0.0,16.05,2.621,10.5871
2004-09-21,0.0,16.5,2.658,9.0812
2004-09-22,0.0,18.05,2.829,7.9404
2004-09-23,0.0,20.38,3.093,7.1646
2004-09-24,0.0,20.52,3.086,6.5713
2004-09-25,0.0,19.68,2.962,6.1606
2004-09-26,2.01,19.06,2.865,5.7043
2004-09-27,73.5,18.66,2.796,5.9781
2004-09-28,0.0,21.48,3.105,11.5455
2004-09-29,0.0,19.71,2.875,7.0277
2004-09-30,0.0,19.28,2.803,5.9324
2004-10-01,0.0,19.23,2.775,5.2936
2004-10-02,4.16,20.12,2.854,4.9285
2004-10-03,4.77,19.79,2.793,4.6091
2004-10-04,0.0,17.64,2.53,4.3307
2004-10-05,0.0,17.29,2.471,4.0569
2004-10-06,0.0,16.59,2.374,3.888
2004-10-07,0.0,16.51,2.345,3.7831
2004-10-08,0.0,15.2,2.184,3.6051
2004-10-09,0.0,15.57,2.205,3.5047
2004-10-10,0.0,17.94,2.438,3.4226
2004-10-11,0.0,18.23,2.448,3.3997
2004-10-12,9.68,17.28,2.328,3.4226
2004-10-13,0.0,17.78,2.36,3.4454
2004-10-14,1.31,14.73,2.026,3.2172
2004-10-15,0.0,10.98,1.627,3.094
2004-10-16,0.0,10.6,1.575,3.0073
2004-10-17,0.0,12.58,1.759,2.9754
2004-10-18,10.06,14.94,1.978,2.9754
2004-10-19,7.31,16.17,2.081,3.2446
2004-10-20,0.0,18.43,2.283,3.0894
2004-10-21,1.19,16.93,2.119,2.8476
2004-10-22,2.66,17.3,2.135,2.8111
2004-10-23,4.69,14.02,1.805,2.8521
2004-10-24,0.0,16.03,1.979,2.8795
2004-10-25,0.0,16.52,2.007,2.7791
2004-10-26,0.0,16.86,2.021,2.697
2004-10-27,0.0,17.84,2.094,2.6605
2004-10-28,3.24,18.05,2.094,2.6285
2004-10-29,0.0,18.97,2.159,2.6468
2004-10-30,0.0,20.7,2.295,2.592
2004-10-31,0.0,20.74,2.279,2.5555
2004-11-01,5.65,20.06,2.199,2.5555
2004-11-02,27.42,19.16,2.102,2.551
2004-11-03,19.74,19.97,2.155,3.7557
2004-11-04,18.89,17.14,1.894,7.0277
2004-11-05,0.0,12.14,1.454,5.4761
2004-11-06,0.0,11.62,1.399,3.6599
2004-11-07,0.0,13.77,1.567,3.1853
2004-11-08,0.0,12.64,1.46,2.9297
2004-11-09,0.0,8.68,1.123,2.7289
2004-11-10,0.0,7.06,0.983,2.624
2004-11-11,41.15,7.53,1.013,2.6331
2004-11-12,10.92,11.1,1.292,6.3432
2004-11-13,0.0,12.14,1.365,5.7043
2004-11-14,0.0,7.42,0.982,4.0478
2004-11-15,0.0,6.9,0.934,3.4956
2004-11-16,0.0,8.34,1.039,3.24
2004-11-17,0.0,10.9,1.23,3.0712
2004-11-18,0.0,13.44,1.416,2.9206
2004-11-19,4.29,13.74,1.429,2.8156
2004-11-20,0.0,14.54,1.48,2.8065
2004-11-21,3.63,14.04,1.433,2.6924
2004-11-22,6.93,14.24,1.438,2.6377
2004-11-23,20.24,14.68,1.463,2.7654
2004-11-24,25.62,15.16,1.489,5.3848
2004-11-25,0.0,7.07,0.886,7.4384
2004-11-26,0.0,3.99,0.657,4.8829
2004-11-27,6.95,2.52,0.547,4.0478
2004-11-28,0.0,7.42,0.898,4.2622
2004-11-29,0.0,8.43,0.966,3.7739
2004-11-30,23.22,6.99,0.858,3.4819
2004-12-01,0.0,8.47,0.959,5.8412
2004-12-02,0.0,6.64,0.825,4.8829
2004-12-03,0.0,6.33,0.8,4.1664
2004-12-04,0.0,6.74,0.826,3.8378
2004-12-05,17.34,6.82,0.829,3.5367
2004-12-06,24.17,7.76,0.891,4.3763
2004-12-07,7.15,12.22,1.199,7.1189
2004-12-08,0.0,12.0,1.18,6.3888
2004-12-09,50.73,9.84,1.027,7.8491
2004-12-10,3.05,11.48,1.138,9.9483
2004-12-11,0.0,6.34,0.781,6.9364
2004-12-12,0.0,4.86,0.678,5.8412
2004-12-13,0.0,5.03,0.688,5.2023
2004-12-14,0.0,-0.19,0.33,4.746
2004-12-15,0.0,-0.04,0.339,4.422
2004-12-16,0.0,1.79,0.464,4.1983
2004-12-17,0.0,4.4,0.643,4.0432
2004-12-18,0.0,4.54,0.652,3.9291
2004-12-19,0.0,1.45,0.44,3.8241
2004-12-20,0.0,-3.61,0.095,3.596
2004-12-21,0.0,1.28,0.429,3.4819
2004-12-22,55.13,4.76,0.667,3.4408
2004-12-23,0.0,6.14,0.762,11.4542
2004-12-24,0.0,1.35,0.435,7.7578
2004-12-25,0.0,0.73,0.393,5.8412
2004-12-26,0.0,3.38,0.575,5.111
2004-12-27,0.0,2.42,0.511,4.6547
2004-12-28,0.0,2.71,0.532,4.3809
2004-12-29,0.0,6.08,0.767,4.1801
2004-12-30,0.0,9.37,0.997,4.0386
2004-12-31,0.0,9.37,0.997,3.9109
2005-01-01,0.0,12.22,1.198,3.8196
2005-01-02,0.0,11.94,1.182,3.669
2005-01-03,0.0,12.88,1.252,3.5732
2005-01-04,0.0,14.49,1.37,3.5047
2005-01-05,2.51,14.46,1.373,3.4134
2005-01-06,2.3,12.88,1.266,3.3861
2005-01-07,8.8,11.26,1.157,3.3085
2005-01-08,0.0,12.97,1.284,3.669
2005-01-09,0.0,10.4,1.106,3.4363
2005-01-10,0.0,11.82,1.214,3.2492
2005-01-11,0.0,11.03,1.163,3.167
2005-01-12,3.97,13.73,1.366,3.1123
2005-01-13,28.6,14.04,1.397,3.2674
2005-01-14,0.0,10.06,1.111,6.5713
2005-01-15,0.0,4.59,0.712,4.3581
2005-01-16,0.0,4.27,0.692,3.8424
2005-01-17,0.0,-0.77,0.318,3.4956
2005-01-18,0.0,-2.84,0.163,3.2994
2005-01-19,0.0,-1.85,0.24,3.199
2005-01-20,0.0,4.2,0.706,3.1625
2005-01-21,0.0,7.07,0.932,3.0986
2005-01-22,2.68,2.26,0.564,3.0164
2005-01-23,0.0,-3.3,0.133,2.9069
2005-01-24,0.0,-0.62,0.346,2.7837
2005-01-25,0.0,5.3,0.819,2.7791
2005-01-26,0.0,9.75,1.183,2.7609
2005-01-27,0.0,6.4,0.921,2.6924
2005-01-28,4.72,0.74,0.467,2.592
2005-01-29,24.03,-0.52,0.368,2.7107
2005-01-30,0.0,2.34,0.608,3.4865
2005-01-31,0.0,3.22,0.686,3.0712
2005-02-01,0.0,5.46,0.879,2.8521
2005-02-02,27.73,2.66,0.649,2.7746
2005-02-03,0.0,3.84,0.756,3.8287
2005-02-04,0.0,6.22,0.968,3.6462
2005-02-05,0.0,7.86,1.119,3.1853
2005-02-06,0.0,8.46,1.181,2.9799
2005-02-07,0.0,8.88,1.228,2.8476
2005-02-08,0.0,10.98,1.427,2.7974
2005-02-09,2.32,9.81,1.334,2.7426
2005-02-10,0.0,4.14,0.831,2.6559
2005-02-11,0.0,1.92,0.635,2.5555
2005-02-12,0.0,5.9,1.009,2.519
2005-02-13,5.64,5.49,0.979,2.5236
2005-02-14,11.93,6.66,1.098,2.7472
2005-02-15,0.0,9.7,1.397,2.8886
2005-02-16,0.66,11.91,1.621,2.624
2005-02-17,0.0,7.54,1.212,2.5373
2005-02-18,0.0,5.06,0.981,2.4506
2005-02-19,4.26,5.22,1.006,2.3958
2005-02-20,25.15,3.98,0.892,2.4506
2005-02-21,32.49,9.7,1.473,4.1847
2005-02-22,0.0,13.36,1.857,4.9285
2005-02-23,11.29,12.29,1.764,3.5275
2005-02-24,2.25,8.82,1.423,3.4545
2005-02-25,0.0,7.43,1.29,3.24
2005-02-26,0.0,5.89,1.14,2.989
2005-02-27,19.66,4.61,1.015,2.8978
2005-02-28,2.41,4.54,1.017,3.8378
2005-03-01,0.0,1.13,0.659,3.5503
2005-03-02,0.0,2.61,0.824,3.1625
2005-03-03,0.0,5.34,1.13,2.9936
2005-03-04,0.92,6.52,1.27,2.875
2005-03-05,0.0,8.79,1.533,2.8019
2005-03-06,0.0,9.16,1.588,2.7015
2005-03-07,12.9,8.68,1.547,2.6331
2005-03-08,0.0,5.01,1.142,3.094
2005-03-09,0.0,3.46,0.973,2.8704
2005-03-10,0.0,5.38,1.203,2.697
2005-03-11,0.0,8.0,1.518,2.6057
2005-03-12,0.0,11.96,1.997,2.5692
2005-03-13,4.94,14.83,2.353,2.519
2005-03-14,0.0,10.42,1.845,2.4825
2005-03-15,10.53,5.94,1.318,2.4597
2005-03-16,5.4,4.54,1.158,2.6924
2005-03-17,0.0,3.47,1.036,2.7791
2005-03-18,0.0,5.07,1.241,2.6194
2005-03-19,0.0,7.19,1.514,2.5464
2005-03-20,0.0,9.58,1.824,2.4962
2005-03-21,0.0,9.7,1.853,2.4277
2005-03-22,40.09,10.43,1.959,2.4962
2005-03-23,0.0,13.18,2.325,4.5634
2005-03-24,0.0,13.9,2.432,3.7968
2005-03-25,0.0,15.08,2.603,3.1579
2005-03-26,22.15,14.69,2.57,2.9023
2005-03-27,47.43,12.44,2.292,3.0301
2005-03-28,0.0,11.25,2.149,10.2221
2005-03-29,0.0,14.92,2.652,6.0693
2005-03-30,7.1,16.57,2.889,4.6091
2005-03-31,22.81,15.17,2.72,5.2023
2005-04-01,14.23,13.76,2.546,5.2936
2005-04-02,7.17,9.76,2.015,6.8451
2005-04-03,0.0,11.98,2.332,5.9324
2005-04-04,0.0,14.5,2.694,4.9741
2005-04-05,0.0,16.72,3.018,4.4402
2005-04-06,7.08,16.38,2.988,4.0706
2005-04-07,25.11,14.25,2.706,4.1208
2005-04-08,8.99,15.42,2.888,5.4761
2005-04-09,0.0,16.56,3.064,4.9285
2005-04-10,0.0,17.09,3.157,4.3216
2005-04-11,0.0,17.91,3.292,4.0295
2005-04-12,18.53,16.01,3.035,3.9839
2005-04-13,8.24,12.58,2.552,5.0198
2005-04-14,0.0,12.32,2.526,4.9285
2005-04-15,0.0,13.3,2.683,4.2257
2005-04-16,0.0,12.96,2.646,3.9154
2005-04-17,0.0,13.04,2.67,3.7146
2005-04-18,0.0,16.46,3.192,3.5458
2005-04-19,0.0,18.26,3.476,3.4317
2005-04-20,0.0,18.85,3.58,3.3222
2005-04-21,0.0,18.53,3.547,3.2446
2005-04-22,18.5,17.72,3.439,3.6507
2005-04-23,0.0,10.51,2.358,4.0934
2005-04-24,0.0,7.12,1.85,3.4591
2005-04-25,0.0,9.62,2.241,3.2537
2005-04-26,9.44,8.48,2.074,3.199
2005-04-27,0.0,9.88,2.299,3.2674
2005-04-28,0.62,11.1,2.496,3.0621
2005-04-29,13.91,14.88,3.095,3.0073
2005-04-30,20.5,15.28,3.168,3.6599
2005-05-01,0.0,14.14,3.001,3.5138
2005-05-02,0.0,12.58,2.764,3.0575
2005-05-03,0.0,12.54,2.768,2.9252
2005-05-04,0.0,12.38,2.752,2.8202
2005-05-05,0.36,11.89,2.683,2.7746
2005-05-06,0.0,15.01,3.188,2.7289
2005-05-07,0.0,16.88,3.496,2.6513
2005-05-08,0.0,18.78,3.812,2.592
2005-05-09,0.0,20.26,4.059,2.5829
2005-05-10,5.62,18.92,3.855,2.665
2005-05-11,0.0,19.24,3.917,2.6879
2005-05-12,3.72,20.78,4.177,2.519
2005-05-13,0.0,20.88,4.205,2.5008
2005-05-14,7.92,20.78,4.198,2.4551
2005-05-15,5.03,18.45,3.829,2.9069
2005-05-16,0.0,15.58,3.367,2.6879
2005-05-17,0.0,17.4,3.674,2.4779
2005-05-18,0.0,19.1,3.96,2.4004
2005-05-19,12.43,19.85,4.092,2.3775
2005-05-20,23.36,18.78,3.925,4.9285
2005-05-21,0.0,17.51,3.721,4.2531
2005-05-22,0.0,19.37,4.037,3.1807
2005-05-23,0.0,21.24,4.355,2.8248
2005-05-24,0.0,18.06,3.834,2.6011
2005-05-25,0.0,15.29,3.378,2.4871
2005-05-26,0.0,17.0,3.669,2.4004
2005-05-27,0.0,18.95,4.001,2.3319
2005-05-28,0.0,18.84,3.988,2.2452
2005-05-29,3.61,16.04,3.523,2.2133
2005-05-30,3.1,16.38,3.586,2.2224
2005-05-31,12.93,17.7,3.812,2.1996
2005-06-01,54.77,15.48,3.444,2.6285
2005-06-02,8.4,16.2,3.567,5.2023
2005-06-03,2.51,18.32,3.928,3.993
2005-06-04,0.0,21.52,4.474,3.491
2005-06-05,12.16,23.48,4.809,3.1031
2005-06-06,24.21,24.21,4.935,3.8333
2005-06-07,33.07,23.77,4.865,4.7916
2005-06-08,24.54,23.03,4.744,4.5543
2005-06-09,12.6,23.56,4.837,9.6745
2005-06-10,15.02,23.46,4.823,6.982
2005-06-11,25.32,22.77,4.708,7.5753
2005-06-12,57.84,23.04,4.755,20.9917
2005-06-13,0.0,24.99,5.089,26.3309
2005-06-14,0.0,24.66,5.035,12.9145
2005-06-15,0.0,24.6,5.026,9.5832
2005-06-16,0.0,22.75,4.713,7.8034
2005-06-17,0.0,21.68,4.532,6.7995
2005-06-18,9.47,20.18,4.277,6.2063
2005-06-19,0.0,20.34,4.305,6.5713
2005-06-20,0.0,19.39,4.143,5.613
2005-06-21,0.0,19.87,4.224,5.4305
2005-06-22,0.0,21.48,4.498,4.9285
2005-06-23,0.0,22.66,4.697,4.6091
2005-06-24,0.0,23.03,4.759,4.3216
2005-06-25,10.62,22.34,4.64,4.0888
2005-06-26,14.91,21.78,4.542,4.0478
2005-06-27,11.21,24.31,4.97,6.0237
2005-06-28,5.62,24.46,4.994,7.1189
2005-06-29,0.0,25.16,5.109,8.1229
2005-06-30,6.88,25.2,5.113,6.5713
2005-07-01,12.52,25.2,5.109,6.8908
2005-07-02,7.47,24.48,4.983,5.7499
2005-07-03,30.08,23.26,4.772,5.7499
2005-07-04,24.31,24.21,4.929,7.1189
2005-07-05,0.0,24.74,5.015,6.982
2005-07-06,57.36,23.65,4.826,5.613
2005-07-07,12.51,21.5,4.459,13.1883
2005-07-08,0.0,21.84,4.512,10.0852
2005-07-09,19.34,23.32,4.754,7.2102
2005-07-10,24.74,23.2,4.728,13.4165
2005-07-11,28.8,23.4,4.756,16.7478
2005-07-12,6.42,23.87,4.827,24.0036
2005-07-13,3.93,23.84,4.815,13.9641
2005-07-14,8.36,24.39,4.899,11.226
2005-07-15,3.36,24.32,4.88,13.6903
2005-07-16,9.34,25.14,5.008,10.3133
2005-07-17,0.0,25.68,5.089,9.0356
2005-07-18,0.0,25.58,5.064,8.0316
2005-07-19,11.91,25.85,5.099,7.3471
2005-07-20,2.07,25.43,5.02,7.3015
2005-07-21,8.87,25.58,5.036,6.8908
2005-07-22,0.0,25.57,5.024,6.3888
2005-07-23,0.0,25.63,5.022,5.8412
2005-07-24,0.0,25.37,4.968,5.5217
2005-07-25,0.0,26.32,5.112,5.2023
2005-07-26,0.0,28.16,5.4,4.9285
2005-07-27,7.6,27.33,5.252,4.6547
2005-07-28,26.22,26.5,5.104,4.5132
2005-07-29,37.87,23.29,4.573,8.3511
2005-07-30,7.55,22.42,4.421,6.8451
2005-07-31,11.21,23.99,4.661,5.5217
2005-08-01,0.0,23.99,4.648,5.2023
2005-08-02,0.0,24.14,4.659,4.7003
2005-08-03,0.0,24.17,4.65,4.3809
2005-08-04,5.85,24.76,4.731,4.1664
2005-08-05,0.0,24.86,4.731,4.1253
2005-08-06,28.06,24.24,4.618,3.9245
2005-08-07,39.09,21.58,4.184,5.7043
2005-08-08,9.22,22.6,4.331,7.2558
2005-08-09,4.78,24.31,4.584,6.9364
2005-08-10,3.61,24.5,4.597,5.8412
2005-08-11,0.0,24.48,4.577,5.1567
2005-08-12,3.27,25.37,4.699,4.5634
2005-08-13,10.15,25.46,4.695,4.5634
2005-08-14,0.0,25.63,4.704,4.8372
2005-08-15,0.0,26.3,4.787,4.7916
2005-08-16,12.38,26.19,4.752,4.7916
2005-08-17,6.0,25.81,4.675,5.3392
2005-08-18,24.68,24.96,4.527,5.7955
2005-08-19,8.12,25.74,4.626,7.1646
2005-08-20,0.0,26.72,4.753,5.111
2005-08-21,12.21,27.18,4.801,4.422
2005-08-22,8.29,25.94,4.594,4.0843
2005-08-23,15.23,24.84,4.411,5.111
2005-08-24,0.0,24.82,4.389,5.7499
2005-08-25,0.0,24.34,4.298,4.4128
2005-08-26,0.0,23.52,4.157,4.0478
2005-08-27,0.0,23.75,4.17,3.8561
2005-08-28,0.0,24.72,4.288,3.6872
2005-08-29,34.22,24.4,4.22,3.5321
2005-08-30,24.71,24.77,4.252,7.484
2005-08-31,0.0,24.03,4.124,7.7578
2005-09-01,0.0,22.78,3.925,5.3392
2005-09-02,0.0,23.17,3.959,4.495
2005-09-03,0.0,22.73,3.876,4.1208
2005-09-04,0.0,22.0,3.752,3.8515
2005-09-05,0.0,21.2,3.62,3.669
2005-09-06,0.0,21.0,3.572,3.4682
2005-09-07,0.0,21.44,3.61,3.345
2005-09-08,0.0,21.43,3.588,3.2583
2005-09-09,0.0,21.76,3.611,3.1168
2005-09-10,0.0,21.58,3.564,3.0119
2005-09-11,0.0,21.57,3.54,2.9343
2005-09-12,0.0,21.55,3.515,2.8567
2005-09-13,0.0,22.08,3.562,2.8065
2005-09-14,0.0,22.38,3.578,2.697
2005-09-15,0.0,23.82,3.741,2.5966
2005-09-16,0.0,23.21,3.638,2.5601
2005-09-17,0.0,23.72,3.678,2.6148
2005-09-18,0.0,21.84,3.414,2.4688
2005-09-19,0.0,22.82,3.514,2.4095
2005-09-20,0.0,23.5,3.575,2.3775
2005-09-21,0.0,23.82,3.588,2.3456
2005-09-22,0.0,23.84,3.565,2.341
2005-09-23,0.0,23.46,3.493,2.3273
2005-09-24,0.0,23.32,3.45,2.3137
2005-09-25,0.97,22.75,3.356,2.3
2005-09-26,11.73,20.96,3.116,2.2908
2005-09-27,0.0,22.82,3.313,2.2817
2005-09-28,10.21,20.54,3.018,2.2361
2005-09-29,4.22,21.02,3.051,2.4323
2005-09-30,0.0,19.6,2.862,2.2498
2005-10-01,0.0,19.96,2.881,2.1448
2005-10-02,0.0,20.44,2.913,1.9395
2005-10-03,0.0,21.22,2.979,1.7569
2005-10-04,0.0,20.82,2.91,1.7022
2005-10-05,14.27,20.87,2.891,1.6383
2005-10-06,52.23,19.77,2.746,3.5412
2005-10-07,14.73,20.48,2.802,4.4174
2005-10-08,11.55,21.92,2.935,2.9571
2005-10-09,1.86,20.11,2.715,2.3091
2005-10-10,0.0,20.6,2.744,2.0946
2005-10-11,0.0,20.96,2.76,1.976
2005-10-12,0.0,20.8,2.719,1.8847
2005-10-13,0.0,20.35,2.649,1.9121
2005-10-14,0.0,19.32,2.52,1.8117
2005-10-15,0.0,17.95,2.357,1.7022
2005-10-16,0.0,16.46,2.185,1.6291
2005-10-17,0.0,14.32,1.951,1.5789
2005-10-18,0.0,17.11,2.212,1.5424
2005-10-19,0.0,18.87,2.368,1.5424
2005-10-20,0.0,19.94,2.452,1.5287
2005-10-21,0.0,18.56,2.296,1.5105
2005-10-22,0.0,15.5,1.98,1.4877
2005-10-23,0.0,11.29,1.56,1.4466
2005-10-24,0.0,8.68,1.299,1.4284
2005-10-25,0.0,8.7,1.289,1.3918
2005-10-26,0.0,8.29,1.24,1.3918
2005-10-27,0.0,8.58,1.256,1.3918
2005-10-28,0.0,9.46,1.326,1.3918
2005-10-29,0.0,9.68,1.334,1.369
2005-10-30,0.0,11.46,1.483,1.3371
2005-10-31,0.0,11.92,1.511,1.3371
2005-11-01,0.0,12.76,1.572,1.3371
2005-11-02,0.0,13.62,1.635,1.3234
2005-11-03,0.0,12.24,1.501,1.2686
2005-11-04,0.0,14.19,1.656,1.2641
2005-11-05,0.0,15.72,1.773,1.2641
2005-11-06,0.0,16.87,1.855,1.2641
2005-11-07,0.0,17.32,1.879,1.2595
2005-11-08,0.0,17.03,1.839,1.2276
2005-11-09,0.0,17.87,1.893,1.2139
2005-11-10,0.0,13.44,1.514,1.2139
2005-11-11,0.0,9.36,1.17,1.1956
2005-11-12,0.0,9.87,1.202,1.1637
2005-11-13,1.06,11.94,1.359,1.1637
2005-11-14,0.0,16.18,1.686,1.1911
2005-11-15,21.3,15.26,1.6,1.223
2005-11-16,4.69,14.14,1.502,2.0535
2005-11-17,0.0,5.28,0.8,2.0216
2005-11-18,0.0,3.55,0.661,1.4055
2005-11-19,0.0,4.78,0.751,1.3051
2005-11-20,7.75,6.88,0.906,1.2778
2005-11-21,46.73,7.86,0.974,1.5881
2005-11-22,0.0,4.86,0.742,4.8372
2005-11-23,0.0,4.99,0.747,2.3684
2005-11-24,0.0,8.73,1.02,1.8436
2005-11-25,0.0,6.54,0.853,1.6109
2005-11-26,0.0,6.04,0.811,1.4877
2005-11-27,6.21,7.8,0.935,1.4466
2005-11-28,43.66,11.12,1.171,1.7889
2005-11-29,0.0,11.82,1.215,11.728
2005-11-30,0.0,7.5,0.899,6.0237
2005-12-01,0.0,5.76,0.77,3.9382
2005-12-02,0.0,5.04,0.715,3.1898
2005-12-03,13.64,5.12,0.718,2.8111
2005-12-04,31.82,8.9,0.982,3.0164
2005-12-05,11.52,7.06,0.849,5.0654
2005-12-06,0.0,3.35,0.585,4.7916
2005-12-07,0.0,2.7,0.538,3.6507
2005-12-08,20.19,1.96,0.484,2.8293
2005-12-09,0.0,4.55,0.663,4.6547
2005-12-10,0.0,3.28,0.573,3.6507
2005-12-11,0.0,3.42,0.581,3.1944
2005-12-12,0.0,4.57,0.659,3.0119
2005-12-13,0.0,3.9,0.612,2.8339
2005-12-14,22.34,0.15,0.353,2.6696
2005-12-15,24.21,1.4,0.439,5.6586
2005-12-16,0.0,2.45,0.51,6.7082
2005-12-17,0.0,3.44,0.577,4.4904
2005-12-18,0.0,5.5,0.718,3.8196
2005-12-19,0.0,4.97,0.681,3.4682
2005-12-20,0.0,2.27,0.496,3.199
2005-12-21,0.0,1.81,0.465,2.9936
2005-12-22,0.0,2.4,0.505,2.8248
2005-12-23,0.0,4.05,0.619,2.7061
2005-12-24,15.39,5.17,0.696,2.6285
2005-12-25,6.42,5.71,0.734,3.0529
2005-12-26,0.0,5.09,0.692,2.9936
2005-12-27,0.0,7.95,0.89,2.6787
2005-12-28,10.93,5.8,0.744,2.665
2005-12-29,0.0,6.36,0.783,3.3039
2005-12-30,0.0,6.47,0.793,2.8704
2005-12-31,0.0,7.68,0.879,2.6833
2006-01-01,7.3,8.3,0.925,2.5601
2006-01-02,23.22,7.88,0.899,3.1168
2006-01-03,0.0,9.3,1.001,4.066
2006-01-04,0.0,8.98,0.982,3.2172
2006-01-05,0.0,7.36,0.872,2.948
2006-01-06,0.0,3.88,0.629,2.7563
2006-01-07,0.0,3.22,0.585,2.6103
2006-01-08,0.0,7.6,0.901,2.5373
2006-01-09,0.0,11.4,1.178,2.5236
2006-01-10,6.32,12.59,1.27,2.4506
2006-01-11,3.62,12.24,1.251,2.6879
2006-01-12,0.0,10.21,1.11,2.7883
2006-01-13,20.78,6.9,0.873,2.8156
2006-01-14,0.0,3.81,0.65,4.1618
2006-01-15,0.0,6.48,0.852,3.1168
2006-01-16,3.4,7.1,0.904,2.8613
2006-01-17,30.44,7.88,0.968,3.2674
2006-01-18,0.0,5.3,0.78,9.3094
2006-01-19,0.0,7.47,0.95,5.4761
2006-01-20,8.69,7.65,0.97,4.3991
2006-01-21,4.47,9.37,1.11,4.4539
2006-01-22,11.07,9.59,1.135,4.3626
2006-01-23,10.58,7.72,0.997,4.6547
2006-01-24,0.0,10.07,1.19,4.7916
2006-01-25,0.0,7.28,0.977,4.1162
2006-01-26,0.0,4.9,0.794,3.742
2006-01-27,0.0,3.96,0.724,3.5367
2006-01-28,8.69,6.52,0.938,3.3997
2006-01-29,4.74,10.16,1.244,3.6964
2006-01-30,4.68,8.54,1.121,3.7146
2006-01-31,0.0,7.54,1.046,3.5184
2006-02-01,0.0,4.22,0.775,3.3085
2006-02-02,4.46,6.18,0.949,3.167
2006-02-03,12.28,10.66,1.34,3.2583
2006-02-04,0.0,6.44,0.987,5.2936
2006-02-05,0.0,1.88,0.599,4.9741
2006-02-06,0.0,2.17,0.629,4.0432
2006-02-07,0.0,5.36,0.918,3.742
2006-02-08,0.0,3.27,0.739,3.5047
2006-02-09,0.0,3.0,0.72,3.3496
2006-02-10,10.47,1.46,0.587,3.1807
2006-02-11,2.94,1.23,0.571,3.3267
2006-02-12,0.0,1.29,0.582,3.2674
2006-02-13,0.0,1.03,0.562,2.9936
2006-02-14,0.0,6.38,1.071,2.9023
2006-02-15,0.0,8.02,1.237,2.8567
2006-02-16,0.0,11.06,1.539,2.8521
2006-02-17,0.0,13.16,1.756,2.8111
2006-02-18,3.86,4.82,0.959,2.7837
2006-02-19,0.0,1.96,0.685,2.77
2006-02-20,0.0,5.46,1.039,2.6833
2006-02-21,0.0,9.9,1.493,2.6422
2006-02-22,9.68,10.93,1.611,2.6011
2006-02-23,0.0,11.14,1.646,2.6833
2006-02-24,0.0,8.86,1.427,2.5418
2006-02-25,3.75,6.44,1.188,2.4871
2006-02-26,0.0,4.9,1.037,2.4642
2006-02-27,0.0,4.63,1.017,2.3912
2006-02-28,0.0,11.0,1.704,2.3775
2006-03-01,0.0,15.22,2.173,2.3319
2006-03-02,0.0,14.66,2.131,2.2771
2006-03-03,0.0,10.07,1.648,2.2361
2006-03-04,0.0,8.07,1.441,2.1631
2006-03-05,0.83,8.91,1.547,2.1402
2006-03-06,0.0,10.6,1.749,2.1402
2006-03-07,0.0,8.26,1.499,2.1129
2006-03-08,0.0,9.65,1.669,2.0809
2006-03-09,13.83,11.56,1.903,2.0764
2006-03-10,2.34,15.7,2.398,2.5418
2006-03-11,0.0,17.6,2.639,2.2954
2006-03-12,0.0,18.88,2.811,2.1585
2006-03-13,3.8,16.4,2.54,2.1174
2006-03-14,0.0,13.17,2.173,2.1174
2006-03-15,0.0,9.99,1.807,2.0307
2006-03-16,0.0,10.72,1.908,1.9851
2006-03-17,0.0,12.46,2.137,1.9805
2006-03-18,0.0,10.0,1.85,1.9349
2006-03-19,0.0,8.54,1.682,1.9029
2006-03-20,33.19,6.6,1.452,1.9714
2006-03-21,1.24,7.54,1.581,3.167
2006-03-22,0.0,6.5,1.46,2.5738
2006-03-23,1.28,4.22,1.179,2.2361
2006-03-24,0.0,5.3,1.325,2.1631
2006-03-25,0.0,4.12,1.182,2.09
2006-03-26,0.0,5.3,1.345,2.0262
2006-03-27,0.0,6.4,1.498,1.9805
2006-03-28,0.0,9.25,1.885,1.9623
2006-03-29,0.0,12.57,2.339,1.9395
2006-03-30,0.0,13.75,2.512,1.8938
2006-03-31,11.21,17.58,3.044,1.8847
2006-04-01,0.0,20.4,3.446,2.1631
2006-04-02,4.69,18.23,3.171,2.0216
2006-04-03,5.05,16.38,2.936,2.0398
2006-04-04,0.0,12.58,2.428,2.0216
2006-04-05,0.0,13.38,2.554,1.8664
2006-04-06,0.0,14.09,2.669,1.798
2006-04-07,7.89,18.34,3.281,1.7889
2006-04-08,0.0,14.77,2.795,1.9258
2006-04-09,0.0,11.38,2.329,1.8938
2006-04-10,0.0,11.78,2.398,1.7432
2006-04-11,0.0,13.71,2.688,1.7113
2006-04-12,0.0,15.56,2.97,1.7022
2006-04-13,0.0,18.77,3.452,1.6793
2006-04-14,0.0,21.3,3.838,1.6702
2006-04-15,0.0,22.86,4.085,1.6246
2006-04-16,0.0,22.51,4.054,1.5926
2006-04-17,0.0,21.92,3.985,1.5653
2006-04-18,0.0,18.19,3.449,1.5333
2006-04-19,10.38,18.56,3.52,1.5789
2006-04-20,19.32,18.37,3.508,1.693
2006-04-21,27.92,17.74,3.429,2.195
2006-04-22,7.64,18.55,3.566,3.3222
2006-04-23,0.0,19.23,3.683,2.5783
2006-04-24,0.0,20.39,3.876,2.1037
2006-04-25,0.0,19.76,3.795,1.9166
2006-04-26,4.78,17.26,3.425,1.8299
2006-04-27,0.0,16.9,3.384,1.8071
2006-04-28,0.0,14.78,3.068,1.7022
2006-04-29,0.0,12.92,2.788,1.6291
2006-04-30,0.0,14.27,3.011,1.6109
2006-05-01,0.0,16.21,3.325,1.5972
2006-05-02,1.75,16.66,3.406,1.5424
2006-05-03,0.0,19.82,3.916,1.5287
2006-05-04,0.0,18.72,3.756,1.4831
2006-05-05,5.79,19.73,3.928,1.4922
2006-05-06,3.16,18.34,3.719,1.5196
2006-05-07,7.89,15.56,3.286,1.5607
2006-05-08,0.0,13.55,2.973,1.7022
2006-05-09,0.0,14.74,3.173,1.5379
2006-05-10,0.0,16.22,3.419,1.5105
2006-05-11,1.91,16.6,3.49,1.4557
2006-05-12,0.0,13.58,3.011,1.4192
2006-05-13,2.01,13.34,2.978,1.3782
2006-05-14,0.0,14.72,3.211,1.369
2006-05-15,0.0,13.44,3.009,1.3143
2006-05-16,0.0,13.28,2.992,1.2869
2006-05-17,0.0,14.54,3.205,1.2641
2006-05-18,0.0,15.9,3.434,1.2549
2006-05-19,3.78,15.38,3.356,1.2321
2006-05-20,14.78,19.36,4.02,1.2869
2006-05-21,2.6,20.53,4.221,1.5014
2006-05-22,0.0,20.68,4.254,1.3827
2006-05-23,0.0,20.15,4.173,1.2823
2006-05-24,0.0,20.1,4.171,1.2047
2006-05-25,8.05,21.17,4.357,1.1728
2006-05-26,7.07,22.48,4.583,1.2276
2006-05-27,0.0,24.16,4.87,1.1911
2006-05-28,0.0,23.87,4.829,1.118
2006-05-29,0.0,24.16,4.884,1.077
2006-05-30,0.0,25.03,5.037,1.0724
2006-05-31,0.0,24.28,4.916,1.2093
2006-06-01,0.0,23.59,4.807,1.3553
2006-06-02,9.31,22.82,4.683,1.1226
2006-06-03,0.0,21.79,4.514,1.3736
2006-06-04,4.11,19.84,4.19,1.118
2006-06-05,0.0,18.47,3.962,1.1454
2006-06-06,0.0,19.05,4.063,1.0405
2006-06-07,0.0,20.57,4.324,0.9811
2006-06-08,0.0,21.8,4.536,0.9538
2006-06-09,0.0,22.42,4.643,0.9218
2006-06-10,0.0,24.75,5.041,0.8944
2006-06-11,0.0,25.88,5.234,0.8716
2006-06-12,0.0,24.04,4.925,0.9401
2006-06-13,4.05,19.69,4.189,0.9218
2006-06-14,0.0,23.01,4.754,1.0815
2006-06-15,0.0,21.72,4.538,0.9264
2006-06-16,0.0,22.12,4.606,0.8579
2006-06-17,0.0,22.0,4.587,0.826
2006-06-18,0.0,22.0,4.588,0.8032
2006-06-19,0.0,23.0,4.756,0.7849
2006-06-20,0.0,25.38,5.16,0.7758
2006-06-21,0.0,26.27,5.312,0.7621
2006-06-22,0.0,25.25,5.138,0.7347
2006-06-23,7.71,26.14,5.287,0.7393
2006-06-24,23.16,24.18,4.954,0.8534
2006-06-25,42.88,22.72,4.705,2.7791
2006-06-26,48.09,21.52,4.498,4.7003
2006-06-27,0.0,24.11,4.936,3.4499
2006-06-28,0.0,23.0,4.747,1.8756
2006-06-29,0.0,23.0,4.742,1.4375
2006-06-30,0.0,22.8,4.706,1.2549
2006-07-01,0.0,24.0,4.906,1.1454
2006-07-02,0.0,24.55,4.995,1.1135
2006-07-03,0.0,25.44,5.142,1.0724
2006-07-04,1.86,25.27,5.108,1.1226
2006-07-05,9.51,23.86,4.867,1.1545
2006-07-06,0.0,23.08,4.729,1.2047
2006-07-07,0.0,21.74,4.499,1.1774
2006-07-08,0.0,21.12,4.39,1.0313
2006-07-09,0.0,22.06,4.543,0.9903
2006-07-10,0.0,23.82,4.832,0.9674
2006-07-11,0.0,24.1,4.873,0.9309
2006-07-12,0.0,25.11,5.034,0.9538
2006-07-13,12.63,25.82,5.147,1.0268
2006-07-14,5.2,26.03,5.173,1.0815
2006-07-15,0.0,26.46,5.236,1.3143
2006-07-16,0.0,25.63,5.09,1.0313
2006-07-17,0.0,25.01,4.977,0.9127
2006-07-18,0.0,25.64,5.074,0.8534
2006-07-19,7.22,26.33,5.178,0.8214
2006-07-20,4.89,25.74,5.071,0.8032
2006-07-21,6.61,25.98,5.101,0.9446
2006-07-22,3.25,24.89,4.911,1.1819
2006-07-23,6.57,24.16,4.782,1.0907
2006-07-24,10.65,24.22,4.78,0.972
2006-07-25,0.0,24.74,4.855,0.9629
2006-07-26,0.0,25.74,5.006,1.004
2006-07-27,0.0,25.92,5.022,0.899
2006-07-28,1.31,25.94,5.015,0.8123
2006-07-29,2.66,24.46,4.761,0.7803
2006-07-30,0.0,25.74,4.955,0.8534
2006-07-31,0.0,26.9,5.128,0.8305
2006-08-01,0.0,27.74,5.25,0.7667
2006-08-02,9.01,27.65,5.22,0.7301
2006-08-03,0.0,27.56,5.191,0.8123
2006-08-04,0.0,28.01,5.247,0.7575
2006-08-05,3.44,25.43,4.822,0.7849
2006-08-06,0.0,26.93,5.043,0.6982
2006-08-07,0.0,27.64,5.138,0.6754
2006-08-08,0.0,27.64,5.123,0.6708
2006-08-09,0.0,26.78,4.97,0.6799
2006-08-10,1.08,26.0,4.831,0.6891
2006-08-11,13.27,23.35,4.402,0.6936
2006-08-12,0.79,20.96,4.017,0.7073
2006-08-13,0.0,22.85,4.293,0.7803
2006-08-14,0.0,24.62,4.548,0.6982
2006-08-15,6.97,24.92,4.577,0.6845
2006-08-16,0.0,24.36,4.474,0.7438
2006-08-17,0.0,24.56,4.486,0.7301
2006-08-18,0.0,24.39,4.441,0.6754
2006-08-19,8.7,24.58,4.452,0.6389
2006-08-20,9.88,25.28,4.537,0.7484
2006-08-21,4.17,25.08,4.488,0.7712
2006-08-22,1.31,25.24,4.492,0.8534
2006-08-23,5.38,24.44,4.352,1.0268
2006-08-24,0.0,24.62,4.359,0.9218
2006-08-25,0.0,23.89,4.231,0.9036
2006-08-26,0.0,23.72,4.187,0.7301
2006-08-27,0.0,24.08,4.217,0.6617
2006-08-28,2.47,24.39,4.241,0.6343
2006-08-29,5.74,26.52,4.525,0.6434
2006-08-30,15.12,26.5,4.498,0.794
2006-08-31,22.98,23.2,4.006,1.3462
2006-09-01,7.64,23.05,3.964,1.6748
2006-09-02,0.0,22.57,3.875,2.017
2006-09-03,4.01,23.72,4.015,1.2823
2006-09-04,15.23,23.38,3.945,1.0542
2006-09-05,9.25,21.93,3.721,1.7387
2006-09-06,0.0,21.98,3.706,2.3684
2006-09-07,10.16,20.35,3.462,1.4512
2006-09-08,0.0,21.3,3.569,1.4922
2006-09-09,0.0,21.44,3.567,1.1637
2006-09-10,0.0,22.1,3.634,1.0222
2006-09-11,26.81,20.7,3.424,0.9309
2006-09-12,25.89,18.75,3.145,0.8899
2006-09-13,18.03,17.24,2.926,1.8071
2006-09-14,0.0,19.8,3.242,2.3867
2006-09-15,0.0,20.39,3.296,1.5379
2006-09-16,0.0,20.56,3.297,1.2413
2006-09-17,0.0,20.7,3.292,1.0861
2006-09-18,16.18,21.38,3.356,0.9948
2006-09-19,0.0,20.8,3.259,2.4369
2006-09-20,0.0,16.76,2.729,1.6565
2006-09-21,0.0,14.43,2.42,1.2641
2006-09-22,13.45,16.37,2.641,1.1545
2006-09-23,10.64,21.86,3.297,1.2002
2006-09-24,11.68,20.77,3.14,1.6337
2006-09-25,0.0,18.74,2.87,2.1402
2006-09-26,0.0,17.07,2.648,1.5653
2006-09-27,0.0,17.46,2.675,1.3416
2006-09-28,0.0,16.7,2.564,1.2093
2006-09-29,0.0,13.22,2.137,1.1226
2006-09-30,0.0,15.0,2.327,1.0542
2006-10-01,0.0,18.37,2.697,1.004
2006-10-02,0.0,18.39,2.679,0.9629
2006-10-03,0.0,19.43,2.776,0.9127
2006-10-04,0.0,20.48,2.872,0.8944
2006-10-05,0.0,20.64,2.865,0.8625
2006-10-06,0.0,18.24,2.577,0.8351
2006-10-07,0.0,14.22,2.113,0.7895
2006-10-08,0.0,15.54,2.239,0.7758
2006-10-09,0.0,18.3,2.519,0.7758
2006-10-10,0.0,18.33,2.5,0.7621
2006-10-11,2.79,17.56,2.397,0.753
2006-10-12,0.0,15.34,2.144,0.7438
2006-10-13,0.0,11.04,1.676,0.7256
2006-10-14,0.0,10.27,1.582,0.6799
2006-10-15,0.0,9.82,1.522,0.6617
2006-10-16,38.39,10.66,1.594,0.6982
2006-10-17,38.6,14.54,1.973,3.564
2006-10-18,15.32,19.46,2.448,3.7055
2006-10-19,11.78,17.74,2.256,1.9577
2006-10-20,0.0,14.98,1.964,2.519
2006-10-21,0.0,10.85,1.545,1.9668
2006-10-22,0.0,11.36,1.581,1.652
2006-10-23,0.0,5.85,1.039,1.4557
2006-10-24,0.0,5.56,1.003,1.2914
2006-10-25,0.0,6.6,1.091,1.2276
2006-10-26,29.0,10.54,1.449,1.1819
2006-10-27,35.71,11.18,1.496,1.4557
2006-10-28,0.0,12.67,1.619,4.4174
2006-10-29,0.0,12.98,1.634,2.592
2006-10-30,0.0,14.68,1.773,2.0307
2006-10-31,0.0,13.13,1.619,1.7797
2006-11-01,0.0,15.6,1.824,1.62
2006-11-02,0.0,11.04,1.408,1.5424
2006-11-03,0.0,5.29,0.895,1.4101
2006-11-04,0.0,4.34,0.806,1.328
2006-11-05,0.0,6.42,0.977,1.2823
2006-11-06,13.46,7.4,1.052,1.2504
2006-11-07,22.95,9.64,1.232,1.4055
2006-11-08,0.0,13.8,1.57,2.5281
2006-11-09,0.0,15.26,1.677,1.9486
2006-11-10,0.0,15.88,1.715,1.6565
2006-11-11,0.0,12.51,1.427,1.547
2006-11-12,0.0,10.68,1.267,1.5516
2006-11-13,0.0,11.62,1.333,1.4147
2006-11-14,45.45,11.94,1.349,1.3599
2006-11-15,55.06,9.85,1.173,2.049
2006-11-16,0.0,9.29,1.121,10.2677
2006-11-17,0.0,8.14,1.023,4.8829
2006-11-18,0.0,7.35,0.955,3.4317
2006-11-19,0.0,6.0,0.845,2.8476
2006-11-20,0.0,4.28,0.708,2.4916
2006-11-21,0.0,5.75,0.814,2.2635
2006-11-22,0.0,11.28,1.225,2.122
2006-11-23,0.0,12.02,1.273,2.0079
2006-11-24,0.0,12.38,1.291,1.9075
2006-11-25,0.0,12.58,1.299,1.798
2006-11-26,0.0,11.87,1.239,1.7022
2006-11-27,0.0,11.82,1.229,1.6474
2006-11-28,5.27,12.51,1.272,1.6109
2006-11-29,17.46,15.08,1.451,1.5926
2006-11-30,22.01,16.86,1.571,1.8893
2006-12-01,0.0,13.81,1.346,4.5406
2006-12-02,0.0,7.73,0.907,4.0295
2006-12-03,0.0,7.14,0.861,2.8476
2006-12-04,0.0,5.23,0.722,2.4688
2006-12-05,0.0,5.38,0.73,2.2498
2006-12-06,0.0,6.22,0.786,2.1037
2006-12-07,0.0,2.82,0.546,1.9714
2006-12-08,0.0,-2.1,0.202,1.8527
2006-12-09,0.0,1.69,0.464,1.7752
2006-12-10,0.0,5.18,0.704,1.7432
2006-12-11,0.0,8.85,0.956,1.693
2006-12-12,2.47,9.5,0.999,1.6474
2006-12-13,0.0,10.74,1.082,1.6428
2006-12-14,0.0,10.42,1.059,1.6063
2006-12-15,0.0,12.21,1.179,1.5424
2006-12-16,0.0,12.93,1.227,1.5014
2006-12-17,0.0,12.68,1.209,1.4557
2006-12-18,0.0,13.82,1.286,1.4329
2006-12-19,0.0,11.43,1.122,1.4055
2006-12-20,11.6,8.41,0.915,1.3782
2006-12-21,28.52,9.38,0.982,1.3645
2006-12-22,33.12,11.93,1.157,4.746
2006-12-23,7.25,12.93,1.226,5.5674
2006-12-24,16.11,9.02,0.959,3.2172
2006-12-25,16.28,5.3,0.705,3.2492
2006-12-26,0.0,4.78,0.671,3.9976
2006-12-27,0.0,5.12,0.696,3.1625
2006-12-28,0.0,6.15,0.768,2.7563
2006-12-29,12.18,8.0,0.897,2.5327
2006-12-30,37.31,10.26,1.056,2.3912
2006-12-31,63.18,12.7,1.228,4.2942
2007-01-01,0.0,11.2,1.127,15.3787
2007-01-02,0.0,5.86,0.758,6.982
2007-01-03,0.0,6.66,0.817,5.1567
2007-01-04,14.8,11.62,1.168,4.2942
2007-01-05,30.56,12.8,1.256,4.8829
2007-01-06,0.0,12.74,1.256,6.5257
2007-01-07,50.17,10.14,1.078,5.6586
2007-01-08,0.0,7.31,0.88,13.0514
2007-01-09,0.0,2.62,0.548,7.4384
2007-01-10,0.0,2.55,0.545,5.8868
2007-01-11,0.0,2.92,0.575,5.0198
2007-01-12,0.0,8.14,0.959,4.5087
2007-01-13,0.0,13.68,1.37,4.1618
2007-01-14,1.15,15.18,1.49,3.8789
2007-01-15,1.0,14.44,1.443,3.6142
2007-01-16,0.0,7.03,0.899,3.418
2007-01-17,2.35,0.95,0.447,3.1533
2007-01-18,3.19,1.46,0.489,3.0529
2007-01-19,0.0,5.7,0.815,3.0119
2007-01-20,0.0,4.57,0.734,2.7791
2007-01-21,30.24,2.92,0.612,2.8065
2007-01-22,0.0,5.54,0.82,4.4904
2007-01-23,0.0,4.04,0.709,3.3541
2007-01-24,0.0,4.11,0.719,3.0027
2007-01-25,0.0,3.35,0.664,2.7928
2007-01-26,0.0,3.78,0.704,2.6377
2007-01-27,0.0,6.98,0.968,2.551
2007-01-28,0.0,0.48,0.446,2.4825
2007-01-29,0.0,-2.28,0.223,2.3502
2007-01-30,0.0,1.78,0.561,2.2771
2007-01-31,10.5,-1.42,0.299,2.2087
2007-02-01,12.64,-0.62,0.368,2.3502
2007-02-02,0.0,2.21,0.612,2.4506
2007-02-03,0.0,-0.87,0.353,2.3045
2007-02-04,0.0,0.3,0.457,2.1311
2007-02-05,0.0,0.27,0.459,2.0672
2007-02-06,0.0,1.58,0.578,1.9942
2007-02-07,0.0,7.92,1.144,2.0033
2007-02-08,0.0,5.81,0.965,1.9805
2007-02-09,0.0,2.14,0.644,1.9395
2007-02-10,0.0,2.92,0.72,1.8893
2007-02-11,0.0,4.54,0.874,1.8345
2007-02-12,0.0,7.71,1.176,1.7889
2007-02-13,13.79,7.13,1.132,1.8299
2007-02-14,0.0,4.4,0.885,2.1631
2007-02-15,0.0,0.52,0.525,1.8984
2007-02-16,0.0,-0.27,0.454,1.798
2007-02-17,0.0,-0.94,0.393,1.7432
2007-02-18,0.0,1.26,0.611,1.7158
2007-02-19,0.0,4.98,0.983,1.6611
2007-02-20,3.5,8.24,1.316,1.6428
2007-02-21,0.0,12.54,1.758,1.6885
2007-02-22,0.0,12.74,1.794,1.7387
2007-02-23,0.0,9.59,1.488,1.6291
2007-02-24,8.84,7.62,1.299,1.5744
2007-02-25,20.26,8.25,1.376,2.2178
2007-02-26,0.0,9.94,1.565,2.5008
2007-02-27,0.0,10.6,1.648,1.9897
2007-02-28,0.0,10.2,1.62,1.8391
2007-03-01,91.09,9.06,1.511,3.2583
2007-03-02,0.0,10.03,1.629,14.4204
2007-03-03,0.0,9.01,1.531,5.6586
2007-03-04,0.0,3.99,0.991,4.0706
2007-03-05,0.0,6.6,1.29,3.4226
2007-03-06,0.0,10.36,1.722,3.0849
2007-03-07,0.0,11.92,1.912,2.843
2007-03-08,0.0,11.6,1.892,2.697
2007-03-09,0.0,10.32,1.761,2.5646
2007-03-10,0.0,12.77,2.059,2.4871
2007-03-11,0.0,15.02,2.338,2.4232
2007-03-12,0.0,14.32,2.274,2.3228
2007-03-13,0.0,15.86,2.475,2.2224
2007-03-14,0.0,17.75,2.721,2.1768
2007-03-15,19.76,15.95,2.525,2.1174
2007-03-16,9.81,11.84,2.046,3.1761
2007-03-17,0.0,5.13,1.24,2.8658
2007-03-18,0.0,5.32,1.272,2.4414
2007-03-19,0.0,9.38,1.786,2.2908
2007-03-20,0.0,15.81,2.604,2.2178
2007-03-21,0.0,15.36,2.566,2.1585
2007-03-22,0.0,15.45,2.596,2.1129
2007-03-23,0.0,17.47,2.872,2.0581
2007-03-24,0.0,19.6,3.167,2.017
2007-03-25,0.0,20.93,3.361,1.9623
2007-03-26,0.0,18.62,3.082,1.9303
2007-03-27,0.0,19.84,3.264,1.9166
2007-03-28,0.0,19.5,3.24,1.8847
2007-03-29,0.0,14.96,2.656,1.8391
2007-03-30,0.0,14.38,2.596,1.8391
2007-03-31,11.07,15.8,2.805,1.798
2007-04-01,16.67,15.89,2.834,1.8893
2007-04-02,6.45,19.82,3.389,2.519
2007-04-03,0.0,18.84,3.274,2.0079
2007-04-04,0.0,14.9,2.75,2.049
2007-04-05,0.0,8.95,1.939,1.9395
2007-04-06,0.0,6.06,1.545,1.8026
2007-04-07,0.0,1.55,0.921,1.7432
2007-04-08,0.0,4.04,1.278,1.7113
2007-04-09,0.0,5.49,1.491,1.7022
2007-04-10,3.58,7.28,1.756,1.6839
2007-04-11,8.25,7.73,1.829,1.693
2007-04-12,0.0,13.08,2.611,1.8391
2007-04-13,0.0,12.56,2.549,1.6976
2007-04-14,25.46,13.02,2.629,1.6565
2007-04-15,0.0,11.92,2.482,2.7883
2007-04-16,0.0,13.18,2.68,2.3182
2007-04-17,0.0,16.42,3.172,1.9623
2007-04-18,0.0,15.36,3.028,1.8573
2007-04-19,0.0,13.98,2.835,1.7934
2007-04-20,0.0,12.52,2.63,1.7113
2007-04-21,0.0,15.07,3.026,1.6839
2007-04-22,0.0,16.76,3.295,1.6428
2007-04-23,0.0,17.24,3.382,1.5881
2007-04-24,0.0,19.08,3.675,1.5744
2007-04-25,0.0,19.24,3.716,1.5561
2007-04-26,0.0,17.1,3.401,1.547
2007-04-27,0.0,17.22,3.433,1.6337
2007-04-28,0.0,16.25,3.295,1.5287
2007-04-29,0.0,18.8,3.705,1.474
2007-04-30,0.0,20.0,3.906,1.4284
2007-05-01,0.0,21.69,4.184,1.4055
2007-05-02,0.0,21.51,4.17,1.3782
2007-05-03,8.37,20.21,3.978,1.3736
2007-05-04,15.74,16.59,3.418,1.4101
2007-05-05,0.0,14.72,3.132,1.8345
2007-05-06,0.0,16.55,3.433,2.2133
2007-05-07,0.0,14.54,3.123,1.6337
2007-05-08,0.0,16.21,3.399,1.4877
2007-05-09,0.0,19.34,3.912,1.4375
2007-05-10,0.0,20.92,4.178,1.401
2007-05-11,7.55,21.84,4.337,1.3964
2007-05-12,0.0,21.22,4.248,1.442
2007-05-13,0.0,21.14,4.246,1.4512
2007-05-14,0.0,18.19,3.776,1.3599
2007-05-15,0.0,17.5,3.673,1.2914
2007-05-16,0.0,16.57,3.529,1.2641
2007-05-17,0.0,15.89,3.425,1.2549
2007-05-18,0.0,15.26,3.329,1.2093
2007-05-19,0.0,14.92,3.28,1.1728
2007-05-20,0.0,17.68,3.742,1.1545
2007-05-21,0.0,19.18,3.998,1.1272
2007-05-22,0.0,19.8,4.108,1.1043
2007-05-23,0.0,19.46,4.06,1.0952
2007-05-24,0.0,19.91,4.141,1.0861
2007-05-25,0.0,19.82,4.133,1.0633
2007-05-26,0.0,21.0,4.335,1.0496
2007-05-27,0.0,21.22,4.38,1.0222
2007-05-28,0.0,20.55,4.274,0.9994
2007-05-29,0.0,21.56,4.449,0.972
2007-05-30,0.0,22.2,4.561,0.9583
2007-05-31,0.0,23.1,4.719,0.9309
2007-06-01,4.89,22.52,4.626,0.9081
2007-06-02,0.0,20.88,4.357,0.9583
2007-06-03,0.0,22.2,4.582,1.0131
2007-06-04,0.0,22.54,4.645,0.9857
2007-06-05,0.0,22.02,4.561,0.9036
2007-06-06,0.0,22.94,4.72,0.867
2007-06-07,0.0,24.1,4.921,0.8397
2007-06-08,0.0,25.2,5.11,0.8305
2007-06-09,0.0,26.26,5.294,0.8077
2007-06-10,7.79,23.78,4.876,0.794
2007-06-11,17.95,22.59,4.677,0.7758
2007-06-12,9.11,21.58,4.509,0.9446
2007-06-13,11.56,20.36,4.303,0.972
2007-06-14,4.96,20.63,4.35,1.1545
2007-06-15,5.22,21.66,4.526,1.0542
2007-06-16,0.0,22.91,4.74,1.1819
2007-06-17,0.0,23.97,4.921,0.9492
2007-06-18,21.34,23.88,4.907,0.8716
2007-06-19,20.08,23.98,4.922,1.2869
2007-06-20,0.0,23.96,4.921,1.5424
2007-06-21,0.0,22.08,4.599,1.0678
2007-06-22,0.0,23.22,4.792,0.8899
2007-06-23,0.0,24.42,4.996,0.826
2007-06-24,0.0,25.74,5.218,0.7986
2007-06-25,8.23,24.99,5.091,0.7712
2007-06-26,0.0,24.6,5.021,0.7895
2007-06-27,0.0,24.78,5.049,0.8032
2007-06-28,18.63,25.31,5.137,0.7438
2007-06-29,1.77,24.95,5.073,1.6246
2007-06-30,12.58,24.34,4.967,1.4329
2007-07-01,0.0,24.36,4.968,1.0952
2007-07-02,0.0,20.5,4.311,1.2047
2007-07-03,0.0,21.21,4.427,1.1911
2007-07-04,0.0,22.57,4.653,1.0268
2007-07-05,0.0,23.01,4.722,0.9538
2007-07-06,0.0,23.96,4.878,0.9629
2007-07-07,0.0,23.07,4.723,0.9309
2007-07-08,20.78,24.17,4.902,1.1272
2007-07-09,2.51,24.89,5.017,1.0542
2007-07-10,8.06,24.43,4.934,1.0633
2007-07-11,1.85,23.62,4.792,1.0222
2007-07-12,0.0,22.3,4.565,1.0496
2007-07-13,0.0,21.46,4.417,0.9127
2007-07-14,0.0,21.71,4.453,0.8716
2007-07-15,5.36,23.32,4.715,0.9401
2007-07-16,5.31,24.1,4.836,1.0176
2007-07-17,12.27,24.51,4.894,1.0131
2007-07-18,6.6,24.83,4.939,1.0313
2007-07-19,10.71,24.99,4.957,0.9538
2007-07-20,0.0,22.82,4.589,0.8579
2007-07-21,0.0,21.69,4.394,0.9172
2007-07-22,3.9,21.41,4.339,0.8488
2007-07-23,0.0,20.98,4.259,0.8807
2007-07-24,1.04,22.42,4.485,0.8305
2007-07-25,0.0,23.45,4.644,0.7895
2007-07-26,8.64,23.73,4.679,0.7667
2007-07-27,4.02,23.89,4.693,0.8534
2007-07-28,11.45,23.38,4.599,0.9036
2007-07-29,13.07,24.08,4.701,0.9994
2007-07-30,7.57,25.34,4.891,0.9857
2007-07-31,0.0,24.98,4.821,1.004
2007-08-01,0.0,25.45,4.882,1.0176
2007-08-02,5.7,25.79,4.923,0.9172
2007-08-03,0.0,25.68,4.891,0.9446
2007-08-04,16.38,25.66,4.873,0.826
2007-08-05,18.2,25.72,4.867,0.7712
2007-08-06,0.0,26.6,4.991,0.7438
2007-08-07,0.0,27.79,5.162,0.7256
2007-08-08,0.0,28.47,5.252,0.6936
2007-08-09,0.0,28.56,5.248,0.6526
2007-08-10,0.0,28.28,5.186,0.6343
2007-08-11,0.0,27.1,4.986,0.6115
2007-08-12,0.0,25.88,4.779,0.6069
2007-08-13,0.0,26.63,4.876,0.8899
2007-08-14,0.0,26.24,4.797,0.6434
2007-08-15,0.0,26.82,4.868,0.5887
2007-08-16,0.0,27.7,4.982,0.5567
2007-08-17,0.0,27.02,4.859,0.5476
2007-08-18,0.0,26.64,4.782,0.5385
2007-08-19,0.0,26.33,4.715,0.5294
2007-08-20,0.0,26.84,4.771,0.5111
2007-08-21,0.0,27.86,4.901,0.4928
2007-08-22,0.0,27.74,4.863,0.4792
2007-08-23,28.01,27.09,4.744,0.47
2007-08-24,0.0,27.01,4.71,0.4792
2007-08-25,22.78,26.4,4.598,1.0268
2007-08-26,0.0,25.12,4.389,0.7575
2007-08-27,0.0,24.74,4.312,1.0998
2007-08-28,0.0,26.01,4.474,0.7849
2007-08-29,2.66,26.25,4.486,0.6434
2007-08-30,5.89,25.28,4.325,0.5978
2007-08-31,9.57,25.04,4.269,0.7758
2007-09-01,0.0,24.13,4.116,0.8579
2007-09-02,0.0,23.3,3.977,0.6891
2007-09-03,0.0,23.8,4.024,0.6024
2007-09-04,0.0,24.97,4.164,0.5887
2007-09-05,0.0,24.18,4.032,0.5522
2007-09-06,0.0,23.68,3.941,0.5111
2007-09-07,0.0,24.04,3.966,0.4974
2007-09-08,0.0,24.1,3.95,0.4928
2007-09-09,0.0,24.48,3.977,0.4792
2007-09-10,0.0,25.1,4.035,0.4655
2007-09-11,2.26,24.51,3.931,0.4427
2007-09-12,13.33,23.93,3.83,0.4381
2007-09-13,19.54,22.38,3.601,0.4609
2007-09-14,33.19,20.74,3.364,0.575
2007-09-15,0.0,20.31,3.287,1.401
2007-09-16,0.0,18.1,2.979,0.8214
2007-09-17,0.0,18.81,3.05,0.6161
2007-09-18,0.0,18.63,3.006,0.5613
2007-09-19,0.0,19.0,3.032,0.5294
2007-09-20,1.45,19.34,3.054,0.5157
2007-09-21,0.0,20.84,3.217,0.5111
2007-09-22,0.0,23.98,3.584,0.5157
2007-09-23,0.0,24.12,3.575,0.502
2007-09-24,0.0,24.26,3.565,0.4837
2007-09-25,0.0,23.4,3.435,0.4609
2007-09-26,0.0,22.32,3.279,0.4477
2007-09-27,0.0,21.66,3.175,0.4376
2007-09-28,0.0,20.46,3.01,0.4258
2007-09-29,0.0,17.94,2.691,0.4107
2007-09-30,0.0,17.45,2.613,0.3902
2007-10-01,0.0,18.07,2.663,0.3742
2007-10-02,0.0,18.68,2.712,0.3696
2007-10-03,12.14,20.22,2.865,0.3651
2007-10-04,8.41,21.94,3.036,0.4107
2007-10-05,0.0,22.44,3.067,0.5385
2007-10-06,0.0,22.72,3.073,0.6115
2007-10-07,0.0,22.58,3.033,0.5567
2007-10-08,0.0,22.78,3.029,0.4792
2007-10-09,0.0,22.56,2.98,0.47
2007-10-10,0.0,19.29,2.604,0.4408
2007-10-11,0.0,13.5,1.967,0.4107
2007-10-12,0.0,13.0,1.898,0.3833
2007-10-13,0.0,14.36,2.023,0.3742
2007-10-14,0.0,16.64,2.242,0.3696
2007-10-15,0.0,17.06,2.265,0.3651
2007-10-16,0.0,17.44,2.285,0.3605
2007-10-17,11.61,18.59,2.381,0.3559
2007-10-18,6.03,18.82,2.384,0.3751
2007-10-19,3.53,18.56,2.337,0.4883
2007-10-20,0.0,16.07,2.072,0.6708
2007-10-21,15.99,16.04,2.051,0.5065
2007-10-22,20.72,14.8,1.913,0.4746
2007-10-23,20.37,18.58,2.259,1.7615
2007-10-24,1.66,14.77,1.877,3.1579
2007-10-25,0.0,14.62,1.846,1.725
2007-10-26,0.0,15.08,1.873,1.1089
2007-10-27,0.0,14.91,1.841,0.867
2007-10-28,0.0,12.22,1.578,0.7438
2007-10-29,0.0,9.77,1.342,0.6708
2007-10-30,0.0,10.68,1.412,0.6206
2007-10-31,0.0,11.88,1.507,0.5932
2007-11-01,0.0,14.28,1.707,0.5613
2007-11-02,0.0,12.54,1.539,0.5567
2007-11-03,0.0,11.24,1.413,0.543
2007-11-04,0.0,10.86,1.368,0.5202
2007-11-05,0.0,11.22,1.388,0.5111
2007-11-06,0.0,8.33,1.131,0.502
2007-11-07,0.0,4.82,0.826,0.4928
2007-11-08,0.0,4.96,0.832,0.4974
2007-11-09,0.0,8.96,1.156,0.4883
2007-11-10,0.0,8.18,1.082,0.4883
2007-11-11,0.0,7.91,1.052,0.4837
2007-11-12,0.0,10.94,1.289,0.4792
2007-11-13,9.86,13.64,1.496,0.4837
2007-11-14,15.11,15.55,1.636,0.4883
2007-11-15,0.0,8.74,1.086,0.6252
2007-11-16,0.0,5.18,0.799,0.7895
2007-11-17,0.0,7.71,0.99,0.6115
2007-11-18,0.0,12.58,1.36,0.5567
2007-11-19,0.0,14.9,1.528,0.5385
2007-11-20,45.8,14.81,1.511,0.5294
2007-11-21,21.97,14.41,1.47,0.5202
2007-11-22,0.0,11.0,1.204,1.4512
2007-11-23,0.0,4.94,0.744,1.1911
2007-11-24,9.4,3.46,0.629,0.8032
2007-11-25,11.44,5.25,0.757,0.721
2007-11-26,16.11,9.4,1.058,1.0678
2007-11-27,0.0,9.08,1.028,2.2087
2007-11-28,0.0,7.9,0.937,1.3918
2007-11-29,0.0,8.76,0.994,1.0724
2007-11-30,0.0,7.73,0.915,0.9309
2007-12-01,0.0,9.02,1.003,0.8397
2007-12-02,3.71,9.3,1.018,0.7803
2007-12-03,0.0,7.1,0.858,0.7849
2007-12-04,0.0,6.18,0.789,0.7621
2007-12-05,0.0,6.15,0.784,0.7028
2007-12-06,0.0,2.62,0.534,0.6799
2007-12-07,0.0,5.54,0.736,0.6526
2007-12-08,5.2,13.31,1.274,0.648
2007-12-09,0.0,15.91,1.451,0.6526
2007-12-10,0.0,17.12,1.531,0.6663
2007-12-11,0.0,16.55,1.488,0.648
2007-12-12,0.0,16.88,1.507,0.6298
2007-12-13,0.0,14.49,1.34,0.6206
2007-12-14,0.0,10.6,1.071,0.6206
2007-12-15,21.71,6.62,0.797,0.6206
2007-12-16,0.0,3.76,0.6,0.9766
2007-12-17,0.0,2.3,0.499,1.0542
2007-12-18,0.0,1.32,0.432,0.8169
2007-12-19,12.35,3.65,0.591,0.753
2007-12-20,8.27,5.12,0.691,0.7256
2007-12-21,15.56,7.26,0.837,0.9081
2007-12-22,11.48,9.12,0.965,1.15
2007-12-23,14.4,9.1,0.964,2.414
2007-12-24,0.0,5.78,0.737,2.8704
2007-12-25,0.0,4.88,0.676,1.798
2007-12-26,4.0,7.21,0.838,1.5744
2007-12-27,45.54,8.59,0.933,1.4147
2007-12-28,25.49,10.16,1.044,1.6428
2007-12-29,13.95,11.32,1.126,4.1299
2007-12-30,30.3,6.42,0.79,3.199
2007-12-31,0.0,4.66,0.67,3.8972
2008-01-01,0.0,1.42,0.446,2.5829
2008-01-02,0.0,-3.54,0.102,2.049
2008-01-03,0.0,-2.9,0.147,1.7387
2008-01-04,0.0,-0.54,0.313,1.5698
2008-01-05,0.0,3.74,0.617,1.4694
2008-01-06,0.0,8.79,0.977,1.3782
2008-01-07,0.0,10.82,1.126,1.3051
2008-01-08,1.8,11.16,1.155,1.2321
2008-01-09,14.56,13.66,1.34,1.1911
2008-01-10,23.37,9.77,1.067,1.2093
2008-01-11,0.0,10.01,1.089,2.843
2008-01-12,0.0,5.58,0.772,2.4871
2008-01-13,0.0,4.9,0.726,1.9212
2008-01-14,0.0,3.68,0.641,1.7204
2008-01-15,0.0,1.29,0.467,1.5607
2008-01-16,22.8,-0.89,0.307,1.4512
2008-01-17,0.0,1.44,0.484,1.9531
2008-01-18,2.51,4.56,0.723,2.3365
2008-01-19,0.0,0.64,0.43,2.0033
2008-01-20,0.0,-3.59,0.108,1.8345
2008-01-21,6.17,-3.6,0.108,1.5926
2008-01-22,6.39,-0.7,0.334,1.5881
2008-01-23,0.0,4.49,0.744,1.6748
2008-01-24,0.0,1.82,0.539,1.5607
2008-01-25,0.0,-1.82,0.253,1.4466
2008-01-26,0.0,2.35,0.589,1.3782
2008-01-27,0.0,5.44,0.843,1.3462
2008-01-28,0.0,5.24,0.834,1.2914
2008-01-29,14.31,6.62,0.954,1.2641
2008-01-30,34.51,4.49,0.785,1.4785
2008-01-31,24.58,2.35,0.613,1.4785
2008-02-01,0.0,4.83,0.827,4.0751
2008-02-02,0.0,7.28,1.041,3.5458
2008-02-03,4.28,7.94,1.107,2.5373
2008-02-04,3.55,9.61,1.26,2.2771
2008-02-05,7.78,14.94,1.736,2.0855
2008-02-06,13.31,11.98,1.49,2.1083
2008-02-07,0.0,8.57,1.201,2.7883
2008-02-08,0.0,7.44,1.111,2.2361
2008-02-09,0.0,8.17,1.187,2.0216
2008-02-10,0.0,7.44,1.131,1.871
2008-02-11,0.0,7.35,1.132,1.7478
2008-02-12,8.26,7.2,1.128,1.6839
2008-02-13,0.0,6.23,1.048,1.8482
2008-02-14,0.0,3.9,0.838,1.8162
2008-02-15,0.0,7.7,1.207,1.652
2008-02-16,0.0,10.7,1.505,1.6018
2008-02-17,35.94,8.86,1.34,1.6246
2008-02-18,0.0,8.17,1.285,3.9063
2008-02-19,0.0,5.68,1.051,2.8156
2008-02-20,0.0,7.08,1.199,2.3273
2008-02-21,11.56,3.97,0.899,2.1311
2008-02-22,3.32,5.38,1.05,2.4779
2008-02-23,0.0,9.38,1.467,2.4597
2008-02-24,7.89,5.85,1.116,2.1722
2008-02-25,7.99,9.32,1.487,2.0398
2008-02-26,9.36,7.06,1.263,2.1813
2008-02-27,0.0,-0.5,0.475,2.4414
2008-02-28,3.94,1.5,0.692,2.0718
2008-02-29,1.81,4.53,1.024,1.9668
2008-03-01,0.0,9.51,1.573,1.9258
2008-03-02,0.0,9.54,1.59,1.8117
2008-03-03,43.5,10.63,1.723,1.7341
2008-03-04,54.7,10.72,1.747,5.8412
2008-03-05,0.0,9.89,1.669,9.9939
2008-03-06,15.26,9.42,1.63,5.2479
2008-03-07,11.38,7.37,1.41,5.111
2008-03-08,0.0,5.45,1.201,5.8868
2008-03-09,0.0,5.54,1.221,4.6091
2008-03-10,0.0,7.62,1.474,3.9565
2008-03-11,0.0,7.88,1.516,3.6005
2008-03-12,0.0,10.64,1.856,3.3085
2008-03-13,0.0,11.97,2.029,3.0621
2008-03-14,17.02,10.02,1.811,2.8704
2008-03-15,28.03,11.48,2.001,3.313
2008-03-16,0.0,11.62,2.034,4.3946
2008-03-17,0.0,8.05,1.609,3.3085
2008-03-18,24.33,10.0,1.863,3.021
2008-03-19,33.7,12.42,2.18,4.3216
2008-03-20,0.0,9.72,1.855,7.4384
2008-03-21,0.0,10.1,1.917,4.6091
2008-03-22,0.0,11.91,2.162,3.8607
2008-03-23,0.0,7.5,1.61,3.4271
2008-03-24,0.0,3.96,1.161,3.1488
2008-03-25,0.0,5.22,1.334,2.9525
2008-03-26,0.0,10.32,2.013,2.8065
2008-03-27,0.0,12.98,2.379,2.6833
2008-03-28,0.0,13.88,2.514,2.5692
2008-03-29,7.61,11.5,2.211,2.6103
2008-03-30,0.86,8.26,1.789,2.551
2008-03-31,2.39,11.22,2.2,2.414
2008-04-01,0.0,16.34,2.913,2.3775
2008-04-02,1.62,16.94,3.013,2.3137
2008-04-03,11.05,11.2,2.239,2.1996
2008-04-04,16.25,11.16,2.245,2.2726
2008-04-05,10.3,12.58,2.457,3.2446
2008-04-06,0.0,14.91,2.799,3.5914
2008-04-07,0.0,14.66,2.78,3.0347
2008-04-08,0.0,13.8,2.672,2.6331
2008-04-09,0.0,15.52,2.932,2.4871
2008-04-10,1.39,16.27,3.057,2.3365
2008-04-11,3.59,18.2,3.35,2.2589
2008-04-12,0.0,15.34,2.954,2.2269
2008-04-13,0.0,9.71,2.146,2.1037
2008-04-14,0.0,6.67,1.711,2.017
2008-04-15,0.0,10.11,2.226,1.9623
2008-04-16,0.0,11.98,2.513,1.8345
2008-04-17,0.0,15.07,2.985,1.7797
2008-04-18,2.7,15.85,3.115,1.7432
2008-04-19,0.0,14.06,2.862,1.766
2008-04-20,0.0,13.95,2.857,1.7752
2008-04-21,0.0,14.74,2.988,1.62
2008-04-22,0.0,16.12,3.212,1.5744
2008-04-23,0.0,17.16,3.384,1.5379
2008-04-24,0.0,18.48,3.6,1.4922
2008-04-25,0.0,18.6,3.632,1.4557
2008-04-26,2.0,20.15,3.885,1.4466
2008-04-27,26.38,18.16,3.592,1.4557
2008-04-28,2.77,16.26,3.308,2.8521
2008-04-29,0.0,10.54,2.427,2.5236
2008-04-30,0.0,11.91,2.651,2.0125
2008-05-01,0.0,15.08,3.158,1.871
2008-05-02,0.0,16.92,3.458,1.7843
2008-05-03,1.03,15.74,3.285,1.7295
2008-05-04,0.0,18.1,3.668,1.7113
2008-05-05,0.0,17.63,3.606,1.6337
2008-05-06,0.0,17.8,3.644,1.5653
2008-05-07,0.0,18.14,3.71,1.5014
2008-05-08,10.24,19.65,3.962,1.4831
2008-05-09,7.59,20.5,4.11,1.7752
2008-05-10,26.94,20.72,4.156,1.5926
2008-05-11,0.0,17.31,3.615,2.049
2008-05-12,0.0,16.3,3.46,2.0535
2008-05-13,0.0,14.66,3.201,1.6474
2008-05-14,1.38,14.14,3.124,1.5607
2008-05-15,16.82,15.2,3.305,1.5607
2008-05-16,0.0,17.99,3.77,2.049
2008-05-17,0.0,14.9,3.27,1.7889
2008-05-18,7.73,15.58,3.39,1.6109
2008-05-19,0.0,17.06,3.64,1.6793
2008-05-20,5.4,19.27,4.013,1.5424
2008-05-21,0.0,16.96,3.637,1.6976
2008-05-22,0.0,17.61,3.753,1.5105
2008-05-23,16.45,19.58,4.087,1.4055
2008-05-24,0.0,20.05,4.171,1.3827
2008-05-25,0.0,19.6,4.102,1.3553
2008-05-26,0.0,19.83,4.146,1.3006
2008-05-27,6.15,21.22,4.386,1.2823
2008-05-28,8.42,19.84,4.16,1.3918
2008-05-29,0.0,18.81,3.993,1.4147
2008-05-30,17.54,21.89,4.516,1.3736
2008-05-31,8.6,24.54,4.966,1.3553
2008-06-01,6.64,20.96,4.369,1.2321
2008-06-02,0.0,22.67,4.662,1.2458
2008-06-03,0.0,23.2,4.756,1.1545
2008-06-04,0.0,25.02,5.068,1.1317
2008-06-05,0.0,25.56,5.163,1.0815
2008-06-06,0.0,25.86,5.219,1.0359
2008-06-07,0.0,26.34,5.303,1.0131
2008-06-08,0.0,26.78,5.382,0.9811
2008-06-09,0.0,26.73,5.376,0.9538
2008-06-10,0.0,25.96,5.249,0.9309
2008-06-11,12.2,25.54,5.179,0.9264
2008-06-12,0.0,24.24,4.961,1.0359
2008-06-13,0.0,24.4,4.99,0.9629
2008-06-14,3.41,23.64,4.862,0.899
2008-06-15,9.0,24.54,5.016,0.8899
2008-06-16,3.35,24.46,5.003,0.9492
2008-06-17,0.0,24.1,4.943,0.9172
2008-06-18,0.0,20.2,4.28,0.8032
2008-06-19,0.0,20.34,4.304,0.7575
2008-06-20,0.0,21.28,4.464,0.7438
2008-06-21,0.0,22.18,4.617,0.7803
2008-06-22,0.0,22.96,4.748,0.7758
2008-06-23,0.0,23.11,4.772,1.1409
2008-06-24,0.0,23.56,4.846,0.8853
2008-06-25,0.0,24.04,4.927,0.7484
2008-06-26,7.21,24.18,4.949,0.7119
2008-06-27,5.94,24.57,5.012,0.7073
2008-06-28,9.79,24.58,5.011,0.7256
2008-06-29,0.0,23.18,4.771,0.753
2008-06-30,0.0,22.3,4.619,0.7849
2008-07-01,0.0,19.59,4.157,0.6891
2008-07-02,0.0,21.13,4.414,0.648
2008-07-03,0.0,22.18,4.588,0.6252
2008-07-04,0.0,23.32,4.776,0.6115
2008-07-05,6.39,24.34,4.942,0.6115
2008-07-06,7.04,24.27,4.925,0.6982
2008-07-07,0.0,24.5,4.958,1.0085
2008-07-08,26.16,24.54,4.958,0.9264
2008-07-09,5.64,25.02,5.032,0.8442
2008-07-10,4.57,24.36,4.917,0.794
2008-07-11,0.0,26.15,5.208,0.7028
2008-07-12,0.0,26.03,5.181,0.6526
2008-07-13,8.78,23.38,4.732,0.6298
2008-07-14,0.0,24.7,4.943,0.6845
2008-07-15,7.59,24.39,4.884,0.6343
2008-07-16,0.0,23.9,4.793,0.648
2008-07-17,0.0,23.54,4.725,0.5978
2008-07-18,0.0,23.88,4.773,0.5522
2008-07-19,0.0,23.94,4.774,0.5294
2008-07-20,0.0,25.64,5.044,0.5202
2008-07-21,20.34,27.16,5.283,0.5157
2008-07-22,1.51,25.98,5.08,0.7119
2008-07-23,3.66,24.26,4.787,0.8305
2008-07-24,0.0,22.25,4.448,0.6069
2008-07-25,0.0,22.9,4.544,0.5339
2008-07-26,1.52,24.35,4.768,0.5248
2008-07-27,0.0,26.06,5.033,0.5567
2008-07-28,7.47,25.82,4.981,0.5294
2008-07-29,0.0,25.3,4.885,0.5476
2008-07-30,2.4,26.69,5.095,0.7347
2008-07-31,2.15,26.46,5.043,0.5704
2008-08-01,0.0,26.72,5.071,0.5202
2008-08-02,0.0,27.2,5.132,0.4928
2008-08-03,0.0,26.05,4.935,0.4609
2008-08-04,0.0,25.98,4.908,0.4326
2008-08-05,0.0,26.84,5.03,0.4112
2008-08-06,0.0,27.71,5.15,0.3966
2008-08-07,0.0,26.55,4.951,0.3751
2008-08-08,0.0,24.54,4.62,0.3879
2008-08-09,0.0,22.82,4.335,0.3701
2008-08-10,0.0,23.62,4.444,0.345
2008-08-11,0.0,23.9,4.472,0.3464
2008-08-12,0.0,21.42,4.072,0.3409
2008-08-13,1.94,22.03,4.151,0.3455
2008-08-14,0.0,23.76,4.399,0.3573
2008-08-15,0.0,23.59,4.356,0.3642
2008-08-16,8.56,23.2,4.279,0.3441
2008-08-17,0.0,23.13,4.251,0.5887
2008-08-18,0.0,24.28,4.405,0.5065
2008-08-19,0.0,24.87,4.476,0.4495
2008-08-20,0.0,24.51,4.402,0.3897
2008-08-21,0.0,23.88,4.288,0.3505
2008-08-22,0.0,23.84,4.263,0.3222
2008-08-23,0.0,24.87,4.395,0.3126
2008-08-24,47.68,24.26,4.285,0.3121
2008-08-25,73.78,23.24,4.117,1.2184
2008-08-26,112.71,21.7,3.873,10.0852
2008-08-27,11.92,23.09,4.053,9.7657
2008-08-28,0.0,24.4,4.22,3.6234
2008-08-29,0.0,24.34,4.19,2.6559
2008-08-30,0.0,24.66,4.213,1.8482
2008-08-31,0.89,24.73,4.201,1.4922
2008-09-01,0.0,24.33,4.121,1.3051
2008-09-02,0.0,23.99,4.052,1.1865
2008-09-03,0.0,22.24,3.786,1.0907
2008-09-04,0.0,21.62,3.679,1.0085
2008-09-05,0.0,22.58,3.789,0.9492
2008-09-06,0.0,23.22,3.855,0.9081
2008-09-07,0.0,24.34,3.983,0.8488
2008-09-08,0.0,24.1,3.926,0.8123
2008-09-09,8.73,22.94,3.747,1.3051
2008-09-10,4.67,23.88,3.848,1.223
2008-09-11,5.63,22.14,3.593,0.9811
2008-09-12,1.17,23.44,3.741,0.9857
2008-09-13,0.0,24.72,3.884,1.0131
2008-09-14,0.0,24.37,3.813,0.9172
2008-09-15,0.0,24.54,3.809,0.8534
2008-09-16,0.95,19.61,3.152,0.8169
2008-09-17,0.4,19.44,3.109,0.7986
2008-09-18,0.0,19.96,3.153,0.7758
2008-09-19,0.0,18.58,2.958,0.7256
2008-09-20,0.0,18.2,2.889,0.7073
2008-09-21,0.0,17.56,2.79,0.6982
2008-09-22,0.0,19.52,3.009,0.6936
2008-09-23,0.0,18.5,2.863,0.6799
2008-09-24,0.0,17.33,2.7,0.648
2008-09-25,0.0,15.63,2.476,0.6298
2008-09-26,1.33,17.02,2.623,0.6115
2008-09-27,0.0,20.1,2.967,0.6526
2008-09-28,0.0,21.82,3.146,0.6617
2008-09-29,0.0,20.92,3.015,0.6936
2008-09-30,0.0,19.02,2.773,0.6526
2008-10-01,0.0,15.64,2.363,0.6024
2008-10-02,0.0,13.49,2.101,0.5613
2008-10-03,0.0,15.0,2.254,0.5476
2008-10-04,0.0,16.95,2.453,0.543
2008-10-05,0.0,18.2,2.572,0.5339
2008-10-06,0.0,17.88,2.515,0.5248
2008-10-07,18.56,15.82,2.27,0.5157
2008-10-08,45.23,15.76,2.245,0.7301
2008-10-09,0.33,19.22,2.596,1.5424
2008-10-10,0.0,19.71,2.627,0.9172
2008-10-11,0.0,20.4,2.677,0.7073
2008-10-12,0.0,20.49,2.664,0.6298
2008-10-13,0.0,19.42,2.529,0.5841
2008-10-14,0.0,18.59,2.423,0.5704
2008-10-15,0.0,18.88,2.431,0.5613
2008-10-16,0.0,18.36,2.357,0.5522
2008-10-17,0.0,16.13,2.114,0.5476
2008-10-18,0.0,13.16,1.801,0.5522
2008-10-19,0.0,10.54,1.528,0.5567
2008-10-20,0.0,11.12,1.572,0.543
2008-10-21,0.0,12.4,1.681,0.5385
2008-10-22,0.0,11.06,1.537,0.5385
2008-10-23,8.21,9.56,1.382,0.5294
2008-10-24,28.99,10.83,1.489,0.5613
2008-10-25,0.0,13.26,1.703,1.2549
2008-10-26,0.0,11.1,1.489,1.0952
2008-10-27,0.0,6.76,1.077,0.7621
2008-10-28,0.0,5.62,0.964,0.6526
2008-10-29,0.0,8.24,1.193,0.6161
2008-10-30,0.0,9.17,1.265,0.6024
2008-10-31,0.0,11.26,1.439,0.5932
2008-11-01,0.0,12.38,1.525,0.5841
2008-11-02,0.0,12.94,1.561,0.5841
2008-11-03,0.0,13.02,1.554,0.575
2008-11-04,0.0,14.26,1.648,0.5704
2008-11-05,0.0,14.92,1.69,0.5659
2008-11-06,0.0,15.21,1.701,0.5613
2008-11-07,2.44,14.32,1.613,0.5567
2008-11-08,0.0,11.08,1.332,0.5613
2008-11-09,0.0,8.33,1.095,0.5567
2008-11-10,0.0,7.64,1.03,0.5476
2008-11-11,0.0,7.32,0.996,0.543
2008-11-12,15.02,8.56,1.087,0.5476
2008-11-13,13.69,11.32,1.299,0.7575
2008-11-14,10.2,13.36,1.451,1.5014
2008-11-15,0.0,10.68,1.23,1.3234
2008-11-16,0.0,5.1,0.786,1.7524
2008-11-17,0.0,4.86,0.762,1.0861
2008-11-18,0.0,1.31,0.484,0.9172
2008-11-19,0.0,2.46,0.569,0.8214
2008-11-20,0.0,5.42,0.79,0.7849
2008-11-21,0.0,0.21,0.392,0.7575
2008-11-22,0.0,-0.22,0.357,0.721
2008-11-23,6.47,2.96,0.591,0.6982
2008-11-24,10.08,3.97,0.663,0.7073
2008-11-25,0.0,4.41,0.691,0.8442
2008-11-26,0.0,5.87,0.794,0.8214
2008-11-27,0.0,8.74,0.998,0.7347
2008-11-28,10.85,9.85,1.073,0.7073
2008-11-29,14.64,6.54,0.83,0.7301
2008-11-30,5.38,4.58,0.686,1.0587
2008-12-01,0.0,2.52,0.536,1.5789
2008-12-02,0.0,2.36,0.522,1.1363
2008-12-03,0.0,2.54,0.532,0.9674
2008-12-04,2.41,2.62,0.536,0.8944
2008-12-05,0.0,4.28,0.651,0.867
2008-12-06,0.0,0.63,0.393,0.8351
2008-12-07,0.0,2.84,0.546,0.8032
2008-12-08,0.0,3.06,0.559,0.7758
2008-12-09,21.12,7.92,0.894,0.7438
2008-12-10,39.64,11.87,1.165,2.017
2008-12-11,34.02,11.53,1.139,8.2598
2008-12-12,0.0,4.36,0.644,6.8451
2008-12-13,0.0,2.76,0.533,3.7283
2008-12-14,13.29,4.45,0.648,2.7426
2008-12-15,5.67,9.62,1.0,2.4962
2008-12-16,32.12,12.2,1.176,3.2902
2008-12-17,3.33,14.73,1.348,5.7043
2008-12-18,0.64,15.82,1.422,4.5634
2008-12-19,0.41,14.15,1.308,3.4773
2008-12-20,22.78,13.76,1.281,2.9799
2008-12-21,0.0,8.31,0.909,3.4636
2008-12-22,0.0,-2.77,0.152,2.8658
2008-12-23,0.0,-1.64,0.23,2.3639
2008-12-24,12.65,5.39,0.712,2.1996
2008-12-25,2.83,11.64,1.141,2.7928
2008-12-26,7.11,10.08,1.036,2.4232
2008-12-27,4.3,11.61,1.144,2.4323
2008-12-28,7.92,12.58,1.213,2.8795
2008-12-29,0.0,11.32,1.128,3.5777
2008-12-30,0.0,9.96,1.038,2.8384
2008-12-31,0.0,9.96,1.038,2.4825
2009-01-01,2.91,-0.07,0.343,2.195
2009-01-02,4.18,3.55,0.597,2.1129
2009-01-03,17.25,7.04,0.843,2.0216
2009-01-04,0.0,11.33,1.148,2.4506
2009-01-05,37.43,14.9,1.404,2.3319
2009-01-06,40.72,14.18,1.359,5.4761
2009-01-07,1.55,11.38,1.165,9.9026
2009-01-08,0.0,5.76,0.769,6.0237
2009-01-09,0.0,4.4,0.675,4.6547
2009-01-10,11.46,3.46,0.611,4.0478
2009-01-11,0.0,4.79,0.71,4.0204
2009-01-12,0.0,2.22,0.527,3.5138
2009-01-13,0.0,3.49,0.623,3.2537
2009-01-14,0.0,1.58,0.486,2.9617
2009-01-15,0.0,-0.73,0.317,2.7426
2009-01-16,0.0,-6.34,0.0,2.5144
2009-01-17,0.15,-4.64,0.027,2.3502
2009-01-18,0.54,0.78,0.437,2.4323
2009-01-19,0.0,2.0,0.533,2.3182
2009-01-20,0.0,-2.78,0.17,2.1859
2009-01-21,0.0,-2.44,0.198,1.976
2009-01-22,0.0,2.07,0.55,1.9714
2009-01-23,0.0,7.82,1.004,1.9212
2009-01-24,0.0,8.5,1.066,1.8893
2009-01-25,0.0,5.27,0.817,1.8254
2009-01-26,0.0,6.0,0.881,1.7524
2009-01-27,0.99,6.06,0.894,1.7113
2009-01-28,9.82,7.84,1.045,1.8162
2009-01-29,0.0,5.32,0.847,1.9988
2009-01-30,0.0,1.71,0.555,1.7341
2009-01-31,0.0,3.3,0.692,1.6337
2009-02-01,0.0,5.28,0.865,1.5835
2009-02-02,2.43,4.51,0.807,1.5698
2009-02-03,0.0,0.22,0.447,1.5698
2009-02-04,0.0,-5.54,0.0,1.5059
2009-02-05,0.0,-3.01,0.173,1.4785
2009-02-06,0.0,2.97,0.7,1.4512
2009-02-07,0.0,8.86,1.227,1.4101
2009-02-08,0.0,12.12,1.528,1.3782
2009-02-09,0.0,13.19,1.639,1.3599
2009-02-10,0.0,12.94,1.631,1.3325
2009-02-11,13.75,11.62,1.524,1.3553
2009-02-12,0.0,13.21,1.685,2.2269
2009-02-13,0.0,10.94,1.487,1.6839
2009-02-14,0.0,9.64,1.378,1.5059
2009-02-15,0.0,8.1,1.244,1.442
2009-02-16,0.0,5.71,1.027,1.3827
2009-02-17,14.25,2.63,0.738,1.3371
2009-02-18,10.66,5.04,0.98,1.766
2009-02-19,0.0,5.61,1.045,2.3684
2009-02-20,0.0,0.89,0.585,1.8573
2009-02-21,0.0,2.23,0.725,1.652
2009-02-22,0.0,0.7,0.577,1.5653
2009-02-23,0.0,2.11,0.726,1.4785
2009-02-24,0.0,1.69,0.689,1.4329
2009-02-25,1.11,5.19,1.058,1.4055
2009-02-26,0.0,8.98,1.464,1.3873
2009-02-27,31.11,9.48,1.53,1.4466
2009-02-28,11.04,9.87,1.584,2.3639
2009-03-01,16.55,4.8,1.053,3.3404
2009-03-02,0.0,1.76,0.732,3.2994
2009-03-03,0.0,-0.43,0.5,2.5327
2009-03-04,0.0,2.66,0.845,2.2041
2009-03-05,0.0,6.66,1.296,2.017
2009-03-06,0.0,9.46,1.621,1.8984
2009-03-07,0.0,15.14,2.277,1.8162
2009-03-08,0.0,16.0,2.394,1.7295
2009-03-09,0.0,18.42,2.691,1.6565
2009-03-10,0.0,18.09,2.675,1.5789
2009-03-11,0.0,17.54,2.632,1.5242
2009-03-12,0.0,11.86,1.985,1.4877
2009-03-13,10.73,7.58,1.493,1.4466
2009-03-14,37.54,4.91,1.185,1.8071
2009-03-15,4.92,8.48,1.625,4.0751
2009-03-16,3.94,9.06,1.707,3.9017
2009-03-17,0.0,13.07,2.211,3.167
2009-03-18,0.0,12.48,2.155,2.6924
2009-03-19,0.0,13.96,2.354,2.4323
2009-03-20,0.0,10.22,1.904,2.2726
2009-03-21,0.0,7.12,1.527,2.1174
2009-03-22,0.0,10.43,1.959,2.0033
2009-03-23,0.0,12.16,2.193,1.9349
2009-03-24,8.42,12.39,2.239,1.8573
2009-03-25,17.88,7.74,1.651,2.195
2009-03-26,14.27,10.27,1.993,3.7739
2009-03-27,43.89,12.1,2.247,5.7043
2009-03-28,22.04,13.14,2.399,8.2142
2009-03-29,0.0,9.56,1.938,8.1229
2009-03-30,0.0,10.22,2.039,5.9324
2009-03-31,11.52,9.42,1.945,4.9741
2009-04-01,9.89,12.71,2.403,4.9285
2009-04-02,11.52,13.17,2.48,4.9285
2009-04-03,0.0,13.44,2.533,5.6586
2009-04-04,0.0,13.89,2.609,5.0654
2009-04-05,1.29,14.45,2.703,4.5041
2009-04-06,0.0,8.89,1.942,4.1801
2009-04-07,0.83,5.4,1.462,3.888
2009-04-08,0.0,8.22,1.868,3.6827
2009-04-09,0.0,12.06,2.425,3.5275
2009-04-10,40.82,11.53,2.363,4.1253
2009-04-11,0.0,13.56,2.666,5.5674
2009-04-12,10.35,10.26,2.205,4.244
2009-04-13,6.3,9.12,2.05,4.1664
2009-04-14,4.45,14.98,2.915,4.6091
2009-04-15,0.0,13.38,2.696,4.6547
2009-04-16,0.0,12.72,2.61,4.0934
2009-04-17,0.0,13.08,2.677,3.7739
2009-04-18,0.0,14.55,2.908,3.5595
2009-04-19,32.07,12.94,2.681,3.4682
2009-04-20,0.84,15.16,3.027,5.8412
2009-04-21,0.0,12.52,2.641,4.746
2009-04-22,0.0,11.94,2.566,4.1892
2009-04-23,0.0,17.28,3.387,3.8789
2009-04-24,0.0,20.46,3.887,3.7603
2009-04-25,0.0,21.85,4.116,3.4865
2009-04-26,0.0,19.98,3.843,3.3176
2009-04-27,0.0,18.18,3.581,3.2035
2009-04-28,0.0,18.19,3.596,3.1031
2009-04-29,0.0,18.99,3.734,3.0164
2009-04-30,0.87,18.16,3.617,2.8613
2009-05-01,0.98,19.24,3.799,2.8339
2009-05-02,23.91,19.3,3.821,2.9388
2009-05-03,9.5,20.16,3.971,3.6325
2009-05-04,32.85,17.61,3.581,4.066
2009-05-05,0.0,20.7,4.081,4.5269
2009-05-06,22.56,18.88,3.805,4.2987
2009-05-07,0.0,21.08,4.167,4.5634
2009-05-08,13.78,18.64,3.789,4.0751
2009-05-09,0.94,20.89,4.161,4.0569
2009-05-10,0.0,21.08,4.203,3.5868
2009-05-11,0.43,16.07,3.405,3.345
2009-05-12,0.0,15.5,3.322,3.2263
2009-05-13,0.64,15.84,3.386,3.0255
2009-05-14,0.0,19.63,4.011,3.0529
2009-05-15,12.22,21.01,4.246,3.0347
2009-05-16,5.71,19.63,4.031,6.617
2009-05-17,3.68,17.42,3.676,6.5713
2009-05-18,0.0,12.44,2.867,5.0198
2009-05-19,0.0,12.93,2.953,4.2212
2009-05-20,0.0,15.98,3.461,3.8059
2009-05-21,0.0,18.7,3.919,3.5458
2009-05-22,0.0,20.27,4.187,3.3815
2009-05-23,9.91,20.51,4.232,3.24
2009-05-24,17.43,21.68,4.436,3.6234
2009-05-25,59.56,22.78,4.625,4.9741
2009-05-26,45.29,21.78,4.467,13.1883
2009-05-27,8.28,21.45,4.418,9.6745
2009-05-28,15.46,22.17,4.545,8.4423
2009-05-29,0.0,21.36,4.414,8.1229
2009-05-30,0.0,20.0,4.193,6.2519
2009-05-31,0.0,21.85,4.509,5.4761
2009-06-01,0.0,21.98,4.536,5.0198
2009-06-02,0.0,22.95,4.704,4.7003
2009-06-03,0.0,22.52,4.638,4.422
2009-06-04,30.54,19.53,4.137,4.3581
2009-06-05,7.58,21.44,4.463,5.3392
2009-06-06,0.0,20.7,4.342,4.6091
2009-06-07,0.0,22.1,4.583,4.1618
2009-06-08,0.0,22.62,4.675,3.9474
2009-06-09,0.0,23.54,4.833,3.888
2009-06-10,1.94,23.44,4.82,3.7192
2009-06-11,3.91,23.48,4.829,3.6188
2009-06-12,0.0,24.11,4.937,3.564
2009-06-13,0.0,23.98,4.916,3.3359
2009-06-14,0.0,23.18,4.782,3.2035
2009-06-15,0.0,23.96,4.917,3.094
2009-06-16,0.0,24.08,4.938,3.0347
2009-06-17,29.2,24.38,4.99,3.0027
2009-06-18,0.0,24.51,5.013,3.3222
2009-06-19,0.0,25.67,5.21,2.9343
2009-06-20,0.0,26.46,5.344,2.7381
2009-06-21,1.52,26.88,5.415,2.7015
2009-06-22,0.0,25.08,5.11,2.7654
2009-06-23,0.0,24.54,5.016,2.5692
2009-06-24,0.0,24.53,5.013,2.414
2009-06-25,0.0,25.39,5.158,2.3958
2009-06-26,2.38,25.26,5.134,2.3228
2009-06-27,0.0,26.54,5.348,2.2269
2009-06-28,0.0,26.02,5.258,2.1174
2009-06-29,0.0,24.74,5.037,2.0581
2009-06-30,0.0,22.96,4.733,1.9486
2009-07-01,0.0,23.3,4.788,1.9029
2009-07-02,0.0,22.6,4.665,1.8527
2009-07-03,0.0,21.9,4.544,1.7934
2009-07-04,0.0,22.12,4.578,1.7295
2009-07-05,4.65,22.38,4.615,1.725
2009-07-06,0.0,24.9,5.037,1.8254
2009-07-07,5.2,23.72,4.832,1.9668
2009-07-08,0.0,22.2,4.57,2.0444
2009-07-09,0.0,22.42,4.603,2.0353
2009-07-10,0.0,22.95,4.686,1.7295
2009-07-11,0.0,22.9,4.672,1.6474
2009-07-12,3.39,23.28,4.729,1.6246
2009-07-13,0.0,24.1,4.859,1.8847
2009-07-14,0.0,23.86,4.81,1.7889
2009-07-15,0.0,24.05,4.835,1.547
2009-07-16,0.0,25.15,5.01,1.4877
2009-07-17,0.0,24.76,4.936,1.5516
2009-07-18,0.0,20.76,4.266,1.442
2009-07-19,0.0,19.23,4.005,1.3599
2009-07-20,0.0,20.58,4.22,1.3325
2009-07-21,0.0,21.02,4.285,1.3097
2009-07-22,3.29,21.46,4.348,1.2823
2009-07-23,0.0,23.66,4.7,1.3553
2009-07-24,0.0,22.94,4.572,1.3097
2009-07-25,7.01,24.26,4.776,1.223
2009-07-26,0.0,24.66,4.829,1.1728
2009-07-27,6.77,24.15,4.736,1.1545
2009-07-28,21.46,24.34,4.754,1.1774
2009-07-29,5.57,23.06,4.536,1.6063
2009-07-30,6.3,24.56,4.766,1.7113
2009-07-31,4.37,24.4,4.727,1.6565
2009-08-01,5.37,24.67,4.757,1.4375
2009-08-02,0.37,24.3,4.685,1.3645
2009-08-03,0.0,23.62,4.562,1.3553
2009-08-04,0.0,24.47,4.683,1.2184
2009-08-05,0.01,24.78,4.719,1.1637
2009-08-06,0.0,23.72,4.536,1.1911
2009-08-07,0.0,23.93,4.555,1.1317
2009-08-08,0.0,25.25,4.747,1.0815
2009-08-09,0.0,26.1,4.864,1.0496
2009-08-10,0.0,26.46,4.904,1.0085
2009-08-11,0.74,26.53,4.896,0.9811
2009-08-12,6.16,22.86,4.311,0.9948
2009-08-13,1.33,23.78,4.436,1.1226
2009-08-14,0.0,23.87,4.433,1.1865
2009-08-15,0.0,24.66,4.536,1.0313
2009-08-16,11.06,24.01,4.42,0.9903
2009-08-17,8.95,24.16,4.426,1.5835
2009-08-18,12.24,24.18,4.411,1.3416
2009-08-19,20.89,24.83,4.489,1.296
2009-08-20,15.74,24.92,4.484,1.5014
2009-08-21,3.85,24.58,4.412,1.7478
2009-08-22,0.0,24.28,4.348,1.4466
2009-08-23,0.0,22.26,4.03,1.1454
2009-08-24,0.0,22.26,4.012,1.0678
2009-08-25,0.0,23.12,4.117,1.0907
2009-08-26,0.0,24.01,4.227,1.0496
2009-08-27,7.02,23.84,4.183,0.9766
2009-08-28,14.0,21.66,3.848,1.077
2009-08-29,0.0,22.48,3.946,1.369
2009-08-30,13.41,22.1,3.871,1.1226
2009-08-31,0.0,19.89,3.536,1.2458
2009-09-01,0.0,20.49,3.602,1.3553
2009-09-02,0.0,20.12,3.531,1.1226
2009-09-03,0.0,19.52,3.427,1.0222
2009-09-04,0.0,20.8,3.585,0.9857
2009-09-05,0.06,21.12,3.609,0.9583
2009-09-06,0.0,22.42,3.767,0.9127
2009-09-07,0.0,23.15,3.844,0.8853
2009-09-08,8.1,22.16,3.686,0.8899
2009-09-09,19.85,20.26,3.408,1.0907
2009-09-10,0.0,18.37,3.134,1.0359
2009-09-11,0.0,20.83,3.442,0.9309
2009-09-12,0.0,22.01,3.576,0.8944
2009-09-13,0.0,21.62,3.502,0.8488
2009-09-14,0.0,21.95,3.522,0.8305
2009-09-15,32.8,19.7,3.206,0.8944
2009-09-16,23.46,21.86,3.464,1.7432
2009-09-17,2.52,20.48,3.263,2.989
2009-09-18,9.68,20.96,3.302,2.1859
2009-09-19,57.16,21.46,3.342,2.1174
2009-09-20,117.67,19.87,3.119,32.2634
2009-09-21,78.11,20.04,3.118,29.1603
2009-09-22,0.0,22.68,3.422,17.2041
2009-09-23,0.0,22.12,3.329,8.853
2009-09-24,0.0,22.9,3.399,6.4344
2009-09-25,35.24,24.22,3.534,5.3848
2009-09-26,44.47,18.58,2.83,8.1685
2009-09-27,0.0,19.31,2.895,9.7201
2009-09-28,0.0,19.51,2.897,6.2975
2009-09-29,0.0,16.39,2.508,5.111
2009-09-30,0.0,15.5,2.385,4.4722
2009-10-01,0.0,14.98,2.307,4.0569
2009-10-02,6.6,14.95,2.285,3.7648
2009-10-03,0.0,16.5,2.442,3.5914
2009-10-04,28.41,14.66,2.216,3.2765
2009-10-05,0.96,12.96,2.008,4.1938
2009-10-06,9.62,16.46,2.379,3.8561
2009-10-07,0.0,19.73,2.719,3.5732
2009-10-08,1.24,15.88,2.276,3.2263
2009-10-09,8.15,18.39,2.528,2.9936
2009-10-10,3.6,18.14,2.481,3.4454
2009-10-11,0.0,18.11,2.457,3.021
2009-10-12,31.48,14.6,2.065,3.847
2009-10-13,18.23,16.22,2.217,4.495
2009-10-14,11.8,12.94,1.858,4.4858
2009-10-15,6.67,11.32,1.676,5.0654
2009-10-16,0.55,13.46,1.88,4.8372
2009-10-17,1.05,8.09,1.321,4.2029
2009-10-18,0.0,7.28,1.229,3.8059
2009-10-19,0.0,7.54,1.243,3.4682
2009-10-20,0.0,10.94,1.568,3.313
2009-10-21,0.0,12.97,1.751,3.0986
2009-10-22,0.0,13.3,1.768,2.9297
2009-10-23,36.75,14.63,1.88,2.9343
2009-10-24,0.0,16.0,1.993,6.3888
2009-10-25,0.0,11.12,1.517,5.0654
2009-10-26,2.0,11.87,1.573,4.2349
2009-10-27,50.0,10.86,1.467,5.111
2009-10-28,0.0,15.92,1.918,8.2598
2009-10-29,0.0,15.54,1.866,5.8868
2009-10-30,9.61,13.6,1.676,5.111
2009-10-31,15.12,15.68,1.846,5.7043
2009-11-01,0.0,14.1,1.691,7.2558
2009-11-02,0.0,12.41,1.528,5.9781
2009-11-03,0.0,13.92,1.647,5.2936
2009-11-04,0.0,11.66,1.437,4.8829
2009-11-05,0.0,11.92,1.448,4.6091
2009-11-06,0.0,9.69,1.247,4.3672
2009-11-07,0.0,11.42,1.382,4.1892
2009-11-08,0.0,14.32,1.613,4.0341
2009-11-09,9.01,12.58,1.455,3.8835
2009-11-10,88.81,11.93,1.39,4.746
2009-11-11,2.09,13.17,1.48,14.2379
2009-11-12,0.0,12.66,1.427,8.4423
2009-11-13,0.0,15.04,1.608,6.5713
2009-11-14,0.0,15.02,1.594,5.8412
2009-11-15,0.0,16.2,1.675,5.4305
2009-11-16,0.0,13.72,1.468,5.1567
2009-11-17,51.51,11.32,1.27,4.9285
2009-11-18,2.08,10.7,1.214,9.1268
2009-11-19,0.0,13.98,1.458,7.7122
2009-11-20,0.0,11.94,1.292,6.4801
2009-11-21,0.0,9.86,1.125,5.8868
2009-11-22,14.03,6.59,0.872,5.7043
2009-11-23,0.0,9.6,1.092,5.7499
2009-11-24,0.13,9.68,1.091,5.3848
2009-11-25,0.0,11.78,1.24,5.1567
2009-11-26,0.0,8.07,0.96,4.9741
2009-11-27,0.0,7.58,0.918,4.7916
2009-11-28,0.0,9.65,1.064,4.6091
2009-11-29,0.0,11.44,1.188,4.5178
2009-11-30,4.97,9.48,1.041,4.4265
2009-12-01,35.35,4.96,0.713,4.3216
2009-12-02,51.51,6.12,0.792,9.1268
2009-12-03,0.0,9.38,1.02,10.0395
2009-12-04,0.91,4.49,0.67,6.8908
2009-12-05,0.58,3.98,0.631,6.0693
2009-12-06,0.0,0.22,0.365,5.5674
2009-12-07,0.0,3.82,0.616,5.2936
2009-12-08,61.94,4.12,0.635,5.2936
2009-12-09,0.0,10.7,1.09,12.0931
2009-12-10,0.0,3.86,0.613,8.3054
2009-12-11,0.0,-0.01,0.344,6.7995
2009-12-12,14.1,0.52,0.38,6.2519
2009-12-13,4.74,5.44,0.718,6.8908
2009-12-14,2.94,9.94,1.025,6.8451
2009-12-15,0.0,10.28,1.047,6.2519
2009-12-16,0.0,4.73,0.666,5.8412
2009-12-17,3.01,2.98,0.545,5.5674
2009-12-18,44.14,1.35,0.434,6.3888
2009-12-19,0.0,4.78,0.668,8.5792
2009-12-20,0.0,2.84,0.535,6.7082
2009-12-21,0.0,3.1,0.553,6.115
2009-12-22,0.0,3.63,0.59,5.7955
2009-12-23,0.0,4.65,0.66,5.5674
2009-12-24,47.75,5.14,0.693,5.3848
2009-12-25,15.28,5.43,0.714,11.1804
2009-12-26,0.0,3.0,0.548,9.3094
2009-12-27,0.0,4.51,0.653,7.4384
2009-12-28,0.0,1.88,0.474,6.7539
2009-12-29,0.0,2.25,0.5,6.2975
2009-12-30,5.21,1.13,0.424,5.9781
2009-12-31,3.44,3.78,0.609,5.9781
2010-01-01,0.0,4.56,0.665,5.8868
2010-01-02,0.0,-2.48,0.176,5.5674
2010-01-03,0.0,-3.42,0.11,5.3848
2010-01-04,0.0,-3.26,0.123,5.2023
2010-01-05,0.0,-3.44,0.11,5.0654
2010-01-06,0.0,-1.4,0.255,4.9285
2010-01-07,0.85,-0.57,0.315,4.8372
2010-01-08,0.0,-5.25,0.0,4.746
2010-01-09,0.0,-4.93,0.005,4.6091
2010-01-10,0.0,-3.52,0.107,4.495
2010-01-11,0.0,-1.15,0.28,4.39
2010-01-12,0.0,-0.6,0.321,4.3672
2010-01-13,0.0,1.09,0.447,4.2577
2010-01-14,0.0,3.55,0.631,4.1847
2010-01-15,0.0,6.44,0.85,4.1345
2010-01-16,55.74,4.88,0.738,4.0934
2010-01-17,4.0,7.63,0.949,8.8074
2010-01-18,0.0,11.08,1.217,6.9364
2010-01-19,0.0,9.94,1.138,5.6586
2010-01-20,11.71,11.28,1.248,5.2479
2010-01-21,18.52,7.49,0.965,6.0237
2010-01-22,1.71,8.02,1.013,6.5257
2010-01-23,8.39,4.73,0.762,5.7043
2010-01-24,62.38,8.46,1.063,7.484
2010-01-25,0.0,7.16,0.967,16.9303
2010-01-26,0.0,1.88,0.551,9.0812
2010-01-27,0.0,3.2,0.663,7.5296
2010-01-28,0.0,6.32,0.922,6.8451
2010-01-29,25.57,2.9,0.649,6.4344
2010-01-30,9.68,-0.04,0.41,6.7082
2010-01-31,0.0,1.3,0.526,6.115
2010-02-01,7.77,2.73,0.65,5.9324
2010-02-02,3.18,2.8,0.662,6.2519
2010-02-03,0.0,6.0,0.941,6.4801
2010-02-04,52.27,1.36,0.548,6.0237
2010-02-05,28.07,2.63,0.664,13.1427
2010-02-06,0.0,3.61,0.756,13.0514
2010-02-07,0.0,3.56,0.758,9.0812
2010-02-08,0.0,2.55,0.674,7.8947
2010-02-09,10.14,1.66,0.6,7.3927
2010-02-10,0.0,-1.85,0.286,7.2102
2010-02-11,0.0,1.55,0.601,6.7082
2010-02-12,4.04,-0.72,0.395,6.4344
2010-02-13,0.0,-1.33,0.343,6.2519
2010-02-14,6.22,-0.06,0.466,5.9781
2010-02-15,0.98,0.71,0.542,6.0237
2010-02-16,0.0,-2.14,0.274,5.7499
2010-02-17,0.0,-0.4,0.445,5.5674
2010-02-18,0.0,3.29,0.808,5.4305
2010-02-19,0.0,5.76,1.06,5.2936
2010-02-20,0.0,7.24,1.216,5.1567
2010-02-21,17.56,8.37,1.34,5.0654
2010-02-22,0.0,8.06,1.32,5.3848
2010-02-23,0.0,8.34,1.36,5.2936
2010-02-24,0.0,4.64,0.991,5.111
2010-02-25,0.0,-1.36,0.378,4.9285
2010-02-26,0.0,1.07,0.636,4.7916
2010-02-27,0.0,4.0,0.951,4.7003
2010-02-28,0.0,4.27,0.988,4.6091
2010-03-01,4.07,4.64,1.037,4.4858
2010-03-02,12.07,0.59,0.606,4.5634
2010-03-03,0.0,3.36,0.914,4.5543
2010-03-04,0.0,3.95,0.987,4.3398
2010-03-05,0.0,4.35,1.039,4.2257
2010-03-06,0.0,6.22,1.259,4.1071
2010-03-07,0.0,6.94,1.349,4.0523
2010-03-08,0.0,10.85,1.807,4.0067
2010-03-09,0.0,12.4,1.999,3.9702
2010-03-10,6.3,8.91,1.612,3.9565
2010-03-11,15.93,10.55,1.816,4.1299
2010-03-12,16.26,11.0,1.884,4.746
2010-03-13,1.86,8.44,1.595,5.2023
2010-03-14,1.8,6.78,1.408,4.6547
2010-03-15,0.0,9.22,1.713,4.3124
2010-03-16,0.0,10.22,1.848,4.0934
2010-03-17,0.65,7.59,1.541,3.9702
2010-03-18,0.0,12.08,2.105,3.8926
2010-03-19,0.0,13.76,2.33,3.7603
2010-03-20,0.0,13.65,2.333,3.6416
2010-03-21,21.8,9.12,1.779,3.7146
2010-03-22,0.0,5.32,1.311,5.7955
2010-03-23,0.0,9.41,1.842,4.6547
2010-03-24,0.0,12.68,2.275,4.2394
2010-03-25,1.86,11.48,2.136,4.0204
2010-03-26,0.0,11.27,2.123,3.961
2010-03-27,7.15,8.78,1.81,3.7283
2010-03-28,16.98,9.07,1.861,4.1664
2010-03-29,0.0,10.7,2.089,4.7916
2010-03-30,0.0,12.98,2.408,4.1938
2010-03-31,0.0,15.45,2.757,3.9519
2010-04-01,0.0,17.75,3.087,3.7876
2010-04-02,0.0,19.62,3.362,3.6553
2010-04-03,0.0,19.26,3.333,3.5549
2010-04-04,0.0,19.94,3.447,3.4591
2010-04-05,0.0,21.74,3.716,3.3815
2010-04-06,0.0,21.99,3.773,3.2994
2010-04-07,0.0,20.19,3.541,3.2126
2010-04-08,23.64,15.63,2.917,3.418
2010-04-09,0.0,13.22,2.59,4.0158
2010-04-10,0.0,12.42,2.49,3.3359
2010-04-11,0.0,14.42,2.79,3.199
2010-04-12,0.0,16.23,3.066,3.1123
2010-04-13,0.0,17.19,3.221,3.0073
2010-04-14,0.0,16.49,3.136,2.9388
2010-04-15,0.0,17.12,3.244,2.8795
2010-04-16,0.0,19.63,3.63,2.8248
2010-04-17,0.0,18.76,3.517,2.7654
2010-04-18,0.0,13.94,2.817,2.6924
2010-04-19,0.0,12.84,2.665,2.6011
2010-04-20,5.42,10.34,2.303,2.6331
2010-04-21,0.0,13.92,2.853,2.7654
2010-04-22,0.0,15.0,3.029,2.551
2010-04-23,4.15,18.34,3.549,2.4825
2010-04-24,91.44,15.3,3.1,3.2765
2010-04-25,0.0,19.57,3.766,12.0018
2010-04-26,0.0,15.64,3.177,6.0237
2010-04-27,0.46,13.04,2.786,4.4858
2010-04-28,0.0,11.88,2.618,3.8287
2010-04-29,0.0,13.16,2.827,3.4773
2010-04-30,0.01,16.73,3.393,3.2765
2010-05-01,6.55,16.44,3.361,3.1259
2010-05-02,26.52,22.9,4.387,3.2355
2010-05-03,11.58,21.18,4.132,5.2936
2010-05-04,0.0,21.14,4.139,5.0198
2010-05-05,0.0,20.81,4.099,3.9747
2010-05-06,0.0,21.93,4.291,3.5732
2010-05-07,0.0,21.92,4.302,3.3359
2010-05-08,0.0,19.31,3.896,3.1123
2010-05-09,0.0,14.53,3.139,2.8384
2010-05-10,4.58,11.42,2.647,2.7289
2010-05-11,1.08,12.68,2.858,2.8476
2010-05-12,0.35,19.75,4.01,2.8065
2010-05-13,0.0,22.18,4.415,2.6696
2010-05-14,0.0,22.8,4.527,2.5464
2010-05-15,15.05,22.94,4.56,3.0986
2010-05-16,9.27,21.44,4.327,5.111
2010-05-17,0.0,21.68,4.375,4.0067
2010-05-18,0.0,19.89,4.09,3.4089
2010-05-19,0.0,18.04,3.793,3.0255
2010-05-20,2.8,17.7,3.747,2.7426
2010-05-21,6.87,17.05,3.646,2.7472
2010-05-22,0.0,21.51,4.391,2.7517
2010-05-23,0.0,22.7,4.596,2.5418
2010-05-24,3.16,20.54,4.245,2.3912
2010-05-25,0.0,21.56,4.423,2.4551
2010-05-26,0.0,21.78,4.467,2.3456
2010-05-27,12.31,23.14,4.701,2.7837
2010-05-28,24.73,23.04,4.691,2.5464
2010-05-29,18.53,22.24,4.562,2.9525
2010-05-30,32.9,21.71,4.48,2.9297
2010-05-31,40.42,22.18,4.564,6.2519
2010-06-01,3.05,22.94,4.698,8.0773
2010-06-02,4.08,22.92,4.699,5.613
2010-06-03,7.63,23.57,4.814,7.6665
2010-06-04,4.2,22.86,4.698,7.5296
2010-06-05,5.99,24.57,4.992,5.4761
2010-06-06,2.17,23.72,4.852,4.3079
2010-06-07,0.0,21.14,4.421,3.9656
2010-06-08,0.0,21.35,4.459,3.6599
2010-06-09,10.37,23.2,4.775,3.4865
2010-06-10,0.0,24.42,4.984,3.3359
2010-06-11,0.0,25.78,5.219,3.199
2010-06-12,0.0,25.56,5.184,3.199
2010-06-13,0.0,26.61,5.364,3.0255
2010-06-14,10.6,26.61,5.365,2.9252
2010-06-15,7.83,26.71,5.384,3.4363
2010-06-16,0.0,25.24,5.136,3.3678
2010-06-17,0.0,25.47,5.176,3.0438
2010-06-18,0.0,24.28,4.975,2.875
2010-06-19,6.6,25.33,5.153,2.8065
2010-06-20,0.0,26.22,5.303,2.7883
2010-06-21,0.0,25.48,5.178,2.77
2010-06-22,7.13,25.76,5.224,2.8248
2010-06-23,0.0,26.02,5.268,2.8567
2010-06-24,0.0,26.7,5.383,2.8567
2010-06-25,22.07,26.65,5.371,2.8248
2010-06-26,10.01,25.78,5.222,3.0119
2010-06-27,9.7,26.22,5.295,2.9936
2010-06-28,3.36,26.15,5.28,2.875
2010-06-29,0.0,25.52,5.171,2.665
2010-06-30,0.0,24.35,4.969,2.4323
2010-07-01,0.0,24.52,4.995,2.2771
2010-07-02,0.0,23.24,4.774,2.2133
2010-07-03,0.0,23.18,4.76,2.1129
2010-07-04,0.0,22.81,4.693,2.0216
2010-07-05,0.0,22.73,4.675,1.9303
2010-07-06,0.0,23.17,4.745,1.8254
2010-07-07,0.0,25.24,5.088,1.7478
2010-07-08,0.0,26.85,5.353,1.7067
2010-07-09,4.24,26.54,5.294,1.6383
2010-07-10,0.0,25.88,5.178,1.6793
2010-07-11,3.19,25.8,5.158,1.6246
2010-07-12,2.32,25.24,5.057,1.6611
2010-07-13,8.07,26.43,5.248,1.7204
2010-07-14,0.0,25.91,5.153,1.7158
2010-07-15,0.0,26.33,5.214,1.5561
2010-07-16,10.02,26.1,5.168,2.2863
2010-07-17,8.52,24.92,4.963,2.2543
2010-07-18,21.09,24.96,4.961,1.9121
2010-07-19,0.0,25.72,5.078,1.9166
2010-07-20,0.0,26.06,5.125,1.5881
2010-07-21,0.0,26.97,5.264,1.4877
2010-07-22,0.0,27.05,5.266,1.4192
2010-07-23,0.0,28.08,5.424,1.3827
2010-07-24,0.0,28.27,5.443,1.3645
2010-07-25,6.11,28.39,5.45,1.3051
2010-07-26,9.1,28.02,5.377,1.3188
2010-07-27,0.0,27.77,5.324,1.2732
2010-07-28,1.3,26.76,5.148,1.2869
2010-07-29,0.0,26.98,5.17,1.3782
2010-07-30,0.0,27.65,5.263,1.2732
2010-07-31,1.48,25.11,4.841,1.1911
2010-08-01,1.57,25.04,4.817,1.2914
2010-08-02,0.0,23.72,4.593,1.2595
2010-08-03,0.0,26.6,5.038,1.2595
2010-08-04,0.0,28.29,5.291,1.2002
2010-08-05,2.48,27.64,5.172,1.1819
2010-08-06,14.82,26.13,4.917,1.8847
2010-08-07,0.0,24.78,4.688,2.0855
2010-08-08,0.0,25.67,4.813,1.3143
2010-08-09,0.0,26.36,4.903,1.2413
2010-08-10,0.0,27.27,5.029,1.2869
2010-08-11,10.34,27.51,5.048,1.1911
2010-08-12,0.0,27.97,5.101,1.976
2010-08-13,0.0,28.04,5.094,1.3371
2010-08-14,0.0,25.17,4.633,1.2093
2010-08-15,6.15,27.26,4.935,1.2184
2010-08-16,2.72,26.09,4.737,1.3006
2010-08-17,3.41,25.26,4.592,1.328
2010-08-18,1.03,27.01,4.837,1.223
2010-08-19,3.0,26.49,4.74,1.1682
2010-08-20,20.47,25.62,4.587,1.2093
2010-08-21,56.69,23.85,4.304,2.1585
2010-08-22,0.0,26.9,4.737,3.9245
2010-08-23,0.0,25.78,4.55,1.798
2010-08-24,0.0,23.96,4.261,1.3873
2010-08-25,0.0,23.77,4.213,1.2914
2010-08-26,3.56,24.05,4.234,1.2002
2010-08-27,26.38,24.34,4.256,1.2595
2010-08-28,0.0,24.11,4.201,2.9936
2010-08-29,0.0,23.8,4.135,1.652
2010-08-30,0.0,23.44,4.061,1.3234
2010-08-31,0.0,23.74,4.083,1.1956
2010-09-01,0.0,23.93,4.088,1.1089
2010-09-02,0.0,24.18,4.102,1.0587
2010-09-03,0.0,24.4,4.11,1.004
2010-09-04,0.0,20.92,3.603,0.9583
2010-09-05,0.0,19.16,3.339,0.9127
2010-09-06,0.0,20.66,3.524,0.8944
2010-09-07,0.0,22.3,3.728,0.8762
2010-09-08,0.0,23.08,3.811,0.8762
2010-09-09,0.0,22.92,3.768,0.8762
2010-09-10,5.47,23.28,3.791,0.8534
2010-09-11,20.52,22.12,3.613,0.9081
2010-09-12,0.0,22.88,3.691,1.2047
2010-09-13,0.0,20.34,3.333,0.9766
2010-09-14,0.0,21.91,3.517,0.8579
2010-09-15,0.0,22.62,3.585,0.8214
2010-09-16,0.0,22.38,3.53,0.794
2010-09-17,0.0,24.24,3.744,0.7895
2010-09-18,0.0,23.24,3.593,0.7667
2010-09-19,0.0,23.64,3.618,0.7438
2010-09-20,0.0,24.0,3.637,0.7438
2010-09-21,0.0,24.2,3.636,0.7301
2010-09-22,12.91,24.01,3.586,0.7165
2010-09-23,0.0,23.79,3.534,0.8534
2010-09-24,0.0,23.16,3.431,0.7667
2010-09-25,16.32,23.78,3.48,0.7301
2010-09-26,37.07,18.92,2.871,1.1409
2010-09-27,23.28,18.46,2.794,3.0529
2010-09-28,0.0,17.82,2.697,3.1442
2010-09-29,27.52,16.79,2.556,1.5698
2010-09-30,0.0,18.04,2.68,2.9754
2010-10-01,0.0,18.61,2.726,1.8573
2010-10-02,0.0,15.58,2.357,1.2914
2010-10-03,0.0,13.9,2.148,1.1226
2010-10-04,0.0,12.44,1.965,1.0176
2010-10-05,0.0,11.81,1.879,0.9492
2010-10-06,0.0,12.56,1.947,0.9172
2010-10-07,0.0,15.97,2.305,0.8853
2010-10-08,0.0,16.8,2.377,0.8579
2010-10-09,0.0,17.83,2.468,0.8397
2010-10-10,0.0,19.02,2.576,0.8214
2010-10-11,0.0,19.63,2.619,0.7986
2010-10-12,3.5,19.02,2.531,0.7895
2010-10-13,0.0,18.1,2.414,0.7758
2010-10-14,0.0,16.34,2.211,0.7712
2010-10-15,0.0,13.63,1.913,0.753
2010-10-16,0.0,13.05,1.838,0.7347
2010-10-17,0.0,14.96,2.014,0.7301
2010-10-18,0.0,14.23,1.924,0.7301
2010-10-19,1.06,16.42,2.124,0.7301
2010-10-20,0.0,16.08,2.073,0.721
2010-10-21,0.0,15.58,2.006,0.7073
2010-10-22,0.0,14.44,1.878,0.6891
2010-10-23,0.0,14.27,1.846,0.6799
2010-10-24,7.88,15.12,1.91,0.6754
2010-10-25,22.4,15.4,1.919,0.8397
2010-10-26,43.09,20.52,2.38,1.4101
2010-10-27,23.08,21.1,2.414,8.0316
2010-10-28,0.0,18.74,2.176,5.7499
2010-10-29,0.0,14.22,1.746,2.8978
2010-10-30,0.0,12.08,1.538,2.0262
2010-10-31,0.0,14.28,1.722,1.6565
2010-11-01,0.0,12.22,1.524,1.4557
2010-11-02,0.0,10.5,1.361,1.3325
2010-11-03,6.12,9.34,1.247,1.2778
2010-11-04,0.0,10.52,1.339,1.3234
2010-11-05,0.0,6.12,0.951,1.2686
2010-11-06,0.0,4.41,0.799,1.1637
2010-11-07,0.0,5.52,0.886,1.118
2010-11-08,0.0,11.32,1.363,1.0907
2010-11-09,0.0,13.89,1.564,1.0678
2010-11-10,0.0,14.38,1.591,1.0268
2010-11-11,0.0,13.82,1.534,1.004
2010-11-12,0.0,12.76,1.436,0.9766
2010-11-13,0.0,11.83,1.35,0.9629
2010-11-14,2.83,10.76,1.254,0.9446
2010-11-15,13.47,8.86,1.095,0.9857
2010-11-16,10.43,13.18,1.426,1.369
2010-11-17,0.0,10.43,1.201,2.2406
2010-11-18,0.0,9.04,1.085,1.4512
2010-11-19,0.0,9.0,1.075,1.2549
2010-11-20,0.0,10.44,1.178,1.1682
2010-11-21,0.0,11.48,1.249,1.118
2010-11-22,0.0,13.56,1.397,1.0861
2010-11-23,2.26,14.49,1.457,1.0633
2010-11-24,0.37,11.66,1.238,1.0587
2010-11-25,3.3,12.36,1.282,1.0222
2010-11-26,0.0,11.17,1.188,1.045
2010-11-27,0.0,5.66,0.779,1.0587
2010-11-28,0.0,3.17,0.593,0.9857
2010-11-29,58.79,4.69,0.7,0.9948
2010-11-30,65.6,10.92,1.144,9.7657
2010-12-01,0.0,3.0,0.572,16.839
2010-12-02,0.0,3.03,0.572,6.3888
2010-12-03,0.0,5.33,0.732,4.5634
2010-12-04,2.93,3.51,0.601,3.7466
2010-12-05,0.0,2.55,0.531,3.2948
2010-12-06,0.0,-0.73,0.299,2.77
2010-12-07,0.0,-2.0,0.21,2.4871
2010-12-08,0.0,-3.53,0.102,2.2771
2010-12-09,0.0,-1.01,0.277,2.1266
2010-12-10,0.0,1.54,0.452,1.9851
2010-12-11,15.04,3.59,0.593,1.9166
2010-12-12,0.0,1.35,0.438,2.2041
2010-12-13,0.0,-5.7,0.0,1.9851
2010-12-14,0.0,-4.82,0.012,1.8117
2010-12-15,5.12,-4.22,0.053,1.8299
2010-12-16,6.11,2.09,0.485,1.8299
2010-12-17,0.0,6.0,0.752,2.0992
2010-12-18,0.0,4.17,0.627,1.9121
2010-12-19,0.0,3.86,0.605,1.8026
2010-12-20,0.0,2.64,0.521,1.6702
2010-12-21,3.69,2.83,0.535,1.6109
2010-12-22,0.0,9.36,0.981,1.6063
2010-12-23,0.0,3.8,0.602,1.5789
2010-12-24,0.0,2.72,0.528,1.4877
2010-12-25,11.41,-0.45,0.311,1.4922
2010-12-26,0.0,-1.84,0.217,1.5424
2010-12-27,0.0,-1.43,0.245,1.401
2010-12-28,0.0,0.83,0.401,1.369
2010-12-29,0.0,1.15,0.424,1.3599
2010-12-30,0.0,2.66,0.53,1.3325
2010-12-31,21.47,7.2,0.846,1.3325
2011-01-01,31.38,8.83,0.962,1.6748
2011-01-02,0.0,10.32,1.069,4.1253
2011-01-03,0.0,1.36,0.445,2.7563
2011-01-04,0.0,4.12,0.641,2.2178
2011-01-05,6.53,3.44,0.596,1.9897
2011-01-06,0.0,3.46,0.6,2.0033
2011-01-07,0.56,4.24,0.657,1.8117
2011-01-08,0.0,0.65,0.404,1.7295
2011-01-09,16.99,-4.49,0.037,1.5607
2011-01-10,4.95,-4.75,0.018,1.6565
2011-01-11,0.0,-1.05,0.287,1.6565
2011-01-12,0.0,-3.64,0.099,1.5014
2011-01-13,0.0,-3.36,0.12,1.369
2011-01-14,0.0,-2.1,0.214,1.369
2011-01-15,0.0,0.99,0.445,1.3964
2011-01-16,0.0,4.88,0.738,1.4147
2011-01-17,1.82,2.82,0.588,1.4329
2011-01-18,3.39,3.71,0.659,1.474
2011-01-19,0.0,6.75,0.895,1.6109
2011-01-20,0.0,4.04,0.693,1.5789
2011-01-21,0.0,2.0,0.541,1.4922
2011-01-22,0.0,0.77,0.449,1.4101
2011-01-23,0.75,1.83,0.535,1.3645
2011-01-24,0.0,3.35,0.659,1.328
2011-01-25,15.64,1.24,0.496,1.3234
2011-01-26,0.0,3.51,0.682,1.7752
2011-01-27,0.0,3.84,0.714,1.9303
2011-01-28,0.0,5.03,0.817,1.5972
2011-01-29,0.0,8.46,1.104,1.4968
2011-01-30,0.0,11.23,1.343,1.4512
2011-01-31,12.06,6.12,0.928,1.401
2011-02-01,41.19,4.94,0.836,1.4922
2011-02-02,0.0,6.92,1.011,5.7043
2011-02-03,10.92,2.2,0.615,3.7694
2011-02-04,16.17,1.28,0.542,3.2902
2011-02-05,0.0,6.12,0.967,4.7003
2011-02-06,0.0,4.94,0.872,3.9063
2011-02-07,0.0,3.22,0.727,3.2765
2011-02-08,0.0,2.45,0.665,2.8841
2011-02-09,2.23,-0.18,0.434,2.5646
2011-02-10,0.0,1.54,0.594,2.4597
2011-02-11,0.0,2.59,0.695,2.2954
2011-02-12,0.0,4.36,0.865,2.1539
2011-02-13,0.0,7.36,1.154,2.0353
2011-02-14,0.0,10.58,1.467,1.9623
2011-02-15,0.0,7.88,1.223,1.8801
2011-02-16,0.0,8.54,1.298,1.8026
2011-02-17,0.0,11.02,1.549,1.7706
2011-02-18,0.0,14.36,1.889,1.725
2011-02-19,0.0,14.91,1.96,1.6565
2011-02-20,0.0,9.18,1.409,1.5881
2011-02-21,0.0,12.97,1.801,1.5516
2011-02-22,0.0,13.52,1.873,1.5196
2011-02-23,0.0,7.46,1.271,1.4603
2011-02-24,7.38,8.96,1.436,1.442
2011-02-25,0.0,12.79,1.847,1.6748
2011-02-26,0.0,7.74,1.334,1.6246
2011-02-27,0.0,13.68,1.973,1.474
2011-02-28,23.99,14.77,2.107,1.5516
2011-03-01,0.0,10.67,1.684,2.3319
2011-03-02,0.0,10.47,1.677,1.7797
2011-03-03,0.0,9.3,1.564,1.5926
2011-03-04,20.97,6.04,1.217,1.5333
2011-03-05,74.92,9.3,1.591,2.0262
2011-03-06,6.55,9.65,1.643,20.1703
2011-03-07,0.0,6.11,1.257,9.4006
2011-03-08,27.79,7.12,1.381,5.7955
2011-03-09,51.56,7.1,1.39,10.9522
2011-03-10,0.0,8.67,1.584,13.3708
2011-03-11,0.0,6.56,1.35,8.7618
2011-03-12,0.0,10.71,1.849,6.7995
2011-03-13,0.0,13.81,2.232,5.8868
2011-03-14,16.2,13.43,2.205,5.2936
2011-03-15,13.68,7.59,1.517,5.8412
2011-03-16,0.0,11.77,2.037,5.7955
2011-03-17,0.0,13.3,2.24,5.0654
2011-03-18,0.0,17.2,2.736,4.7003
2011-03-19,2.11,19.32,3.021,4.4265
2011-03-20,0.0,14.51,2.441,4.1892
2011-03-21,0.0,18.84,3.005,3.9793
2011-03-22,0.0,20.11,3.187,3.8105
2011-03-23,1.85,17.72,2.904,3.6781
2011-03-24,0.0,13.53,2.385,3.6644
2011-03-25,13.93,9.37,1.863,3.4363
2011-03-26,45.57,6.2,1.462,5.0198
2011-03-27,8.33,8.46,1.768,7.2558
2011-03-28,4.26,6.2,1.482,5.9324
2011-03-29,19.8,8.82,1.839,5.2936
2011-03-30,1.06,8.78,1.846,6.0693
2011-03-31,0.29,10.73,2.121,5.613
2011-04-01,0.0,7.72,1.726,4.9741
2011-04-02,0.0,10.74,2.149,4.6091
2011-04-03,0.0,14.6,2.691,4.2851
2011-04-04,31.27,17.19,3.066,4.1253
2011-04-05,0.0,9.77,2.053,5.9781
2011-04-06,0.0,10.36,2.148,4.9741
2011-04-07,0.0,14.08,2.682,4.5132
2011-04-08,0.0,16.34,3.018,4.244
2011-04-09,0.0,21.49,3.766,4.066
2011-04-10,0.0,22.17,3.883,3.8698
2011-04-11,5.25,20.3,3.635,3.7283
2011-04-12,0.0,14.06,2.753,3.7055
2011-04-13,0.0,15.46,2.97,3.5184
2011-04-14,0.0,14.94,2.91,3.3861
2011-04-15,53.31,13.86,2.766,3.3952
2011-04-16,0.0,14.37,2.854,12.8232
2011-04-17,0.0,13.45,2.732,7.3015
2011-04-18,0.0,15.36,3.029,5.6586
2011-04-19,0.0,19.9,3.72,5.0654
2011-04-20,7.71,19.08,3.614,4.746
2011-04-21,4.36,20.48,3.842,4.7003
2011-04-22,1.09,13.99,2.875,4.7916
2011-04-23,0.0,18.14,3.518,4.4356
2011-04-24,0.0,20.82,3.942,4.1573
2011-04-25,13.74,19.89,3.815,3.9839
2011-04-26,0.0,20.59,3.938,4.2714
2011-04-27,21.67,21.33,4.068,3.9337
2011-04-28,0.0,18.43,3.633,6.2975
2011-04-29,0.0,15.02,3.115,4.9741
2011-04-30,0.0,15.68,3.23,4.4265
2011-05-01,0.0,16.29,3.337,4.0569
2011-05-02,0.0,18.74,3.733,3.888
2011-05-03,16.48,19.8,3.915,3.8378
2011-05-04,0.0,12.02,2.696,4.3991
2011-05-05,0.0,9.98,2.379,3.7603
2011-05-06,0.0,12.06,2.718,3.6188
2011-05-07,0.0,14.85,3.172,3.4773
2011-05-08,0.0,18.56,3.775,3.3632
2011-05-09,0.0,20.45,4.091,3.2583
2011-05-10,0.0,22.84,4.487,3.167
2011-05-11,10.35,22.99,4.523,3.0757
2011-05-12,0.0,22.66,4.482,3.1761
2011-05-13,1.91,21.66,4.33,2.9388
2011-05-14,1.6,20.02,4.074,2.8476
2011-05-15,0.0,16.52,3.513,2.7609
2011-05-16,0.0,13.65,3.051,2.6605
2011-05-17,0.0,12.89,2.934,2.6742
2011-05-18,0.0,13.14,2.98,2.592
2011-05-19,0.0,16.42,3.527,2.5008
2011-05-20,0.0,18.98,3.956,2.4095
2011-05-21,0.0,21.74,4.421,2.3639
2011-05-22,0.0,23.79,4.769,2.2726
2011-05-23,0.0,23.44,4.718,2.1768
2011-05-24,0.0,23.84,4.794,2.1037
2011-05-25,0.0,23.9,4.811,2.0262
2011-05-26,37.73,22.45,4.578,2.0718
2011-05-27,1.85,19.98,4.171,2.8932
2011-05-28,0.0,22.12,4.537,2.3593
2011-05-29,0.0,23.64,4.798,2.049
2011-05-30,0.0,24.86,5.009,1.9395
2011-05-31,0.0,26.0,5.206,1.8619
2011-06-01,0.0,27.05,5.388,1.7934
2011-06-02,0.0,26.9,5.369,1.7569
2011-06-03,0.0,25.14,5.078,1.7158
2011-06-04,0.0,24.95,5.051,1.6474
2011-06-05,0.0,25.53,5.154,1.5972
2011-06-06,0.0,24.28,4.948,1.5379
2011-06-07,0.0,24.7,5.021,1.5333
2011-06-08,0.0,25.28,5.123,1.547
2011-06-09,0.0,25.4,5.148,1.6474
2011-06-10,6.2,24.49,4.997,2.09
2011-06-11,0.0,24.93,5.074,1.7158
2011-06-12,12.04,24.48,4.999,1.652
2011-06-13,0.0,23.96,4.913,1.652
2011-06-14,0.0,22.64,4.691,1.4375
2011-06-15,15.28,21.13,4.437,1.3918
2011-06-16,0.0,22.36,4.647,1.7797
2011-06-17,0.0,20.99,4.415,1.4922
2011-06-18,13.78,23.2,4.791,1.4329
2011-06-19,0.0,24.58,5.025,1.474
2011-06-20,0.0,26.07,5.278,1.3508
2011-06-21,17.24,26.84,5.408,1.3462
2011-06-22,33.5,25.39,5.162,1.2869
2011-06-23,15.9,22.32,4.638,3.0849
2011-06-24,32.16,23.5,4.838,2.8202
2011-06-25,0.0,23.64,4.861,2.3821
2011-06-26,4.92,24.11,4.938,1.7752
2011-06-27,3.93,24.99,5.086,1.6109
2011-06-28,0.0,25.09,5.1,1.5151
2011-06-29,0.0,24.98,5.078,1.5516
2011-06-30,0.0,24.66,5.021,1.4192
2011-07-01,0.0,25.34,5.132,1.3462
2011-07-02,0.0,25.76,5.201,1.3371
2011-07-03,0.0,25.76,5.195,1.3918
2011-07-04,3.09,25.39,5.129,1.6155
2011-07-05,3.39,24.7,5.007,1.4694
2011-07-06,3.9,24.94,5.043,2.4916
2011-07-07,4.28,24.78,5.011,1.5926
2011-07-08,5.33,25.46,5.119,2.8293
2011-07-09,0.0,26.55,5.296,2.1676
2011-07-10,0.0,26.32,5.25,1.9258
2011-07-11,0.0,27.68,5.473,1.6474
2011-07-12,0.0,27.39,5.416,1.4603
2011-07-13,13.3,27.74,5.466,1.3782
2011-07-14,6.59,25.93,5.156,1.3097
2011-07-15,3.38,20.64,4.267,1.3599
2011-07-16,0.0,21.96,4.479,1.4055
2011-07-17,0.0,23.12,4.664,1.3143
2011-07-18,0.0,25.51,5.051,1.2367
2011-07-19,2.47,26.16,5.149,1.2595
2011-07-20,4.92,27.51,5.363,1.2823
2011-07-21,0.0,27.69,5.382,1.3234
2011-07-22,0.0,27.54,5.346,1.2413
2011-07-23,0.0,27.7,5.361,1.1591
2011-07-24,9.23,26.94,5.225,1.1089
2011-07-25,1.18,26.44,5.131,1.1956
2011-07-26,0.0,26.78,5.175,1.2869
2011-07-27,0.0,27.32,5.251,1.1774
2011-07-28,0.0,26.92,5.174,1.0496
2011-07-29,0.0,27.02,5.177,0.9857
2011-07-30,0.0,27.88,5.301,0.9446
2011-07-31,4.81,27.34,5.199,1.1819
2011-08-01,0.0,26.88,5.111,1.1043
2011-08-02,0.0,27.94,5.266,1.0268
2011-08-03,0.0,27.27,5.144,0.9264
2011-08-04,0.0,27.94,5.236,0.8853
2011-08-05,0.0,27.35,5.126,0.9903
2011-08-06,0.0,27.46,5.127,1.0176
2011-08-07,4.49,28.29,5.241,0.9857
2011-08-08,0.0,28.48,5.254,0.8716
2011-08-09,0.0,27.12,5.024,0.8397
2011-08-10,0.0,27.33,5.038,0.7895
2011-08-11,0.0,27.12,4.988,0.753
2011-08-12,4.27,26.15,4.82,0.7438
2011-08-13,4.24,25.72,4.736,0.8169
2011-08-14,0.0,26.38,4.82,0.9492
2011-08-15,0.0,22.36,4.185,0.8944
2011-08-16,0.0,22.74,4.227,0.7621
2011-08-17,0.0,23.3,4.295,0.7256
2011-08-18,9.05,24.27,4.423,0.7301
2011-08-19,0.0,24.98,4.512,0.9172
2011-08-20,0.0,25.5,4.569,0.8853
2011-08-21,0.0,25.73,4.584,0.8716
2011-08-22,0.0,26.01,4.605,0.8169
2011-08-23,0.0,22.15,4.014,0.7119
2011-08-24,0.0,23.1,4.134,0.6799
2011-08-25,0.0,24.73,4.354,0.6663
2011-08-26,0.0,25.45,4.438,0.6663
2011-08-27,0.0,25.66,4.447,0.6708
2011-08-28,0.0,24.48,4.255,0.6389
2011-08-29,0.0,23.5,4.092,0.6024
2011-08-30,0.0,23.22,4.03,0.5887
2011-08-31,0.0,24.84,4.24,0.5887
2011-09-01,0.0,25.36,4.289,0.5841
2011-09-02,5.26,26.72,4.458,0.575
2011-09-03,0.0,25.8,4.305,0.6024
2011-09-04,10.03,24.46,4.095,0.5841
2011-09-05,38.38,21.21,3.622,0.7073
2011-09-06,0.05,20.58,3.513,3.0575
2011-09-07,0.0,18.02,3.143,1.7204
2011-09-08,0.0,19.32,3.302,1.1774
2011-09-09,0.0,19.27,3.274,0.9629
2011-09-10,0.0,19.93,3.343,0.8442
2011-09-11,0.0,20.32,3.374,0.7712
2011-09-12,0.0,21.0,3.442,0.7347
2011-09-13,0.0,22.25,3.585,0.7073
2011-09-14,0.0,23.08,3.669,0.6845
2011-09-15,0.0,21.7,3.467,0.6526
2011-09-16,0.0,15.24,2.61,0.6343
2011-09-17,0.0,16.52,2.756,0.6298
2011-09-18,0.0,17.08,2.809,0.6298
2011-09-19,0.89,16.24,2.684,0.6298
2011-09-20,19.87,17.94,2.878,0.6389
2011-09-21,6.24,20.86,3.221,0.8534
2011-09-22,26.01,21.08,3.224,1.0724
2011-09-23,0.0,22.57,3.384,5.5217
2011-09-24,0.0,21.02,3.17,2.6833
2011-09-25,2.95,21.56,3.211,1.3234
2011-09-26,9.43,21.38,3.167,1.0359
2011-09-27,0.0,21.84,3.197,1.077
2011-09-28,0.0,19.11,2.85,0.9081
2011-09-29,0.0,19.33,2.853,0.8032
2011-09-30,0.0,17.17,2.58,0.753
2011-10-01,0.0,11.62,1.919,0.6982
2011-10-02,0.0,12.15,1.964,0.6663
2011-10-03,0.0,12.87,2.03,0.648
2011-10-04,0.0,15.21,2.277,0.6298
2011-10-05,0.0,17.12,2.472,0.6206
2011-10-06,0.0,16.77,2.414,0.6115
2011-10-07,0.0,16.6,2.374,0.6024
2011-10-08,0.0,16.25,2.317,0.5887
2011-10-09,0.0,16.08,2.279,0.5841
2011-10-10,5.24,16.48,2.303,0.5796
2011-10-11,12.75,14.82,2.106,0.6024
2011-10-12,2.89,18.08,2.433,0.7028
2011-10-13,6.77,17.34,2.335,0.7073
2011-10-14,0.0,16.68,2.245,0.6982
2011-10-15,0.0,16.06,2.162,0.6298
2011-10-16,0.0,17.74,2.315,0.575
2011-10-17,0.0,18.64,2.387,0.5659
2011-10-18,19.14,17.7,2.271,0.575
2011-10-19,10.86,11.92,1.678,0.7119
2011-10-20,0.0,7.64,1.243,0.9036
2011-10-21,0.0,9.1,1.374,0.7028
2011-10-22,0.0,10.05,1.454,0.6298
2011-10-23,0.0,11.16,1.547,0.6115
2011-10-24,0.0,14.56,1.857,0.5978
2011-10-25,0.0,14.95,1.877,0.5841
2011-10-26,0.0,15.04,1.869,0.5704
2011-10-27,0.0,15.51,1.896,0.5567
2011-10-28,8.37,11.04,1.47,0.5567
2011-10-29,0.0,8.78,1.252,0.6206
2011-10-30,0.0,6.54,1.04,0.6252
2011-10-31,0.0,7.52,1.118,0.5796
2011-11-01,0.0,9.44,1.278,0.5659
2011-11-02,0.0,9.48,1.27,0.5567
2011-11-03,18.51,8.69,1.191,0.5704
2011-11-04,0.0,10.7,1.355,0.8899
2011-11-05,0.0,8.25,1.134,0.8123
2011-11-06,0.0,9.5,1.23,0.6526
2011-11-07,0.0,12.2,1.448,0.6161
2011-11-08,0.0,12.42,1.454,0.5932
2011-11-09,0.85,11.49,1.365,0.5887
2011-11-10,0.0,9.9,1.224,0.5841
2011-11-11,0.0,5.36,0.844,0.5659
2011-11-12,0.0,8.29,1.074,0.5522
2011-11-13,0.0,8.92,1.117,0.5522
2011-11-14,0.0,12.24,1.373,0.5522
2011-11-15,31.67,16.37,1.688,0.5567
2011-11-16,15.35,17.26,1.746,1.547
2011-11-17,0.0,10.57,1.212,2.5236
2011-11-18,0.0,3.16,0.631,1.2047
2011-11-19,0.6,4.77,0.751,0.9401
2011-11-20,2.57,10.84,1.208,0.8579
2011-11-21,0.0,16.46,1.625,0.8169
2011-11-22,16.27,17.19,1.67,0.794
2011-11-23,0.0,13.71,1.399,1.5105
2011-11-24,0.0,9.3,1.062,1.2184
2011-11-25,0.0,10.46,1.142,0.9629
2011-11-26,0.0,10.45,1.135,0.867
2011-11-27,45.28,14.74,1.442,0.826
2011-11-28,51.73,12.78,1.292,9.8114
2011-11-29,0.0,3.38,0.605,14.9224
2011-11-30,0.0,5.41,0.748,5.3392
2011-12-01,0.0,5.95,0.783,3.6416
2011-12-02,0.0,8.35,0.95,2.8932
2011-12-03,0.0,7.15,0.862,2.3821
2011-12-04,0.0,7.28,0.867,2.0535
2011-12-05,9.27,10.62,1.099,1.9075
2011-12-06,32.99,14.31,1.353,2.3593
2011-12-07,4.17,11.85,1.177,8.9443
2011-12-08,0.0,4.54,0.664,6.1606
2011-12-09,0.0,5.08,0.7,4.3489
2011-12-10,0.0,5.54,0.73,3.4773
2011-12-11,0.0,2.68,0.531,2.8978
2011-12-12,0.51,3.31,0.572,2.551
2011-12-13,0.0,11.48,1.133,2.3182
2011-12-14,0.0,12.96,1.233,2.0855
2011-12-15,0.22,11.34,1.12,1.9075
2011-12-16,1.47,12.4,1.191,1.8117
2011-12-17,0.0,8.05,0.892,1.7569
2011-12-18,0.0,5.84,0.741,1.5561
2011-12-19,0.0,6.54,0.789,1.4557
2011-12-20,15.15,6.22,0.766,1.4101
2011-12-21,10.88,12.26,1.179,2.1676
2011-12-22,42.3,14.02,1.299,3.3404
2011-12-23,0.0,11.26,1.112,10.5871
2011-12-24,0.0,6.7,0.8,5.0198
2011-12-25,0.0,4.93,0.68,3.815
2011-12-26,30.31,5.98,0.753,3.2583
2011-12-27,9.99,4.31,0.64,5.0198
2011-12-28,0.0,5.01,0.689,5.2023
2011-12-29,0.0,4.95,0.687,4.0797
2011-12-30,0.0,4.58,0.663,3.5321
2011-12-31,0.0,8.44,0.932,3.3039
2012-01-01,1.47,9.66,1.02,2.948
2012-01-02,0.0,2.04,0.491,2.6787
2012-01-03,0.0,-3.64,0.095,2.5327
2012-01-04,0.0,0.97,0.42,2.3958
2012-01-05,0.0,5.24,0.723,2.2498
2012-01-06,0.0,10.03,1.065,2.0627
2012-01-07,4.5,10.02,1.069,1.9714
2012-01-08,4.38,10.5,1.108,1.9258
2012-01-09,1.31,10.53,1.115,1.9349
2012-01-10,19.9,11.38,1.182,1.944
2012-01-11,21.33,11.81,1.22,4.1345
2012-01-12,0.74,8.46,0.982,6.2975
2012-01-13,0.0,-1.54,0.253,3.8561
2012-01-14,0.0,1.48,0.479,3.1898
2012-01-15,0.0,3.53,0.633,2.8293
2012-01-16,0.0,3.26,0.617,2.551
2012-01-17,30.33,6.51,0.865,2.551
2012-01-18,0.0,5.76,0.814,4.2349
2012-01-19,6.2,2.05,0.537,3.4682
2012-01-20,24.09,3.96,0.687,3.3678
2012-01-21,7.53,9.04,1.085,4.4722
2012-01-22,12.13,7.4,0.965,4.5178
2012-01-23,14.19,6.32,0.887,5.2023
2012-01-24,0.0,10.88,1.254,6.1606
2012-01-25,6.32,9.3,1.138,5.4305
2012-01-26,9.92,9.6,1.17,4.8372
2012-01-27,0.0,11.07,1.298,4.3854
2012-01-28,0.0,7.06,0.982,3.9565
2012-01-29,0.0,3.42,0.692,3.5321
2012-01-30,0.0,6.49,0.951,3.2857
2012-01-31,0.0,8.49,1.125,3.0575
2012-02-01,9.05,8.4,1.128,2.9388
2012-02-02,0.0,12.73,1.504,3.2355
2012-02-03,7.67,8.14,1.124,2.8065
2012-02-04,15.04,7.06,1.041,2.7244
2012-02-05,0.0,13.23,1.586,3.2309
2012-02-06,0.0,8.18,1.157,2.8613
2012-02-07,0.15,7.34,1.093,2.6285
2012-02-08,0.0,6.68,1.044,2.5144
2012-02-09,0.0,4.16,0.825,2.373
2012-02-10,0.0,4.27,0.843,2.2817
2012-02-11,0.0,1.08,0.557,2.2087
2012-02-12,0.0,-1.14,0.357,2.0353
2012-02-13,1.1,1.53,0.61,1.9851
2012-02-14,0.9,0.45,0.513,1.9851
2012-02-15,2.32,8.54,1.287,1.9395
2012-02-16,3.65,8.49,1.293,1.9349
2012-02-17,0.0,10.62,1.511,1.9714
2012-02-18,5.24,9.78,1.442,1.8254
2012-02-19,9.53,6.67,1.149,1.9212
2012-02-20,0.0,5.68,1.06,2.2543
2012-02-21,0.0,5.15,1.017,1.9166
2012-02-22,8.92,10.41,1.558,1.8436
2012-02-23,0.0,14.6,1.999,1.9075
2012-02-24,0.0,14.96,2.054,1.8208
2012-02-25,0.0,5.68,1.109,1.6565
2012-02-26,0.0,4.63,1.008,1.5926
2012-02-27,0.0,9.4,1.521,1.5698
2012-02-28,6.48,11.81,1.791,1.5561
2012-02-29,4.32,11.67,1.792,1.6291
2012-03-01,14.36,17.9,2.483,1.6976
2012-03-02,52.83,14.19,2.098,1.6611
2012-03-03,0.0,12.39,1.917,4.1755
2012-03-04,0.0,5.72,1.192,3.1898
2012-03-05,0.0,5.98,1.231,2.4962
2012-03-06,0.0,5.18,1.151,2.1996
2012-03-07,0.0,7.82,1.461,2.0672
2012-03-08,13.65,14.58,2.25,2.017
2012-03-09,0.0,13.65,2.161,2.4962
2012-03-10,0.0,8.92,1.626,2.1996
2012-03-11,2.74,9.3,1.683,1.9805
2012-03-12,8.67,8.92,1.652,1.9623
2012-03-13,0.0,17.64,2.708,2.1266
2012-03-14,0.0,18.42,2.822,2.0079
2012-03-15,5.0,18.37,2.837,1.8664
2012-03-16,4.37,18.07,2.822,1.9623
2012-03-17,1.98,18.24,2.865,1.9075
2012-03-18,0.0,19.18,3.003,1.8801
2012-03-19,0.0,19.99,3.127,1.8391
2012-03-20,1.72,19.88,3.135,1.7204
2012-03-21,1.81,18.34,2.963,1.652
2012-03-22,6.28,18.86,3.049,1.6063
2012-03-23,9.5,18.8,3.064,2.0535
2012-03-24,0.65,18.1,2.994,3.0575
2012-03-25,0.0,14.88,2.594,2.5646
2012-03-26,0.0,18.7,3.113,2.1631
2012-03-27,0.0,15.34,2.691,1.9531
2012-03-28,0.0,16.84,2.908,1.8345
2012-03-29,0.0,18.9,3.202,1.7797
2012-03-30,14.52,18.63,3.186,1.725
2012-03-31,0.0,19.14,3.275,2.4506
2012-04-01,0.0,19.64,3.364,2.1083
2012-04-02,0.0,22.04,3.714,1.8482
2012-04-03,10.46,19.6,3.4,1.7615
2012-04-04,0.0,19.52,3.408,1.976
2012-04-05,21.29,18.77,3.323,1.766
2012-04-06,0.0,13.97,2.667,2.3547
2012-04-07,0.0,13.49,2.614,2.1402
2012-04-08,0.0,15.78,2.955,1.8756
2012-04-09,0.0,15.84,2.978,1.7387
2012-04-10,0.0,14.9,2.86,1.6337
2012-04-11,0.0,11.33,2.359,1.5698
2012-04-12,0.0,8.47,1.955,1.4922
2012-04-13,0.0,11.35,2.386,1.4694
2012-04-14,0.0,13.48,2.709,1.4329
2012-04-15,0.0,16.25,3.131,1.4147
2012-04-16,0.0,17.48,3.327,1.3918
2012-04-17,30.74,19.72,3.677,1.4512
2012-04-18,7.64,13.41,2.751,5.6586
2012-04-19,0.0,15.33,3.051,4.5315
2012-04-20,0.0,15.92,3.155,3.2674
2012-04-21,7.83,17.75,3.444,2.7928
2012-04-22,0.0,15.32,3.09,2.8704
2012-04-23,0.0,9.57,2.224,2.3639
2012-04-24,0.0,10.24,2.336,2.1402
2012-04-25,0.0,15.73,3.19,2.0353
2012-04-26,17.77,18.18,3.581,2.0992
2012-04-27,0.0,20.61,3.971,3.523
2012-04-28,0.0,19.44,3.804,2.5875
2012-04-29,0.0,20.84,4.035,2.2771
2012-04-30,0.0,22.0,4.232,2.0718
2012-05-01,0.0,22.58,4.337,1.9395
2012-05-02,0.0,22.79,4.386,1.8482
2012-05-03,0.51,21.93,4.264,1.7022
2012-05-04,2.12,21.97,4.284,1.6291
2012-05-05,0.0,22.86,4.439,1.5835
2012-05-06,4.54,21.37,4.214,1.5014
2012-05-07,12.54,20.1,4.022,1.4466
2012-05-08,6.57,21.78,4.304,2.4779
2012-05-09,5.25,16.81,3.515,2.2452
2012-05-10,0.0,15.59,3.328,1.7889
2012-05-11,0.0,15.34,3.297,1.5561
2012-05-12,13.93,15.74,3.369,1.474
2012-05-13,41.45,16.1,3.436,1.7158
2012-05-14,3.58,19.52,4.003,4.2714
2012-05-15,0.0,19.87,4.069,3.1259
2012-05-16,0.0,20.14,4.122,2.4825
2012-05-17,5.32,20.02,4.111,2.4871
2012-05-18,0.0,19.39,4.016,2.3821
2012-05-19,0.0,20.11,4.143,1.9942
2012-05-20,0.0,20.12,4.153,1.8071
2012-05-21,0.0,20.48,4.22,1.6702
2012-05-22,2.72,20.03,4.153,1.7113
2012-05-23,4.66,18.9,3.972,1.9942
2012-05-24,0.0,21.14,4.353,1.9258
2012-05-25,0.0,22.94,4.66,1.6428
2012-05-26,0.0,24.1,4.861,1.5105
2012-05-27,0.0,23.46,4.759,1.4192
2012-05-28,4.7,24.18,4.888,1.3508
2012-05-29,5.95,21.97,4.523,1.3918
2012-05-30,0.0,24.2,4.904,1.3827
2012-05-31,5.82,21.16,4.397,1.2686
2012-06-01,2.99,19.22,4.076,1.3188
2012-06-02,0.0,16.52,3.626,1.2869
2012-06-03,12.24,18.72,4.0,1.1728
2012-06-04,18.56,20.24,4.261,1.2869
2012-06-05,0.78,19.45,4.131,1.7113
2012-06-06,0.0,18.02,3.892,1.5196
2012-06-07,0.0,20.13,4.253,1.3051
2012-06-08,0.0,21.0,4.403,1.2732
2012-06-09,4.55,21.01,4.407,1.1819
2012-06-10,15.02,18.54,3.991,1.1637
2012-06-11,5.2,21.32,4.464,1.4375
2012-06-12,3.66,24.57,5.017,1.7387
2012-06-13,10.68,23.51,4.838,1.4192
2012-06-14,9.62,22.17,4.613,1.3234
2012-06-15,0.0,21.48,4.496,1.4147
2012-06-16,0.0,20.34,4.305,1.2595
2012-06-17,0.0,21.44,4.492,1.1682
2012-06-18,0.0,22.24,4.628,1.1089
2012-06-19,0.0,22.48,4.669,1.0678
2012-06-20,0.0,23.34,4.813,1.0268
2012-06-21,0.0,24.53,5.016,0.9811
2012-06-22,9.78,25.22,5.132,0.9674
2012-06-23,8.01,24.84,5.065,1.4284
2012-06-24,0.0,25.33,5.147,1.15
2012-06-25,0.0,26.08,5.272,1.1135
2012-06-26,0.0,24.14,4.942,0.9903
2012-06-27,0.0,21.52,4.495,0.9172
2012-06-28,0.0,24.88,5.062,0.867
2012-06-29,0.0,28.2,5.62,0.8397
2012-06-30,0.0,29.28,5.799,0.8032
2012-07-01,27.33,29.08,5.761,0.7803
2012-07-02,0.0,25.5,5.152,1.4831
2012-07-03,8.01,26.58,5.329,1.1637
2012-07-04,8.1,26.02,5.229,1.0085
2012-07-05,5.76,27.14,5.413,0.972
2012-07-06,2.6,26.12,5.237,0.9994
2012-07-07,0.0,26.54,5.3,0.9401
2012-07-08,0.0,27.26,5.416,0.8397
2012-07-09,0.0,26.92,5.351,1.2047
2012-07-10,15.21,26.08,5.203,1.328
2012-07-11,9.11,23.85,4.824,2.6742
2012-07-12,16.87,21.64,4.449,2.697
2012-07-13,32.69,24.04,4.842,2.1311
2012-07-14,0.0,25.14,5.017,5.4761
2012-07-15,5.63,24.74,4.943,3.9884
2012-07-16,4.19,25.7,5.092,2.6742
2012-07-17,1.91,25.76,5.093,2.0581
2012-07-18,16.61,26.51,5.207,2.1448
2012-07-19,0.0,25.6,5.047,1.8345
2012-07-20,0.0,25.06,4.95,1.725
2012-07-21,0.0,24.87,4.908,1.5014
2012-07-22,0.0,25.86,5.061,2.2726
2012-07-23,0.0,26.19,5.103,1.4831
2012-07-24,0.0,27.21,5.258,1.2869
2012-07-25,0.0,27.49,5.292,1.1728
2012-07-26,0.0,27.4,5.264,1.0861
2012-07-27,0.0,27.14,5.208,1.0131
2012-07-28,0.0,26.96,5.165,0.9811
2012-07-29,0.0,25.14,4.859,0.9127
2012-07-30,2.56,25.84,4.958,0.8716
2012-07-31,5.62,21.86,4.307,0.8762
2012-08-01,0.0,25.8,4.924,0.9811
2012-08-02,0.0,25.43,4.851,0.8944
2012-08-03,28.89,24.7,4.721,0.8397
2012-08-04,10.99,23.34,4.49,1.9623
2012-08-05,3.21,25.45,4.81,1.1272
2012-08-06,22.46,25.78,4.847,1.1043
2012-08-07,27.55,24.47,4.624,2.4506
2012-08-08,0.51,25.28,4.735,3.7876
2012-08-09,6.58,24.36,4.576,3.199
2012-08-10,9.21,24.29,4.548,2.0946
2012-08-11,0.0,23.8,4.457,1.8436
2012-08-12,0.0,21.98,4.159,1.5744
2012-08-13,1.43,21.84,4.123,1.3416
2012-08-14,9.22,22.58,4.22,1.2413
2012-08-15,0.0,23.26,4.305,1.1774
2012-08-16,0.0,23.11,4.266,1.077
2012-08-17,0.0,22.16,4.105,1.0085
2012-08-18,13.99,22.43,4.128,0.9948
2012-08-19,6.09,21.32,3.944,1.1545
2012-08-20,0.0,21.83,4.002,1.2093
2012-08-21,0.0,21.36,3.914,0.9903
2012-08-22,0.0,21.58,3.93,0.9583
2012-08-23,4.18,22.42,4.035,0.9264
2012-08-24,0.0,22.99,4.1,0.9857
2012-08-25,0.0,22.48,4.005,0.9355
2012-08-26,0.0,23.44,4.125,1.0587
2012-08-27,0.0,23.06,4.05,0.9629
2012-08-28,24.42,21.85,3.855,0.9355
2012-08-29,7.38,24.48,4.211,1.0587
2012-08-30,0.0,23.77,4.087,0.9766
2012-08-31,0.0,25.53,4.315,0.9401
2012-09-01,0.0,25.38,4.27,0.8716
2012-09-02,11.16,25.12,4.209,0.972
2012-09-03,17.67,24.42,4.089,1.8664
2012-09-04,2.76,21.96,3.725,3.2948
2012-09-05,0.0,24.72,4.082,2.8932
2012-09-06,0.0,25.56,4.173,1.8893
2012-09-07,0.0,24.66,4.026,1.4603
2012-09-08,0.0,23.74,3.878,1.2595
2012-09-09,0.0,20.0,3.353,1.1454
2012-09-10,0.0,19.03,3.202,1.0359
2012-09-11,0.0,19.42,3.234,0.9811
2012-09-12,0.0,20.76,3.389,0.9538
2012-09-13,0.0,19.23,3.166,0.9127
2012-09-14,0.0,20.34,3.289,0.8807
2012-09-15,0.0,21.56,3.425,0.8625
2012-09-16,5.21,21.2,3.356,0.8442
2012-09-17,28.36,21.06,3.315,0.9264
2012-09-18,26.98,20.54,3.227,6.7082
2012-09-19,0.0,18.43,2.939,5.5674
2012-09-20,0.0,18.84,2.968,3.0621
2012-09-21,0.0,19.97,3.087,2.2954
2012-09-22,0.0,20.81,3.168,1.8756
2012-09-23,0.0,17.2,2.704,1.5789
2012-09-24,0.0,14.46,2.354,1.3873
2012-09-25,0.0,16.14,2.537,1.296
2012-09-26,0.0,18.62,2.814,1.2413
2012-09-27,0.0,20.06,2.962,1.1911
2012-09-28,5.83,20.43,2.982,1.1409
2012-09-29,7.85,19.21,2.817,1.1226
2012-09-30,31.82,17.09,2.55,1.1089
2012-10-01,71.07,16.02,2.408,1.6656
2012-10-02,0.0,19.74,2.811,12.0474
2012-10-03,0.0,18.77,2.679,6.4344
2012-10-04,0.0,19.66,2.756,4.4585
2012-10-05,0.0,18.3,2.583,3.637
2012-10-06,0.0,18.6,2.594,3.2035
2012-10-07,0.26,15.8,2.268,2.9069
2012-10-08,0.0,11.38,1.771,2.7015
2012-10-09,0.0,12.36,1.861,2.5327
2012-10-10,0.0,12.93,1.906,2.3912
2012-10-11,0.0,13.23,1.921,2.2315
2012-10-12,0.0,15.06,2.096,2.0992
2012-10-13,0.0,14.4,2.01,2.0125
2012-10-14,12.76,15.05,2.059,1.9121
2012-10-15,0.0,17.3,2.271,2.8567
2012-10-16,0.0,13.42,1.86,2.7335
2012-10-17,0.95,13.99,1.9,2.1539
2012-10-18,2.39,13.48,1.833,2.0307
2012-10-19,0.0,13.4,1.81,2.0627
2012-10-20,0.0,13.13,1.767,1.8893
2012-10-21,0.0,13.66,1.803,1.7934
2012-10-22,0.0,15.4,1.954,1.7204
2012-10-23,0.0,16.87,2.076,1.6839
2012-10-24,0.0,17.52,2.119,1.6337
2012-10-25,0.0,16.48,2.003,1.5926
2012-10-26,0.0,18.07,2.133,1.5698
2012-10-27,0.0,17.04,2.02,1.5561
2012-10-28,1.84,13.02,1.637,1.5287
2012-10-29,0.0,8.52,1.217,1.4512
2012-10-30,0.0,6.21,1.001,1.4055
2012-10-31,0.0,9.43,1.278,1.4055
2012-11-01,0.0,8.06,1.146,1.3873
2012-11-02,0.0,11.24,1.413,1.3599
2012-11-03,0.0,14.78,1.706,1.3462
2012-11-04,0.0,13.32,1.568,1.3325
2012-11-05,3.41,9.02,1.19,1.3188
2012-11-06,2.52,6.19,0.942,1.3051
2012-11-07,1.45,6.21,0.936,1.3234
2012-11-08,0.0,9.14,1.17,1.328
2012-11-09,0.0,10.62,1.283,1.2869
2012-11-10,0.0,12.19,1.401,1.2549
2012-11-11,0.0,11.07,1.299,1.2367
2012-11-12,4.79,10.68,1.257,1.2367
2012-11-13,0.0,11.1,1.281,1.3462
2012-11-14,1.84,5.14,0.802,1.3234
2012-11-15,0.0,6.37,0.892,1.2504
2012-11-16,0.0,7.82,0.998,1.223
2012-11-17,0.0,7.95,1.001,1.1911
2012-11-18,0.0,9.17,1.088,1.1682
2012-11-19,0.0,10.06,1.148,1.1545
2012-11-20,0.0,11.58,1.256,1.1545
2012-11-21,0.0,12.2,1.294,1.15
2012-11-22,0.0,11.0,1.197,1.118
2012-11-23,0.0,11.32,1.213,1.1043
2012-11-24,0.0,5.78,0.796,1.0861
2012-11-25,0.0,5.22,0.751,1.0633
2012-11-26,1.18,9.29,1.044,1.0633
2012-11-27,0.0,7.99,0.944,1.0724
2012-11-28,0.0,8.75,0.993,1.0724
2012-11-29,0.0,7.32,0.885,1.0496
2012-11-30,0.0,7.76,0.913,1.0268
2012-12-01,0.0,9.57,1.038,1.0176
2012-12-02,0.0,12.66,1.253,1.0176
2012-12-03,0.0,13.42,1.301,1.0131
2012-12-04,0.61,13.91,1.33,0.9948
2012-12-05,1.23,12.6,1.234,1.004
2012-12-06,1.35,11.08,1.123,0.9948
2012-12-07,0.0,11.01,1.114,0.972
2012-12-08,3.08,12.32,1.202,0.9811
2012-12-09,4.17,13.12,1.254,1.0222
2012-12-10,14.07,12.79,1.228,1.0861
2012-12-11,0.0,6.95,0.823,1.4055
2012-12-12,0.0,5.48,0.72,1.15
2012-12-13,0.0,7.55,0.861,1.045
2012-12-14,0.0,5.94,0.749,0.9994
2012-12-15,0.0,6.56,0.791,0.9766
2012-12-16,22.68,8.22,0.904,1.0085
2012-12-17,10.8,10.3,1.045,1.4785
2012-12-18,0.0,10.07,1.029,1.62
2012-12-19,0.0,10.44,1.054,1.2823
2012-12-20,43.88,5.03,0.685,1.8026
2012-12-21,0.0,3.0,0.547,4.4083
2012-12-22,0.0,6.22,0.767,2.3273
2012-12-23,10.95,6.65,0.797,1.766
2012-12-24,23.56,4.66,0.661,2.1859
2012-12-25,47.21,6.9,0.817,2.77
2012-12-26,0.0,7.84,0.882,8.2142
2012-12-27,0.0,4.95,0.685,5.9781
2012-12-28,8.28,3.32,0.574,4.0706
2012-12-29,0.0,3.72,0.603,3.7055
2012-12-30,0.0,3.08,0.561,3.2309
2012-12-31,0.0,3.08,0.561,2.8202
2013-01-01,18.85,5.54,0.733,2.697
2013-01-02,0.0,8.22,0.922,3.2811
2013-01-03,0.0,6.68,0.818,2.9115
2013-01-04,0.0,3.45,0.594,2.5646
2013-01-05,0.91,2.5,0.529,2.3684
2013-01-06,0.0,6.32,0.802,2.2498
2013-01-07,0.0,5.31,0.734,2.1266
2013-01-08,0.0,4.2,0.658,2.0125
2013-01-09,1.77,9.65,1.052,1.976
2013-01-10,13.34,13.51,1.336,1.9121
2013-01-11,20.51,12.06,1.238,2.6148
2013-01-12,3.4,16.88,1.596,4.1573
2013-01-13,18.86,16.06,1.545,3.418
2013-01-14,40.0,15.95,1.546,5.3392
2013-01-15,54.14,13.92,1.405,13.3252
2013-01-16,20.51,11.92,1.264,17.6148
2013-01-17,53.58,10.34,1.153,14.8311
2013-01-18,0.0,4.94,0.752,15.8351
2013-01-19,0.0,4.34,0.711,9.8114
2013-01-20,0.0,7.47,0.956,7.5296
2013-01-21,0.0,5.98,0.848,6.617
2013-01-22,0.0,1.9,0.537,5.8868
2013-01-23,0.0,3.36,0.656,5.3848
2013-01-24,0.0,4.46,0.746,5.0198
2013-01-25,3.14,-0.4,0.366,4.5634
2013-01-26,0.0,4.82,0.787,4.6547
2013-01-27,0.0,2.82,0.632,4.244
2013-01-28,0.0,5.4,0.847,4.0569
2013-01-29,17.79,11.12,1.323,3.9428
2013-01-30,59.87,12.45,1.444,11.8649
2013-01-31,0.0,3.76,0.731,7.7578
2013-02-01,0.0,1.85,0.576,6.9364
2013-02-02,5.04,-1.15,0.327,5.8868
2013-02-03,0.0,2.59,0.649,5.4761
2013-02-04,0.0,3.33,0.719,5.111
2013-02-05,0.0,6.98,1.042,4.7916
2013-02-06,0.0,10.12,1.327,4.6091
2013-02-07,10.89,5.46,0.926,4.3854
2013-02-08,0.0,8.74,1.227,4.4037
2013-02-09,0.0,6.51,1.037,4.1253
2013-02-10,28.86,5.66,0.969,4.0295
2013-02-11,2.48,9.23,1.305,5.9781
2013-02-12,5.21,8.78,1.275,5.5217
2013-02-13,0.0,6.81,1.102,4.9741
2013-02-14,0.0,5.18,0.959,4.6091
2013-02-15,0.0,7.04,1.144,4.3261
2013-02-16,0.0,1.83,0.655,4.1299
2013-02-17,0.0,0.35,0.517,3.9428
2013-02-18,3.27,3.56,0.835,3.8013
2013-02-19,2.39,4.48,0.933,3.8241
2013-02-20,0.0,5.2,1.013,3.7694
2013-02-21,22.51,6.58,1.16,3.5732
2013-02-22,14.1,2.1,0.717,4.4585
2013-02-23,1.16,6.16,1.138,4.8372
2013-02-24,0.0,10.05,1.548,4.6547
2013-02-25,38.07,5.24,1.064,4.1847
2013-02-26,11.29,4.04,0.946,8.2142
2013-02-27,3.39,8.3,1.405,8.1229
2013-02-28,0.0,4.36,0.997,6.115
2013-03-01,0.58,3.64,0.928,5.4305
2013-03-02,0.0,2.72,0.837,5.0198
2013-03-03,0.0,1.63,0.725,4.7003
2013-03-04,0.0,4.18,1.012,4.4722
2013-03-05,16.07,3.64,0.96,4.4128
2013-03-06,0.0,1.1,0.684,4.8829
2013-03-07,0.0,6.36,1.285,4.3763
2013-03-08,0.0,6.94,1.362,4.1573
2013-03-09,0.0,7.64,1.453,4.0021
2013-03-10,0.0,10.03,1.741,3.8926
2013-03-11,43.37,9.44,1.687,3.9291
2013-03-12,0.0,12.1,2.013,6.982
2013-03-13,0.0,4.72,1.154,5.613
2013-03-14,0.0,4.68,1.158,4.8829
2013-03-15,0.0,10.32,1.846,4.5589
2013-03-16,0.0,14.32,2.346,4.3581
2013-03-17,6.17,16.0,2.569,4.1527
2013-03-18,9.3,8.31,1.641,4.0843
2013-03-19,0.0,11.54,2.054,4.5178
2013-03-20,0.0,7.79,1.6,4.0386
2013-03-21,0.0,2.6,0.958,3.8835
2013-03-22,7.8,3.03,1.019,3.7511
2013-03-23,26.32,6.4,1.457,3.7374
2013-03-24,5.82,6.65,1.5,4.9285
2013-03-25,0.0,2.74,1.004,5.0654
2013-03-26,0.0,2.51,0.981,4.4265
2013-03-27,0.0,5.42,1.368,4.098
2013-03-28,0.0,6.37,1.504,3.92
2013-03-29,4.69,6.46,1.526,3.7739
2013-03-30,15.14,10.57,2.086,3.7055
2013-03-31,3.66,13.16,2.449,4.244
2013-04-01,0.0,14.7,2.674,4.098
2013-04-02,0.0,11.69,2.278,3.7557
2013-04-03,1.89,9.67,2.015,3.6051
2013-04-04,11.88,6.64,1.609,3.6416
2013-04-05,0.0,11.02,2.226,3.9017
2013-04-06,0.0,12.08,2.388,3.6279
2013-04-07,0.0,12.82,2.505,3.4956
2013-04-08,0.0,15.99,2.967,3.4271
2013-04-09,0.0,18.95,3.405,3.3587
2013-04-10,0.0,20.3,3.616,3.2994
2013-04-11,48.67,18.78,3.418,3.2446
2013-04-12,0.0,16.62,3.122,7.3927
2013-04-13,0.0,15.92,3.037,6.1606
2013-04-14,6.12,13.55,2.706,5.1567
2013-04-15,0.0,16.47,3.148,4.9285
2013-04-16,0.0,18.87,3.517,4.7003
2013-04-17,28.24,21.34,3.899,4.5497
2013-04-18,8.65,19.96,3.713,5.2023
2013-04-19,27.38,15.88,3.12,5.2936
2013-04-20,0.0,10.56,2.335,7.484
2013-04-21,0.0,10.67,2.362,5.7499
2013-04-22,0.0,11.82,2.547,5.1567
2013-04-23,0.0,13.28,2.78,4.7916
2013-04-24,0.25,14.46,2.971,4.5634
2013-04-25,0.0,15.08,3.078,4.4083
2013-04-26,5.47,13.39,2.83,4.1299
2013-04-27,25.78,10.8,2.441,4.1253
2013-04-28,51.7,11.35,2.535,6.7082
2013-04-29,0.0,16.8,3.394,8.9899
2013-04-30,0.0,17.44,3.504,6.3888
2013-05-01,0.0,16.16,3.316,5.7043
2013-05-02,1.86,15.91,3.289,5.2479
2013-05-03,1.42,14.39,3.06,4.9741
2013-05-04,48.62,11.02,2.537,4.9741
2013-05-05,28.22,10.82,2.512,12.0018
2013-05-06,0.0,10.9,2.532,12.9145
2013-05-07,0.0,13.86,3.015,8.853
2013-05-08,0.0,15.29,3.252,7.4384
2013-05-09,0.0,18.77,3.821,6.6626
2013-05-10,0.0,18.46,3.782,6.2063
2013-05-11,3.58,18.6,3.814,5.9324
2013-05-12,0.0,14.74,3.198,5.6586
2013-05-13,0.0,12.25,2.802,5.3392
2013-05-14,0.0,14.54,3.181,5.111
2013-05-15,0.0,20.08,4.095,4.9285
2013-05-16,0.0,21.1,4.27,4.7916
2013-05-17,3.61,20.54,4.189,4.6547
2013-05-18,5.34,18.41,3.847,4.7003
2013-05-19,5.69,19.4,4.017,5.3848
2013-05-20,7.48,21.14,4.313,4.9741
2013-05-21,33.67,22.8,4.596,5.0198
2013-05-22,20.7,21.92,4.458,6.0237
2013-05-23,0.0,21.98,4.476,6.2519
2013-05-24,0.0,18.76,3.95,5.2479
2013-05-25,0.0,16.15,3.522,4.6091
2013-05-26,0.0,17.21,3.704,4.3444
2013-05-27,0.0,19.36,4.068,4.1481
2013-05-28,0.0,21.22,4.386,3.9839
2013-05-29,0.0,21.09,4.37,3.8561
2013-05-30,0.0,21.28,4.408,3.7329
2013-05-31,0.0,22.52,4.622,3.6188
2013-06-01,12.16,22.6,4.641,3.5595
2013-06-02,20.56,21.48,4.456,4.0934
2013-06-03,0.0,22.94,4.708,4.39
2013-06-04,0.0,21.72,4.507,3.6918
2013-06-05,39.73,21.92,4.544,3.5458
2013-06-06,3.8,20.42,4.295,5.2479
2013-06-07,8.06,22.94,4.724,4.5178
2013-06-08,0.0,21.67,4.513,4.4493
2013-06-09,55.45,22.43,4.645,4.1071
2013-06-10,11.84,21.77,4.536,10.9978
2013-06-11,0.0,24.43,4.989,7.986
2013-06-12,0.0,25.26,5.133,5.8868
2013-06-13,4.62,25.25,5.133,5.1567
2013-06-14,0.0,21.69,4.53,4.9741
2013-06-15,0.0,20.96,4.409,4.4493
2013-06-16,7.94,21.68,4.53,4.1664
2013-06-17,20.77,22.18,4.618,4.1025
2013-06-18,6.98,23.35,4.816,4.1162
2013-06-19,0.0,22.73,4.711,3.8607
2013-06-20,0.0,21.72,4.538,3.6827
2013-06-21,0.0,22.32,4.64,3.6142
2013-06-22,0.0,22.22,4.624,3.4636
2013-06-23,0.0,22.65,4.694,3.3587
2013-06-24,0.0,23.94,4.912,3.3496
2013-06-25,0.0,23.54,4.843,3.3952
2013-06-26,2.77,24.24,4.96,3.2081
2013-06-27,0.0,25.1,5.105,3.5458
2013-06-28,0.0,25.67,5.198,3.3861
2013-06-29,0.0,23.7,4.861,3.0438
2013-06-30,6.52,22.68,4.686,2.8795
2013-07-01,36.32,22.71,4.688,3.9656
2013-07-02,20.89,23.74,4.859,7.0277
2013-07-03,45.35,22.26,4.604,7.2102
2013-07-04,59.26,21.06,4.398,17.9799
2013-07-05,45.77,23.3,4.771,20.0791
2013-07-06,31.39,23.85,4.859,20.0334
2013-07-07,0.66,23.78,4.843,19.5314
2013-07-08,8.53,24.88,5.021,13.097
2013-07-09,3.57,25.14,5.059,11.8649
2013-07-10,7.57,25.09,5.045,10.1764
2013-07-11,5.94,22.77,4.65,9.6288
2013-07-12,5.35,24.07,4.861,8.7161
2013-07-13,2.4,21.67,4.453,9.1268
2013-07-14,23.64,22.49,4.583,8.9443
2013-07-15,0.21,24.34,4.883,9.9483
2013-07-16,0.0,25.26,5.029,8.3967
2013-07-17,28.16,25.68,5.09,7.7122
2013-07-18,0.0,24.7,4.917,7.8947
2013-07-19,9.25,24.66,4.902,7.0733
2013-07-20,8.93,24.44,4.858,7.2558
2013-07-21,5.7,25.12,4.958,7.3927
2013-07-22,0.62,24.34,4.822,8.4423
2013-07-23,0.0,24.4,4.819,7.1189
2013-07-24,6.23,24.93,4.896,6.6626
2013-07-25,4.75,23.69,4.683,6.3888
2013-07-26,4.15,22.72,4.513,6.3432
2013-07-27,0.0,22.78,4.512,6.2519
2013-07-28,0.0,23.19,4.568,5.9781
2013-07-29,0.0,22.84,4.501,5.7499
2013-07-30,0.0,22.9,4.498,5.5217
2013-07-31,3.46,22.16,4.366,5.4761
2013-08-01,3.45,25.26,4.852,5.4305
2013-08-02,0.0,24.08,4.649,5.2479
2013-08-03,0.0,23.84,4.598,5.0654
2013-08-04,0.0,24.86,4.745,4.9741
2013-08-05,4.71,23.65,4.54,4.8372
2013-08-06,14.86,24.4,4.644,4.8829
2013-08-07,31.15,22.57,4.341,5.4761
2013-08-08,5.99,24.03,4.555,5.2936
2013-08-09,23.71,24.84,4.667,5.0654
2013-08-10,20.51,25.48,4.749,5.0654
2013-08-11,1.69,24.68,4.61,5.4761
2013-08-12,0.0,25.2,4.674,5.1567
2013-08-13,1.9,24.88,4.606,4.8372
2013-08-14,0.0,22.52,4.226,4.6547
2013-08-15,0.0,19.14,3.693,4.4585
2013-08-16,1.47,19.2,3.688,4.3489
2013-08-17,10.34,17.76,3.453,4.2349
2013-08-18,31.53,20.12,3.796,4.4904
2013-08-19,6.03,20.84,3.888,6.3432
2013-08-20,1.77,22.36,4.099,5.5217
2013-08-21,13.3,22.36,4.082,4.9285
2013-08-22,13.25,23.96,4.3,4.8372
2013-08-23,5.15,24.18,4.314,4.3672
2013-08-24,0.0,22.0,3.974,4.1253
2013-08-25,0.0,20.32,3.709,3.5549
2013-08-26,0.0,20.85,3.767,3.3222
2013-08-27,0.0,22.32,3.961,3.2035
2013-08-28,0.0,23.86,4.165,3.0849
2013-08-29,0.0,25.71,4.409,2.9662
2013-08-30,0.0,23.84,4.12,2.8521
2013-08-31,21.35,25.42,4.322,3.094
2013-09-01,2.63,24.78,4.208,2.9754
2013-09-02,0.0,23.9,4.062,2.6879
2013-09-03,2.48,24.8,4.164,2.7563
2013-09-04,0.0,23.03,3.895,2.6559
2013-09-05,0.0,23.74,3.971,2.4551
2013-09-06,0.0,21.99,3.708,2.3639
2013-09-07,0.0,22.1,3.7,2.3045
2013-09-08,0.0,23.3,3.841,2.2954
2013-09-09,0.0,23.42,3.834,2.2726
2013-09-10,0.0,23.68,3.845,2.2361
2013-09-11,0.0,23.73,3.828,2.2133
2013-09-12,2.51,23.78,3.811,2.2498
2013-09-13,0.0,22.21,3.579,2.0079
2013-09-14,0.0,17.66,2.962,1.8847
2013-09-15,0.0,19.08,3.126,1.8254
2013-09-16,0.0,22.38,3.531,1.8208
2013-09-17,0.0,18.93,3.065,1.7569
2013-09-18,0.0,19.23,3.081,1.7113
2013-09-19,0.0,20.68,3.244,1.7113
2013-09-20,0.0,21.58,3.334,1.7067
2013-09-21,35.77,18.04,2.869,2.0672
2013-09-22,0.0,19.08,2.977,3.7876
2013-09-23,0.0,18.48,2.882,2.3228
2013-09-24,25.1,17.4,2.73,2.0764
2013-09-25,8.38,16.35,2.582,3.0757
2013-09-26,0.0,19.18,2.901,3.199
2013-09-27,0.0,18.0,2.739,2.4232
2013-09-28,0.0,16.62,2.555,2.1631
2013-09-29,0.0,15.79,2.439,2.0353
2013-09-30,0.0,17.16,2.579,1.9577
2013-10-01,0.0,18.35,2.696,1.9075
2013-10-02,0.0,19.42,2.796,1.8482
2013-10-03,0.0,19.99,2.839,1.7889
2013-10-04,0.0,20.74,2.901,1.7478
2013-10-05,0.0,21.19,2.927,1.7158
2013-10-06,39.76,20.54,2.831,1.6793
2013-10-07,0.0,19.77,2.724,3.1944
2013-10-08,0.0,16.77,2.373,2.551
2013-10-09,0.0,15.64,2.232,1.9349
2013-10-10,0.0,16.74,2.331,1.7889
2013-10-11,0.0,17.88,2.432,1.725
2013-10-12,0.0,18.16,2.44,1.6702
2013-10-13,0.0,17.61,2.363,1.6428
2013-10-14,0.0,18.1,2.393,1.6793
2013-10-15,0.0,16.64,2.223,1.6291
2013-10-16,2.85,16.07,2.145,1.5926
2013-10-17,4.87,15.72,2.091,1.6246
2013-10-18,0.0,15.37,2.038,1.6611
2013-10-19,0.56,13.2,1.805,1.5653
2013-10-20,0.0,11.74,1.645,1.5151
2013-10-21,0.57,12.13,1.669,1.4557
2013-10-22,0.0,14.2,1.855,1.442
2013-10-23,0.0,10.29,1.464,1.4284
2013-10-24,0.0,7.96,1.23,1.3645
2013-10-25,0.0,6.64,1.095,1.3599
2013-10-26,0.0,5.88,1.015,1.3371
2013-10-27,2.88,10.42,1.425,1.3325
2013-10-28,1.33,12.72,1.624,1.3599
2013-10-29,0.0,14.3,1.753,1.3508
2013-10-30,0.0,16.64,1.95,1.3325
2013-10-31,10.16,15.26,1.809,1.3325
2013-11-01,2.6,18.0,2.036,1.5653
2013-11-02,0.0,11.9,1.483,1.725
2013-11-03,0.0,9.28,1.243,1.3964
2013-11-04,0.0,8.51,1.166,1.3188
2013-11-05,1.82,9.2,1.215,1.2823
2013-11-06,1.32,12.22,1.461,1.2914
2013-11-07,0.0,14.6,1.65,1.3964
2013-11-08,0.0,7.78,1.066,1.3188
2013-11-09,0.0,6.7,0.969,1.2686
2013-11-10,0.0,12.2,1.413,1.2549
2013-11-11,0.0,9.52,1.183,1.2413
2013-11-12,0.0,8.58,1.098,1.2276
2013-11-13,0.0,2.27,0.583,1.2047
2013-11-14,0.0,4.82,0.782,1.2047
2013-11-15,6.97,3.85,0.7,1.2093
2013-11-16,0.79,10.24,1.195,1.3371
2013-11-17,22.99,12.75,1.382,1.442
2013-11-18,0.0,15.78,1.607,2.5966
2013-11-19,0.0,7.89,0.99,1.798
2013-11-20,0.0,6.43,0.872,1.4649
2013-11-21,5.97,7.28,0.93,1.3964
2013-11-22,0.42,11.9,1.272,1.5789
2013-11-23,0.0,11.34,1.222,1.6018
2013-11-24,0.0,2.84,0.583,1.4329
2013-11-25,38.57,0.66,0.418,1.3416
2013-11-26,59.58,3.45,0.621,8.3054
2013-11-27,0.0,3.42,0.615,9.6288
2013-11-28,0.0,1.06,0.441,4.7003
2013-11-29,0.0,4.57,0.692,3.6142
2013-11-30,0.0,3.04,0.578,3.0347
2013-12-01,0.0,6.49,0.822,2.697
2013-12-02,2.64,7.68,0.903,2.4642
2013-12-03,1.05,8.26,0.941,2.3182
2013-12-04,4.57,12.06,1.204,2.2224
2013-12-05,29.97,15.32,1.429,2.3821
2013-12-06,12.77,17.4,1.57,7.5296
2013-12-07,1.09,13.2,1.271,7.6209
2013-12-08,33.97,5.64,0.741,5.613
2013-12-09,17.7,6.96,0.83,9.4919
2013-12-10,0.0,7.52,0.867,8.9899
2013-12-11,0.0,3.4,0.58,6.5713
2013-12-12,0.0,2.87,0.542,5.4305
2013-12-13,0.0,3.24,0.566,4.8372
2013-12-14,30.66,2.82,0.537,5.4305
2013-12-15,0.0,5.86,0.744,6.0237
2013-12-16,0.0,5.68,0.731,4.8829
2013-12-17,0.0,7.58,0.86,4.4265
2013-12-18,0.0,5.6,0.725,4.1208
2013-12-19,0.0,7.76,0.871,3.8196
2013-12-20,0.0,7.72,0.869,3.6553
2013-12-21,16.92,11.28,1.111,3.6781
2013-12-22,87.31,14.96,1.364,8.488
2013-12-23,0.0,11.79,1.148,17.1128
2013-12-24,0.0,2.21,0.493,8.5792
2013-12-25,0.0,-0.89,0.281,6.7539
2013-12-26,0.0,3.13,0.558,6.0237
2013-12-27,0.0,3.88,0.61,5.4761
2013-12-28,30.37,2.14,0.492,5.111
2013-12-29,0.0,6.8,0.814,7.3471
2013-12-30,0.0,6.59,0.802,6.3432
2013-12-31,0.0,4.85,0.683,5.5217
2014-01-01,0.0,3.8,0.612,5.0654
2014-01-02,5.02,3.01,0.559,4.9285
2014-01-03,0.0,-3.32,0.117,4.7003
2014-01-04,1.1,-2.74,0.158,4.4128
2014-01-05,8.44,1.16,0.435,4.3398
2014-01-06,0.0,-2.42,0.183,4.5087
2014-01-07,0.0,-8.77,0.0,4.0751
2014-01-08,0.0,-2.73,0.162,3.9519
2014-01-09,10.6,0.56,0.399,3.8743
2014-01-10,31.61,4.02,0.651,4.5087
2014-01-11,24.02,10.1,1.096,9.8114
2014-01-12,0.0,7.56,0.917,8.7161
2014-01-13,9.23,6.32,0.831,6.1606
2014-01-14,0.46,7.54,0.925,5.7043
2014-01-15,0.0,3.29,0.615,5.111
2014-01-16,0.0,0.75,0.43,4.746
2014-01-17,0.0,2.16,0.539,4.463
2014-01-18,0.0,-0.51,0.34,4.2394
2014-01-19,0.0,3.02,0.611,4.0797
2014-01-20,0.0,8.58,1.042,3.9245
2014-01-21,0.0,3.52,0.658,3.7557
2014-01-22,0.0,-4.3,0.055,3.596
2014-01-23,0.0,-3.89,0.087,3.4682
2014-01-24,0.0,-6.88,0.0,3.2857
2014-01-25,0.0,-4.62,0.031,3.2765
2014-01-26,0.0,3.2,0.658,3.3039
2014-01-27,0.0,6.2,0.905,3.2126
2014-01-28,4.24,-1.59,0.278,3.1168
2014-01-29,0.0,-4.05,0.078,3.0392
2014-01-30,0.0,-3.91,0.09,2.875
2014-01-31,0.0,2.71,0.643,2.8567
2014-02-01,0.0,4.7,0.816,2.8339
2014-02-02,13.75,8.75,1.166,2.8339
2014-02-03,3.1,10.33,1.311,3.7922
2014-02-04,20.27,4.97,0.86,3.6462
2014-02-05,0.0,8.34,1.161,4.3672
2014-02-06,0.0,2.4,0.649,4.0934
2014-02-07,0.0,4.36,0.829,3.5503
2014-02-08,0.0,5.82,0.966,3.3176
2014-02-09,0.0,6.43,1.03,3.1716
2014-02-10,1.63,3.48,0.771,3.0484
2014-02-11,3.96,0.7,0.523,2.9936
2014-02-12,23.77,-1.47,0.327,3.0301
2014-02-13,0.0,2.83,0.731,3.6097
2014-02-14,1.78,6.29,1.063,3.3313
2014-02-15,0.0,4.52,0.904,3.3313
2014-02-16,0.0,7.48,1.197,3.1442
2014-02-17,1.76,5.42,1.008,3.0347
2014-02-18,5.91,9.96,1.46,3.0621
2014-02-19,2.06,12.69,1.742,3.3815
2014-02-20,23.83,14.7,1.957,3.5138
2014-02-21,0.0,12.69,1.773,4.6547
2014-02-22,0.0,10.14,1.531,4.4858
2014-02-23,0.0,11.68,1.701,3.8013
2014-02-24,0.0,10.58,1.603,3.5093
2014-02-25,0.0,9.54,1.51,3.2811
2014-02-26,0.0,5.97,1.149,3.1625
2014-02-27,0.0,3.46,0.894,2.9936
2014-02-28,0.0,2.14,0.761,2.875
2014-03-01,0.0,5.43,1.121,2.7837
2014-03-02,2.63,13.24,1.977,2.7107
2014-03-03,3.09,10.12,1.654,2.7381
2014-03-04,0.0,1.86,0.756,2.6742
2014-03-05,0.0,6.76,1.308,2.5373
2014-03-06,17.41,2.84,0.879,2.5053
2014-03-07,2.45,7.6,1.425,2.9845
2014-03-08,0.0,10.93,1.816,2.7289
2014-03-09,0.0,12.04,1.959,2.5236
2014-03-10,0.0,13.72,2.169,2.4323
2014-03-11,3.99,16.16,2.471,2.3821
2014-03-12,2.55,13.7,2.202,2.4597
2014-03-13,0.0,4.5,1.127,2.3365
2014-03-14,0.0,7.09,1.446,2.2087
2014-03-15,3.47,10.82,1.906,2.1904
2014-03-16,43.48,6.99,1.457,2.77
2014-03-17,6.6,4.17,1.122,4.1573
2014-03-18,0.63,5.72,1.322,3.7146
2014-03-19,0.26,7.23,1.519,3.1807
2014-03-20,0.0,11.68,2.087,2.9252
2014-03-21,0.0,9.64,1.844,2.6742
2014-03-22,0.0,13.04,2.29,2.5601
2014-03-23,0.77,10.37,1.965,2.5099
2014-03-24,1.59,5.61,1.366,2.4323
2014-03-25,0.0,3.48,1.1,2.3639
2014-03-26,0.0,4.38,1.225,2.2771
2014-03-27,2.01,6.65,1.531,2.2087
2014-03-28,11.77,7.36,1.635,2.268
2014-03-29,7.88,13.1,2.409,2.7152
2014-03-30,0.0,11.14,2.162,3.0894
2014-03-31,0.0,13.75,2.528,2.5418
2014-04-01,0.0,16.5,2.916,2.4004
2014-04-02,0.0,18.66,3.229,2.3
2014-04-03,0.0,18.44,3.219,2.2315
2014-04-04,0.0,17.66,3.131,2.1904
2014-04-05,0.0,15.04,2.785,2.1311
2014-04-06,61.49,11.24,2.27,2.0535
2014-04-07,29.33,9.94,2.1,7.0277
2014-04-08,0.0,11.84,2.381,7.2102
2014-04-09,0.0,12.3,2.459,4.9285
2014-04-10,0.0,13.08,2.585,4.0478
2014-04-11,0.0,14.22,2.761,3.6142
2014-04-12,0.0,17.34,3.226,3.3678
2014-04-13,0.0,17.82,3.313,3.1944
2014-04-14,29.16,14.67,2.87,3.0849
2014-04-15,3.05,13.3,2.683,4.6091
2014-04-16,0.0,6.56,1.703,4.1345
2014-04-17,0.0,8.72,2.031,3.5503
2014-04-18,15.63,8.99,2.082,3.3769
2014-04-19,6.32,12.3,2.585,4.098
2014-04-20,0.0,15.66,3.101,3.7466
2014-04-21,0.0,15.8,3.135,3.4408
2014-04-22,0.0,14.93,3.018,3.2857
2014-04-23,0.0,18.53,3.578,3.1396
2014-04-24,0.0,15.32,3.101,2.9206
2014-04-25,0.0,17.47,3.444,2.8156
2014-04-26,0.0,17.57,3.473,2.7198
2014-04-27,0.0,19.32,3.757,2.6011
2014-04-28,8.18,19.37,3.778,2.5738
2014-04-29,4.23,20.6,3.985,2.6787
2014-04-30,1.65,19.0,3.749,2.7837
2014-05-01,0.0,16.56,3.379,2.5601
2014-05-02,0.0,15.1,3.161,2.3958
2014-05-03,0.0,15.96,3.308,2.3
2014-05-04,0.0,19.21,3.832,2.2133
2014-05-05,0.0,22.24,4.327,2.1448
2014-05-06,0.0,22.71,4.415,2.0627
2014-05-07,0.0,21.2,4.187,2.0079
2014-05-08,0.0,21.48,4.245,1.9166
2014-05-09,7.74,18.48,3.775,1.9029
2014-05-10,3.0,18.5,3.788,2.1129
2014-05-11,0.0,20.62,4.141,2.1037
2014-05-12,0.0,21.86,4.351,1.8847
2014-05-13,0.0,22.66,4.493,1.8299
2014-05-14,70.67,20.49,4.151,1.7843
2014-05-15,8.64,17.77,3.717,8.6249
2014-05-16,2.01,12.32,2.834,5.3848
2014-05-17,4.43,10.52,2.544,3.6964
2014-05-18,2.22,10.3,2.514,3.2765
2014-05-19,0.0,14.81,3.262,3.0575
2014-05-20,0.0,17.54,3.718,2.7472
2014-05-21,0.0,20.18,4.163,2.5418
2014-05-22,0.0,22.55,4.563,2.3821
2014-05-23,0.0,24.06,4.823,2.2452
2014-05-24,0.0,21.44,4.395,2.1311
2014-05-25,9.79,20.33,4.217,2.373
2014-05-26,1.05,20.95,4.328,2.7563
2014-05-27,4.2,22.16,4.536,2.3365
2014-05-28,0.0,22.52,4.603,2.0855
2014-05-29,12.01,22.92,4.676,1.9531
2014-05-30,0.77,23.37,4.758,2.2178
2014-05-31,0.0,21.9,4.516,2.3182
2014-06-01,0.0,21.22,4.408,2.0125
2014-06-02,0.0,19.54,4.13,1.8801
2014-06-03,0.0,21.3,4.432,1.7752
2014-06-04,0.0,22.91,4.707,1.7204
2014-06-05,0.56,23.76,4.856,1.6474
2014-06-06,2.29,23.85,4.875,1.5744
2014-06-07,15.04,23.39,4.801,1.5653
2014-06-08,0.0,23.68,4.854,2.3912
2014-06-09,4.97,22.99,4.74,1.766
2014-06-10,6.84,23.3,4.794,1.5607
2014-06-11,11.35,21.99,4.576,1.8026
2014-06-12,7.98,21.97,4.574,2.4779
2014-06-13,4.19,21.98,4.577,2.2315
2014-06-14,0.0,22.28,4.63,2.0581
2014-06-15,0.0,23.38,4.819,1.6885
2014-06-16,6.19,24.73,5.049,1.5607
2014-06-17,0.0,25.17,5.125,2.2817
2014-06-18,0.0,24.97,5.091,1.766
2014-06-19,1.63,25.36,5.158,2.2543
2014-06-20,0.0,24.76,5.057,1.7067
2014-06-21,0.0,24.97,5.091,1.5424
2014-06-22,0.0,25.18,5.125,1.4238
2014-06-23,6.48,24.36,4.987,1.3553
2014-06-24,7.63,23.24,4.795,2.0718
2014-06-25,0.0,24.54,5.013,1.7524
2014-06-26,0.0,24.49,5.003,1.4512
2014-06-27,5.42,24.01,4.919,1.3553
2014-06-28,12.26,23.44,4.819,1.4147
2014-06-29,13.59,24.13,4.934,1.9303
2014-06-30,9.66,23.01,4.741,3.2218
2014-07-01,0.0,25.34,5.132,2.2269
2014-07-02,0.0,26.34,5.297,1.725
2014-07-03,0.0,25.51,5.152,1.4831
2014-07-04,0.0,22.94,4.715,1.3553
2014-07-05,0.0,20.8,4.35,1.2595
2014-07-06,0.0,21.91,4.532,1.2184
2014-07-07,0.0,23.42,4.783,1.1956
2014-07-08,8.48,23.46,4.784,1.1774
2014-07-09,4.97,23.82,4.839,1.1637
2014-07-10,9.35,23.88,4.843,1.2549
2014-07-11,13.68,24.6,4.956,1.5653
2014-07-12,0.0,24.7,4.967,2.3775
2014-07-13,0.0,25.17,5.037,1.401
2014-07-14,5.74,24.94,4.99,1.3234
2014-07-15,0.0,24.32,4.879,1.2276
2014-07-16,0.0,22.62,4.59,1.1454
2014-07-17,0.0,21.18,4.344,1.0633
2014-07-18,40.9,19.0,3.973,1.3964
2014-07-19,40.27,18.3,3.852,6.2975
2014-07-20,11.72,22.02,4.457,5.3848
2014-07-21,8.52,23.02,4.614,3.5275
2014-07-22,0.0,24.42,4.833,3.1898
2014-07-23,19.65,24.62,4.857,2.6605
2014-07-24,0.0,24.38,4.806,3.1807
2014-07-25,0.0,24.17,4.761,2.519
2014-07-26,0.0,23.81,4.692,2.1448
2014-07-27,1.51,25.42,4.942,1.9166
2014-07-28,0.0,24.14,4.721,1.7706
2014-07-29,0.0,20.78,4.166,1.6428
2014-07-30,0.0,19.5,3.949,1.5196
2014-07-31,1.49,18.25,3.738,1.4649
2014-08-01,0.0,21.67,4.276,1.5424
2014-08-02,1.55,21.3,4.205,1.5242
2014-08-03,5.53,23.21,4.497,1.7706
2014-08-04,0.0,23.82,4.58,1.9258
2014-08-05,0.0,23.7,4.547,2.2635
2014-08-06,0.0,23.2,4.454,1.6656
2014-08-07,2.23,24.43,4.633,1.4831
2014-08-08,21.67,21.21,4.113,1.6246
2014-08-09,19.94,24.22,4.57,2.446
2014-08-10,0.0,21.32,4.102,3.9382
2014-08-11,0.0,23.79,4.471,2.8293
2014-08-12,0.0,25.08,4.655,2.2406
2014-08-13,0.0,21.94,4.153,1.8984
2014-08-14,0.0,21.32,4.041,1.6656
2014-08-15,0.0,22.3,4.175,1.547
2014-08-16,0.0,22.41,4.176,1.4557
2014-08-17,3.8,23.52,4.327,1.3964
2014-08-18,6.96,23.1,4.247,1.4694
2014-08-19,0.0,24.49,4.438,1.474
2014-08-20,1.94,25.28,4.538,1.3371
2014-08-21,5.38,25.38,4.532,1.2686
2014-08-22,0.0,25.95,4.596,1.2549
2014-08-23,6.05,26.18,4.61,1.1911
2014-08-24,0.0,23.74,4.229,1.1728
2014-08-25,0.0,22.6,4.041,1.1545
2014-08-26,0.0,21.4,3.847,1.1317
2014-08-27,0.0,22.2,3.944,1.0907
2014-08-28,0.0,23.92,4.173,1.0587
2014-08-29,0.0,24.34,4.212,1.0222
2014-08-30,38.89,23.71,4.1,1.0131
2014-08-31,0.0,24.56,4.199,1.6839
2014-09-01,0.0,25.44,4.301,1.369
2014-09-02,27.0,25.58,4.297,1.2047
2014-09-03,0.0,25.78,4.302,1.0678
2014-09-04,17.52,24.52,4.102,1.1637
2014-09-05,0.0,25.34,4.192,1.2276
2014-09-06,8.09,25.12,4.138,1.0998
2014-09-07,11.85,24.68,4.054,1.1226
2014-09-08,2.68,22.42,3.721,1.871
2014-09-09,0.0,22.56,3.718,1.5379
2014-09-10,0.0,22.46,3.683,1.2093
2014-09-11,15.16,24.73,3.961,1.1819
2014-09-12,5.26,24.97,3.968,1.5424
2014-09-13,10.53,24.56,3.889,1.9303
2014-09-14,4.01,19.01,3.137,2.1037
2014-09-15,18.61,20.6,3.323,1.7524
2014-09-16,0.0,22.86,3.593,1.6976
2014-09-17,3.22,22.06,3.465,1.4284
2014-09-18,0.0,20.8,3.282,1.296
2014-09-19,0.0,20.85,3.265,1.3599
2014-09-20,0.0,21.73,3.353,1.2504
2014-09-21,3.86,21.3,3.275,1.1363
2014-09-22,0.0,19.46,3.025,1.0815
2014-09-23,0.0,16.51,2.64,1.0268
2014-09-24,0.0,16.65,2.638,0.9948
2014-09-25,0.0,18.14,2.798,0.9766
2014-09-26,0.0,19.77,2.973,0.972
2014-09-27,0.0,20.86,3.08,0.9583
2014-09-28,1.07,19.31,2.874,0.9309
2014-09-29,3.45,18.19,2.72,0.9264
2014-09-30,0.0,20.46,2.962,1.0085
2014-10-01,0.0,19.91,2.876,0.9766
2014-10-02,7.95,20.72,2.945,0.9172
2014-10-03,19.62,18.5,2.669,0.9766
2014-10-04,0.0,11.98,1.913,1.8071
2014-10-05,0.0,10.31,1.711,1.1089
2014-10-06,7.69,12.58,1.949,0.9857
2014-10-07,7.45,15.28,2.23,1.0633
2014-10-08,1.62,20.64,2.795,1.4329
2014-10-09,9.22,19.72,2.673,1.2093
2014-10-10,3.98,20.31,2.713,1.2002
2014-10-11,9.55,21.52,2.818,1.0815
2014-10-12,9.6,17.09,2.328,1.2914
2014-10-13,19.36,17.22,2.322,1.4329
2014-10-14,80.47,17.6,2.341,7.3471
2014-10-15,0.79,13.28,1.878,11.0435
2014-10-16,0.0,13.24,1.857,4.7003
2014-10-17,0.0,15.62,2.082,3.4271
2014-10-18,0.0,15.0,2.002,2.7426
2014-10-19,0.0,13.48,1.832,2.2635
2014-10-20,0.0,13.22,1.791,2.0307
2014-10-21,0.0,13.93,1.845,1.8801
2014-10-22,0.0,12.72,1.712,1.7158
2014-10-23,0.0,12.04,1.632,1.5972
2014-10-24,0.0,12.12,1.625,1.5333
2014-10-25,0.0,14.7,1.853,1.474
2014-10-26,0.0,17.6,2.108,1.4238
2014-10-27,0.0,17.79,2.108,1.369
2014-10-28,0.0,17.54,2.066,1.3416
2014-10-29,0.4,15.27,1.842,1.3097
2014-10-30,0.0,11.52,1.488,1.2778
2014-10-31,0.0,9.54,1.299,1.2458
2014-11-01,0.0,5.91,0.966,1.2047
2014-11-02,0.0,6.36,0.997,1.1819
2014-11-03,0.0,8.98,1.216,1.1819
2014-11-04,0.0,11.66,1.437,1.1682
2014-11-05,0.91,11.94,1.45,1.1545
2014-11-06,2.45,14.38,1.644,1.1774
2014-11-07,0.0,10.3,1.287,1.1637
2014-11-08,0.0,7.94,1.08,1.1089
2014-11-09,0.0,10.53,1.286,1.1043
2014-11-10,0.0,11.04,1.317,1.0861
2014-11-11,0.0,12.73,1.445,1.0678
2014-11-12,0.0,14.22,1.554,1.0496
2014-11-13,0.0,8.6,1.091,1.0405
2014-11-14,0.0,3.14,0.648,1.0222
2014-11-15,0.0,0.47,0.432,0.9948
2014-11-16,40.93,5.06,0.789,0.9948
2014-11-17,7.06,6.47,0.893,2.9252
2014-11-18,0.0,-2.8,0.17,2.5875
2014-11-19,0.0,-0.6,0.338,1.5151
2014-11-20,0.0,4.34,0.713,1.3416
2014-11-21,0.0,7.91,0.978,1.2732
2014-11-22,3.79,6.0,0.828,1.2047
2014-11-23,58.54,7.66,0.947,2.1037
2014-11-24,0.0,15.48,1.522,6.6626
2014-11-25,4.74,12.27,1.276,3.7329
2014-11-26,0.0,9.41,1.058,3.0484
2014-11-27,0.0,4.53,0.696,2.5646
2014-11-28,0.0,2.53,0.547,2.2269
2014-11-29,0.0,5.4,0.751,2.0764
2014-11-30,0.0,9.78,1.063,1.9623
2014-12-01,0.0,13.54,1.326,1.8619
2014-12-02,0.0,13.42,1.312,1.7934
2014-12-03,0.0,13.42,1.306,1.7295
2014-12-04,1.43,12.59,1.242,1.6702
2014-12-05,9.6,9.18,0.997,1.6565
2014-12-06,7.95,10.76,1.104,2.017
2014-12-07,0.0,9.31,0.999,2.1996
2014-12-08,0.0,3.5,0.592,1.8071
2014-12-09,0.0,4.52,0.661,1.7432
2014-12-10,0.0,5.18,0.704,1.6839
2014-12-11,0.0,4.62,0.664,1.5881
2014-12-12,0.0,7.1,0.834,1.5242
2014-12-13,0.0,9.07,0.967,1.4877
2014-12-14,0.0,10.93,1.093,1.4649
2014-12-15,5.74,8.44,0.921,1.442
2014-12-16,0.0,8.6,0.931,1.547
2014-12-17,0.0,7.62,0.863,1.5561
2014-12-18,0.0,7.48,0.852,1.4466
2014-12-19,1.27,6.64,0.795,1.4147
2014-12-20,0.41,4.08,0.62,1.4147
2014-12-21,0.69,6.79,0.805,1.4147
2014-12-22,15.14,6.07,0.756,1.4147
2014-12-23,54.68,7.99,0.888,1.8619
2014-12-24,5.23,9.17,0.97,7.3015
2014-12-25,0.0,7.64,0.866,5.2023
2014-12-26,0.0,7.35,0.847,3.7466
2014-12-27,1.38,8.42,0.922,3.1761
2014-12-28,19.59,10.42,1.062,2.9388
2014-12-29,0.0,12.81,1.229,2.8886
2014-12-30,0.0,8.32,0.921,2.7426
2014-12-31,0.0,4.81,0.68,2.4734
2015-01-01,0.0,4.85,0.685,2.3502
2015-01-02,20.64,5.14,0.708,2.3045
2015-01-03,66.84,8.99,0.98,3.4773
2015-01-04,8.94,12.22,1.211,11.6824
2015-01-05,0.0,5.5,0.741,7.6665
2015-01-06,0.0,4.83,0.696,5.4305
2015-01-07,0.0,-0.17,0.344,4.6547
2015-01-08,0.0,-7.22,0.0,4.0751
2015-01-09,0.0,-3.3,0.122,3.7876
2015-01-10,0.0,-0.9,0.296,3.5503
2015-01-11,8.97,-0.54,0.324,3.3496
2015-01-12,3.67,3.86,0.646,3.5823
2015-01-13,1.03,6.04,0.81,3.523
2015-01-14,0.0,3.46,0.624,3.2811
2015-01-15,0.0,2.58,0.563,3.1396
2015-01-16,0.0,6.04,0.825,2.9845
2015-01-17,0.0,5.57,0.795,2.8248
2015-01-18,0.0,6.48,0.869,2.7563
2015-01-19,0.0,9.9,1.135,2.6285
2015-01-20,0.0,10.36,1.178,2.5281
2015-01-21,0.0,9.36,1.11,2.4506
2015-01-22,3.9,6.46,0.891,2.373
2015-01-23,22.83,3.15,0.639,2.624
2015-01-24,0.0,6.06,0.873,3.7648
2015-01-25,2.6,5.8,0.859,3.0529
2015-01-26,0.0,2.7,0.618,2.7974
2015-01-27,0.0,2.76,0.627,2.6103
2015-01-28,0.0,3.62,0.702,2.4779
2015-01-29,0.0,4.11,0.747,2.3821
2015-01-30,0.0,4.22,0.763,2.3365
2015-01-31,0.0,3.39,0.7,2.2452
2015-02-01,34.47,4.33,0.785,2.2452
2015-02-02,0.0,4.39,0.797,4.3718
2015-02-03,0.0,1.57,0.562,3.5412
2015-02-04,0.0,2.71,0.665,3.1031
2015-02-05,0.0,3.28,0.72,2.8704
2015-02-06,0.0,1.9,0.606,2.6422
2015-02-07,0.0,6.88,1.052,2.5236
2015-02-08,5.0,10.01,1.34,2.4688
2015-02-09,6.28,9.54,1.31,2.4369
2015-02-10,0.0,9.11,1.282,2.414
2015-02-11,0.0,7.36,1.133,2.2771
2015-02-12,0.0,3.0,0.74,2.195
2015-02-13,0.0,0.07,0.474,2.0992
2015-02-14,0.0,4.06,0.853,2.0672
2015-02-15,0.0,-0.73,0.406,2.0216
2015-02-16,28.95,-2.84,0.207,2.0535
2015-02-17,0.0,-0.09,0.475,3.0119
2015-02-18,0.0,-3.49,0.148,2.5555
2015-02-19,0.0,-8.82,0.0,2.1904
2015-02-20,0.46,-6.44,0.0,2.0307
2015-02-21,14.98,-3.1,0.19,2.373
2015-02-22,0.48,6.61,1.174,2.624
2015-02-23,6.18,8.07,1.333,2.8156
2015-02-24,1.09,-0.59,0.454,2.8339
2015-02-25,13.39,-0.79,0.437,2.624
2015-02-26,0.0,1.16,0.645,2.6924
2015-02-27,0.0,2.72,0.816,2.5053
2015-02-28,0.86,2.94,0.847,2.4551
2015-03-01,0.74,5.44,1.122,2.4825
2015-03-02,0.44,11.86,1.828,2.7609
2015-03-03,5.06,10.43,1.687,3.2492
2015-03-04,5.03,14.57,2.158,3.2857
2015-03-05,3.9,13.07,2.009,3.3861
2015-03-06,0.0,3.52,0.956,3.3587
2015-03-07,0.0,6.93,1.348,3.0392
2015-03-08,0.52,10.69,1.789,2.8339
2015-03-09,2.38,10.51,1.783,2.7015
2015-03-10,1.21,13.69,2.165,2.6742
2015-03-11,1.25,16.74,2.539,2.5646
2015-03-12,1.56,14.44,2.289,2.4962
2015-03-13,17.61,9.84,1.761,2.4597
2015-03-14,2.88,13.16,2.172,3.5458
2015-03-15,0.0,17.8,2.747,3.7238
2015-03-16,0.0,17.37,2.717,3.1305
2015-03-17,0.0,17.26,2.724,2.8932
2015-03-18,3.11,14.4,2.392,2.7107
2015-03-19,21.42,8.08,1.625,2.8567
2015-03-20,0.0,12.88,2.237,3.1442
2015-03-21,0.0,14.85,2.502,2.7974
2015-03-22,6.44,12.31,2.197,2.6422
2015-03-23,0.0,14.89,2.542,2.6742
2015-03-24,0.0,14.9,2.562,2.5008
2015-03-25,1.67,13.32,2.375,2.414
2015-03-26,2.14,17.76,2.97,2.4095
2015-03-27,0.0,10.44,2.028,2.3958
2015-03-28,0.0,4.84,1.302,2.2224
2015-03-29,9.4,5.16,1.352,2.1311
2015-03-30,0.0,9.73,1.973,2.341
2015-03-31,0.0,14.44,2.622,2.3684
2015-04-01,0.0,16.03,2.853,2.1859
2015-04-02,6.75,12.7,2.416,2.1174
2015-04-03,9.9,19.48,3.362,2.2589
2015-04-04,0.0,14.58,2.705,2.5053
2015-04-05,0.0,9.2,1.974,2.3228
2015-04-06,28.16,9.08,1.968,2.2133
2015-04-07,2.57,17.34,3.141,4.6547
2015-04-08,0.0,21.56,3.755,4.4128
2015-04-09,0.0,21.39,3.751,3.5549
2015-04-10,3.99,19.86,3.553,3.2309
2015-04-11,0.0,18.3,3.347,3.0027
2015-04-12,1.75,15.69,2.988,2.7152
2015-04-13,25.02,14.92,2.891,2.7061
2015-04-14,5.91,20.49,3.719,4.7916
2015-04-15,9.64,15.89,3.062,4.9285
2015-04-16,3.63,13.32,2.699,4.317
2015-04-17,7.5,15.38,3.017,4.0021
2015-04-18,16.19,18.34,3.472,4.0112
2015-04-19,46.79,16.73,3.246,6.115
2015-04-20,7.92,17.61,3.394,13.097
2015-04-21,0.0,13.34,2.765,7.5296
2015-04-22,2.08,14.64,2.974,5.7499
2015-04-23,0.0,14.17,2.915,5.0198
2015-04-24,8.19,14.05,2.908,4.4585
2015-04-25,2.28,13.55,2.843,4.4311
2015-04-26,0.0,18.28,3.583,4.2166
2015-04-27,0.0,14.67,3.039,3.7739
2015-04-28,0.0,13.48,2.865,3.5275
2015-04-29,1.85,12.08,2.658,3.4271
2015-04-30,1.7,14.91,3.11,3.3176
2015-05-01,0.0,13.2,2.854,3.1579
2015-05-02,0.0,15.28,3.19,2.9799
2015-05-03,0.0,16.82,3.443,2.8339
2015-05-04,0.0,18.42,3.708,2.7152
2015-05-05,0.0,18.92,3.798,2.6331
2015-05-06,0.0,19.25,3.864,2.5418
2015-05-07,0.0,19.92,3.983,2.4597
2015-05-08,0.14,21.0,4.168,2.4369
2015-05-09,0.0,21.44,4.251,2.6879
2015-05-10,0.0,22.44,4.423,2.4323
2015-05-11,0.0,23.18,4.554,2.624
2015-05-12,0.0,22.94,4.526,2.2863
2015-05-13,0.0,21.17,4.251,2.1266
2015-05-14,0.0,18.51,3.829,1.9988
2015-05-15,0.0,20.46,4.157,1.9486
2015-05-16,0.0,21.84,4.391,1.9349
2015-05-17,0.0,21.46,4.338,1.8664
2015-05-18,13.08,23.03,4.606,1.8664
2015-05-19,0.83,23.44,4.684,2.3547
2015-05-20,0.0,23.03,4.625,1.9486
2015-05-21,0.0,20.99,4.297,1.7524
2015-05-22,0.0,17.24,3.684,1.62
2015-05-23,0.0,17.71,3.768,1.5653
2015-05-24,0.0,18.77,3.952,1.5059
2015-05-25,12.67,20.08,4.175,1.4877
2015-05-26,24.86,20.72,4.29,2.0992
2015-05-27,0.0,21.35,4.401,2.7791
2015-05-28,14.01,22.32,4.57,2.1357
2015-05-29,0.0,22.05,4.531,2.3273
2015-05-30,6.15,21.74,4.485,1.7797
2015-05-31,14.41,22.17,4.563,2.0855
2015-06-01,5.34,22.13,4.561,2.0262
2015-06-02,5.18,21.74,4.502,1.9166
2015-06-03,12.71,19.82,4.182,2.2361
2015-06-04,0.0,19.74,4.173,2.414
2015-06-05,2.53,21.62,4.495,2.1129
2015-06-06,0.0,23.07,4.743,1.9988
2015-06-07,2.02,23.42,4.807,1.7067
2015-06-08,13.55,24.44,4.982,1.7569
2015-06-09,0.0,24.18,4.941,2.2452
2015-06-10,0.0,23.32,4.798,1.9258
2015-06-11,6.92,23.26,4.792,1.7432
2015-06-12,3.72,24.29,4.968,1.693
2015-06-13,0.0,25.36,5.152,1.7889
2015-06-14,0.0,25.53,5.182,1.5196
2015-06-15,0.0,26.36,5.324,1.4101
2015-06-16,0.0,26.72,5.386,1.3325
2015-06-17,0.0,26.98,5.432,1.2823
2015-06-18,8.04,26.65,5.377,1.2641
2015-06-19,1.1,26.13,5.288,1.2139
2015-06-20,7.15,25.18,5.126,1.2184
2015-06-21,0.0,25.9,5.25,1.2504
2015-06-22,0.0,26.82,5.404,1.1226
2015-06-23,0.0,26.73,5.388,1.1363
2015-06-24,7.24,27.47,5.512,1.0907
2015-06-25,0.0,27.36,5.493,1.0633
2015-06-26,8.5,26.91,5.414,1.0542
2015-06-27,6.72,23.6,4.849,1.9714
2015-06-28,0.0,21.26,4.451,1.6656
2015-06-29,0.0,20.85,4.379,1.2458
2015-06-30,0.24,22.2,4.605,1.1545
2015-07-01,9.99,22.38,4.631,1.1545
2015-07-02,33.65,21.49,4.479,1.2595
2015-07-03,5.4,22.18,4.59,2.0353
2015-07-04,12.37,23.44,4.8,1.8208
2015-07-05,2.89,22.84,4.694,1.6885
2015-07-06,0.0,23.65,4.825,1.5881
2015-07-07,0.0,24.7,4.998,1.3234
2015-07-08,0.0,25.48,5.123,1.1956
2015-07-09,0.0,26.37,5.266,1.1226
2015-07-10,0.0,26.54,5.289,1.0542
2015-07-11,0.0,25.56,5.118,1.0085
2015-07-12,0.0,24.58,4.946,0.9811
2015-07-13,0.0,26.38,5.24,0.9674
2015-07-14,13.2,24.61,4.936,1.0268
2015-07-15,0.0,24.92,4.981,1.3553
2015-07-16,0.0,24.52,4.904,1.0496
2015-07-17,0.0,25.58,5.072,0.9538
2015-07-18,0.0,26.16,5.159,0.9218
2015-07-19,0.0,26.49,5.205,0.9127
2015-07-20,3.47,26.7,5.23,0.8853
2015-07-21,0.0,26.92,5.256,0.8899
2015-07-22,0.0,25.72,5.048,0.867
2015-07-23,4.84,24.72,4.873,0.8305
2015-07-24,17.64,25.65,5.014,0.899
2015-07-25,0.0,26.31,5.111,1.0085
2015-07-26,0.0,26.94,5.201,1.3234
2015-07-27,0.0,26.48,5.114,0.9172
2015-07-28,13.35,26.6,5.121,0.9766
2015-07-29,6.52,26.45,5.084,0.9492
2015-07-30,0.0,27.18,5.189,1.2047
2015-07-31,0.0,26.2,5.016,0.9172
2015-08-01,0.0,25.82,4.942,0.8534
2015-08-02,0.0,24.41,4.702,0.7803
2015-08-03,0.0,25.28,4.828,0.7484
2015-08-04,0.0,26.2,4.959,0.7301
2015-08-05,4.24,26.38,4.973,0.7165
2015-08-06,4.14,24.57,4.671,0.721
2015-08-07,0.0,24.88,4.705,0.7575
2015-08-08,0.0,25.08,4.719,0.7073
2015-08-09,0.0,25.76,4.81,0.6891
2015-08-10,35.95,25.15,4.699,0.7849
2015-08-11,0.0,25.52,4.739,0.9264
2015-08-12,0.0,24.78,4.607,0.7712
2015-08-13,0.0,23.54,4.4,0.6936
2015-08-14,1.69,24.35,4.507,0.6663
2015-08-15,0.0,23.59,4.373,0.8169
2015-08-16,0.0,23.72,4.375,0.7986
2015-08-17,22.98,22.62,4.192,0.7484
2015-08-18,14.92,22.86,4.211,1.1956
2015-08-19,17.03,25.32,4.562,1.5242
2015-08-20,2.01,25.38,4.553,3.2081
2015-08-21,0.0,24.5,4.401,1.7022
2015-08-22,6.99,24.64,4.402,1.2549
2015-08-23,7.81,23.36,4.193,1.8756
2015-08-24,0.0,24.84,4.39,1.7889
2015-08-25,0.0,23.51,4.175,1.3097
2015-08-26,0.0,21.8,3.906,1.1135
2015-08-27,0.0,21.87,3.897,1.0222
2015-08-28,0.0,22.62,3.986,0.9674
2015-08-29,0.0,22.22,3.909,0.9446
2015-08-30,1.58,20.26,3.608,0.9264
2015-08-31,0.0,22.48,3.903,0.9309
2015-09-01,0.0,23.46,4.022,0.9081
2015-09-02,0.0,24.46,4.14,0.867
2015-09-03,0.0,25.48,4.259,0.8853
2015-09-04,0.0,25.44,4.23,1.0176
2015-09-05,1.83,23.08,3.879,0.9355
2015-09-06,0.0,23.28,3.885,0.9036
2015-09-07,0.0,22.78,3.794,0.8488
2015-09-08,2.89,23.08,3.812,0.8397
2015-09-09,8.63,22.42,3.699,0.9036
2015-09-10,3.61,23.57,3.831,0.9538
2015-09-11,1.6,23.51,3.799,0.9127
2015-09-12,0.0,20.94,3.435,0.8305
2015-09-13,0.0,15.98,2.761,0.794
2015-09-14,0.0,15.68,2.703,0.753
2015-09-15,0.0,16.8,2.831,0.7438
2015-09-16,0.0,17.05,2.843,0.7438
2015-09-17,0.0,19.13,3.091,0.7347
2015-09-18,0.0,20.02,3.182,0.721
2015-09-19,0.0,20.75,3.253,0.7165
2015-09-20,0.0,22.02,3.389,0.7073
2015-09-21,0.0,20.55,3.182,0.6982
2015-09-22,0.0,21.09,3.226,0.6982
2015-09-23,0.0,20.77,3.163,0.6982
2015-09-24,27.08,19.06,2.931,0.6936
2015-09-25,24.27,16.27,2.572,1.0724
2015-09-26,1.29,17.44,2.694,1.7387
2015-09-27,2.26,18.9,2.846,1.2139
2015-09-28,33.63,20.18,2.975,1.0496
2015-09-29,9.8,21.2,3.073,1.8026
2015-09-30,9.74,22.24,3.169,2.8476
2015-10-01,32.26,19.06,2.777,1.7706
2015-10-02,31.91,15.26,2.32,3.4408
2015-10-03,64.68,16.06,2.392,4.6547
2015-10-04,4.43,17.72,2.56,11.0435
2015-10-05,0.0,21.2,2.929,5.3392
2015-10-06,0.0,19.31,2.695,3.3861
2015-10-07,0.0,19.64,2.709,2.4916
2015-10-08,0.0,19.6,2.682,2.0353
2015-10-09,5.71,19.23,2.619,1.7615
2015-10-10,11.07,15.92,2.243,1.7432
2015-10-11,0.0,17.64,2.407,2.268
2015-10-12,6.65,17.34,2.355,1.8071
2015-10-13,0.0,17.74,2.377,1.6383
2015-10-14,0.0,16.03,2.179,1.5333
2015-10-15,0.0,16.11,2.168,1.369
2015-10-16,0.0,15.94,2.133,1.3051
2015-10-17,0.0,12.48,1.764,1.2276
2015-10-18,0.0,9.5,1.451,1.1774
2015-10-19,0.0,8.48,1.337,1.1409
2015-10-20,0.0,10.84,1.557,1.1226
2015-10-21,0.0,13.13,1.767,1.1043
2015-10-22,0.0,15.26,1.957,1.0815
2015-10-23,0.0,16.3,2.04,1.0633
2015-10-24,0.0,14.65,1.865,1.0405
2015-10-25,0.5,16.74,2.045,1.0405
2015-10-26,14.24,14.0,1.772,1.045
2015-10-27,38.77,10.9,1.47,1.3553
2015-10-28,8.48,15.62,1.89,4.5634
2015-10-29,1.18,15.07,1.823,4.4813
2015-10-30,0.0,13.16,1.636,2.7883
2015-10-31,10.79,10.32,1.368,2.1768
2015-11-01,48.92,13.14,1.606,2.1904
2015-11-02,33.08,15.12,1.765,6.5257
2015-11-03,1.31,17.32,1.943,6.982
2015-11-04,1.51,17.14,1.911,4.6091
2015-11-05,9.8,16.58,1.847,3.7968
2015-11-06,15.44,20.37,2.152,3.6188
2015-11-07,0.85,17.47,1.891,3.8013
2015-11-08,40.16,11.1,1.343,3.6005
2015-11-09,14.13,9.72,1.219,8.7618
2015-11-10,0.0,14.6,1.61,7.9404
2015-11-11,0.0,13.71,1.524,5.5217
2015-11-12,0.0,13.64,1.507,4.6547
2015-11-13,0.0,11.96,1.361,4.0523
2015-11-14,0.0,8.6,1.083,3.6051
2015-11-15,0.0,7.74,1.006,3.3176
2015-11-16,0.0,9.36,1.127,3.1351
2015-11-17,8.3,9.83,1.155,2.9343
2015-11-18,79.79,12.45,1.35,4.1345
2015-11-19,0.0,16.29,1.635,13.1883
2015-11-20,0.0,11.9,1.289,6.6626
2015-11-21,0.0,7.74,0.965,5.3848
2015-11-22,0.0,6.99,0.902,4.8372
2015-11-23,0.0,4.06,0.677,4.3489
2015-11-24,0.0,5.57,0.786,4.0204
2015-11-25,0.0,6.04,0.816,3.7557
2015-11-26,0.0,10.38,1.13,3.5549
2015-11-27,0.0,13.5,1.351,3.4089
2015-11-28,0.0,14.28,1.4,3.2994
2015-11-29,25.06,12.78,1.284,3.2628
2015-11-30,6.65,12.4,1.251,4.6091
2015-12-01,53.59,12.32,1.239,4.9285
2015-12-02,1.34,12.16,1.223,12.5038
2015-12-03,0.0,6.31,0.802,7.986
2015-12-04,0.0,5.42,0.736,6.0237
2015-12-05,0.0,6.69,0.822,5.3392
2015-12-06,0.0,8.39,0.938,4.8829
2015-12-07,0.0,9.79,1.033,4.6091
2015-12-08,0.0,9.01,0.975,4.3444
2015-12-09,0.0,8.67,0.949,4.1071
2015-12-10,0.0,11.13,1.116,3.9382
2015-12-11,0.0,14.06,1.315,3.7739
2015-12-12,0.0,15.97,1.444,3.6325
2015-12-13,8.98,14.88,1.366,3.4819
2015-12-14,7.44,14.22,1.319,3.9839
2015-12-15,0.0,14.87,1.362,4.2805
2015-12-16,14.79,13.05,1.235,3.6964
2015-12-17,6.58,10.46,1.057,4.3261
2015-12-18,0.0,5.24,0.7,4.5452
2015-12-19,0.0,3.5,0.581,3.8972
2015-12-20,0.0,4.18,0.627,3.6553
2015-12-21,17.36,5.29,0.703,3.5184
2015-12-22,8.24,11.7,1.141,4.4448
2015-12-23,71.71,15.18,1.379,5.2023
2015-12-24,36.87,16.94,1.502,22.8627
2015-12-25,19.43,17.75,1.558,15.2875
2015-12-26,3.61,19.12,1.655,12.2756
2015-12-27,13.56,18.62,1.623,10.7697
2015-12-28,71.1,17.86,1.574,11.6824
2015-12-29,4.24,17.14,1.527,33.678
2015-12-30,25.77,13.43,1.275,16.2914
2015-12-31,0.0,15.5,1.422,13.6903
